id,sales
3000888,4.86246528195248
3002670,4.1243694616548545
3004452,3.4462381286988517
3006234,4.307473496235142
3008016,1.6909880283203542
3009798,3.5036035686558207
3011580,4.031031962923104
3013362,4.081072590824102
3015144,3.912768877793613
3016926,3.4558546700022816
3018708,4.051100297636542
3020490,1.949883745866716
3022272,3.69745932351814
3024054,3.891217422649436
3025836,4.1304529557654135
3027618,4.010986649926301
3000889,0.019075266133856874
3002671,0.00959260743912044
3004453,0.004038046094686414
3006235,9.007718244242107e-05
3008017,0.0
3009799,0.020312135326029827
3011581,0.015293483444842127
3013363,0.016771270657392714
3015145,0.0047981819790551055
3016927,0.000836544136857504
3018709,0.0
3020491,0.0
3022273,0.013345052566951275
3024055,0.013285577815230239
3025837,0.012836756760363568
3027619,0.0059489730614419555
3000890,5.926222191839952
3002672,3.78404691988959
3004454,3.4135195405940464
3006236,3.7767711659663328
3008018,1.921376009818695
3009800,4.325043729030552
3011582,2.1682831118230688
3013364,3.924330732016663
3015146,2.3082420278024363
3016928,2.3481681490732824
3018710,3.9722972454187304
3020492,2.16310186563182
3022274,4.786335850858273
3024056,4.364810252722901
3025838,2.8154419672565663
3027620,4.228693255665998
3000891,2440.4216871275275
3002673,2081.252103977184
3004455,1615.780056942239
3006237,1863.2196373142351
3008019,932.2055865077633
3009801,2634.232225295051
3011583,2022.5510415282627
3013365,2335.786340899291
3015147,2019.1750608687678
3016929,2315.488701040787
3018711,2200.3116071236996
3020493,1311.2108938694187
3022275,2484.12030152798
3024057,2151.0555896487217
3025839,2335.271841160451
3027621,2134.290323822725
3000892,0.03355425699860919
3002674,0.02725258389174122
3004456,0.01986517256302339
3006238,0.009133115738685133
3008020,0.0036675213010727253
3009802,0.039880522191710004
3011584,0.030407306740284776
3013366,0.03569770982631532
3015148,0.02573684404550435
3016930,0.013189516790443659
3018712,0.001930379890402614
3020494,0.0020014586028545655
3022276,0.03110391414833757
3024058,0.00866023268570404
3025840,0.010013182582562095
3027622,0.005514915286687388
3000893,425.2525576609177
3002675,354.33270896476506
3004457,256.447706349693
3006239,283.34665855183243
3008021,148.9063220196944
3009803,425.79498247133137
3011585,333.0576245112765
3013367,375.2170825032688
3015149,301.587846738294
3016931,329.32891050871314
3018713,315.12137246384583
3020495,203.69248294611714
3022277,380.18791592337266
3024059,333.927696311702
3025841,370.6299036298169
3027623,343.2308048064454
3000894,13.10035753938655
3002676,11.109991869857794
3004458,10.074143342534017
3006240,8.696686032848167
3008022,3.23977085093539
3009804,9.825512089239195
3011586,13.042870675166059
3013368,9.630781273260306
3015150,9.366918524066811
3016932,9.81954071295611
3018714,8.426560281481548
3020496,3.364225898332041
3022278,8.968631322393053
3024060,9.347200012412229
3025842,9.30610140715707
3027624,9.378671789782016
3000895,804.4394737493817
3002677,599.7531771665062
3004459,466.6772563640977
3006241,426.12301048871706
3008023,224.84752175205358
3009805,726.9973799803448
3011587,637.8707276507729
3013369,678.3316387047475
3015151,594.9471353749599
3016933,633.9743721135245
3018715,573.568360854615
3020497,336.876520716446
3022279,720.3028388568691
3024061,641.2427629197884
3025843,703.3066657126461
3027625,667.3443547642368
3000896,868.4670595903409
3002678,653.2075242420025
3004460,543.1473953696218
3006242,596.7611749223705
3008024,339.8118472855183
3009806,851.857079981126
3011588,641.253608362235
3013370,666.0876436575173
3015152,548.3581718766018
3016934,597.5613942360584
3018716,565.1548492957503
3020498,359.3053474612459
3022280,685.4107189920629
3024062,595.7859847487636
3025844,660.1541273950953
3027626,601.0027549054561
3000897,153.84661914807668
3002679,131.2508436563927
3004461,124.43423343124914
3006243,116.90272590367353
3008025,61.513963327166174
3009807,172.37288768644285
3011589,127.5215405832073
3013371,136.00532362670197
3015153,120.83230904579034
3016935,144.54896934647638
3018717,121.81799586310645
3020499,79.60816213669777
3022281,150.0371989390055
3024063,125.56006633849864
3025845,127.74454054573425
3027627,121.70771700104166
3000898,154.35577419487404
3002680,121.91087922788934
3004462,138.23957861623694
3006244,126.72188842722149
3008026,69.76142093579729
3009808,173.51225553530116
3011590,132.19705448199218
3013372,135.4660863082855
3015154,114.70673779676406
3016936,142.5205195783037
3018718,124.22945138735345
3020500,84.31491664472544
3022282,142.69113236926447
3024064,125.73982421982065
3025846,135.06816006192187
3027628,118.25863793582072
3000899,140.4635842948362
3002681,119.74613099182152
3004463,100.03454619964964
3006245,112.62570715622803
3008027,49.09105991294218
3009809,111.46983478300042
3011591,96.62936458613227
3013373,124.04077905036878
3015155,112.92218855843697
3016937,132.26418930212404
3018719,122.09754742917472
3020501,70.21258042496218
3022283,117.56349384347443
3024065,110.28054112033686
3025847,127.28362706137746
3027629,118.35193877452461
3000900,3114.5872920366414
3002682,2331.842317273136
3004464,1918.8376305874037
3006246,1989.3311608690017
3008028,1067.2560172324304
3009810,3022.887164671359
3011592,2529.6172724556623
3013374,2778.938112902458
3015156,2402.515748334879
3016938,2705.1254828321453
3018720,2494.878995529248
3020502,1483.2653539913154
3022284,3017.5224000288304
3024066,2580.648437318827
3025848,2947.2643963175265
3027630,2715.2830547642116
3000901,21.65634631162764
3002683,18.433400201621748
3004465,16.891211451314522
3006247,16.2693068345323
3008029,4.972345098783005
3009811,19.945806829864676
3011593,17.32835060714019
3013375,19.112955624495743
3015157,17.293816487729273
3016939,18.577410145072747
3018721,16.088129125247224
3020503,5.791432163811739
3022285,18.91918886887407
3024067,16.529085840352902
3025849,19.16417675288828
3027631,17.272390179698785
3000902,1.646974427853963
3002684,1.2865009152553257
3004466,1.2678502611827136
3006248,1.2732038644095864
3008030,0.8440965390023352
3009812,1.388599485902392
3011594,1.6433490379371711
3013376,1.382747366003023
3015158,1.2326694178694735
3016940,1.2540215114325477
3018722,1.1922525793732823
3020504,0.7557456608594375
3022286,1.2595461660838592
3024068,1.4437567500236284
3025850,1.3821243256051199
3027632,1.3016871839948958
3000903,31.93497096781701
3002685,24.198286265892772
3004467,25.436678004229588
3006249,24.059767782369182
3008031,8.453943224829512
3009813,29.040692975790478
3011595,22.132211734091143
3013377,23.83359854122959
3015159,26.329522685501654
3016941,24.496786856049265
3018723,25.17677226073195
3020505,9.901103230792481
3022287,23.692929554659766
3024069,23.132260641580462
3025851,28.922731093296004
3027633,25.75087583826169
3000904,35.96040600629277
3002686,23.382443948571662
3004468,22.022406703155188
3006250,20.037392625642685
3008032,10.262478350393478
3009814,32.27822953616057
3011596,27.85028468001325
3013378,25.641848771811496
3015160,25.069432573798718
3016942,27.469437243620877
3018724,26.03733147175355
3020506,8.987182508787724
3022288,25.296485631076063
3024070,26.475767561072132
3025852,24.74346651321535
3027634,26.396213388262037
3000905,0.055536672151536924
3002687,0.04340759718345436
3004469,0.031271562489915326
3006251,0.010366072496754841
3008033,0.0041278977058849
3009815,0.059106130408300206
3011597,0.046744885653048775
3013379,0.051363996457468725
3015161,0.03637261123952284
3016943,0.022842566041297255
3018725,0.0
3020507,0.0
3022289,0.04469984575147137
3024071,0.01937399263368934
3025853,0.01799650597455534
3027635,0.010986752297355762
3000906,188.1226906997623
3002688,155.38738290436206
3004470,122.54324759666167
3006252,146.83496325816398
3008034,72.08094707499568
3009816,205.32116249247528
3011598,162.3926004373313
3013380,167.50225251004383
3015162,149.74110113131124
3016944,160.3651392197883
3018726,163.53984964660953
3020508,102.08444396260485
3022290,179.15258526857778
3024072,157.5712318552584
3025854,170.49481207813278
3027636,160.07532339491544
3000907,14.155478081236302
3002689,10.445712265489917
3004471,9.994207478637348
3006253,12.422070864902231
3008035,5.770370782907723
3009817,15.600251303938611
3011599,11.660746637300361
3013381,14.32927809256526
3015163,12.023223439650273
3016945,11.970240057533369
3018727,13.095527108894544
3020509,6.836598867734445
3022291,14.3609173092853
3024073,12.319025307961587
3025855,14.083785924018878
3027637,12.477998897500372
3000908,33.0428513627733
3002690,15.420677147562458
3004472,18.41141016785571
3006254,14.876277478722896
3008036,7.309996293813939
3009818,17.567359080539806
3011600,15.927642454244904
3013382,23.673634869707623
3015164,14.72436959982442
3016946,19.135311998859354
3018728,16.43872118990541
3020510,8.272114938449585
3022292,15.657827001858232
3024074,15.452477748930228
3025856,24.48742767914293
3027638,14.542911931468012
3000909,16.35391824237737
3002691,5.967320680272043
3004473,5.760753218792398
3006255,5.4228570837199515
3008037,1.970810622682939
3009819,9.400853367033749
3011601,4.864934164380505
3013383,6.554915785343577
3015165,7.03871970514058
3016947,7.218624481430744
3018729,6.664187256650187
3020511,2.398153239474968
3022293,8.989017888354363
3024075,7.622175628274948
3025857,7.983925440296159
3027639,7.661704176305975
3000910,120.46460861186802
3002692,107.2597887003116
3004474,126.91331654856624
3006256,127.79494771837274
3008038,39.945649559900424
3009820,87.06587121260391
3011602,72.01504796599615
3013384,105.12046453101027
3015166,85.4698501308099
3016948,117.59159818376452
3018730,107.3244430230174
3020512,49.32926838964713
3022294,68.46653142239028
3024076,81.90706194605485
3025858,92.07568983665702
3027640,78.34956820461376
3000911,6.394344445123822
3002693,7.171685869706917
3004475,7.626320381703846
3006257,7.58566230111208
3008039,3.453812995471006
3009821,7.4057307679135365
3011603,4.906448539574388
3013385,6.755228584514572
3015167,6.291460652068605
3016949,6.8141049499542845
3018731,6.1826825178358105
3020513,2.8980595699516534
3022295,6.462292163107835
3024077,5.5382288862392715
3025859,6.3369333083709405
3027641,6.085331674113295
3000912,357.7641073132457
3002694,239.56717874586852
3004476,474.45684669468386
3006258,196.7040371192824
3008040,92.37231539123025
3009822,265.04077069008986
3011604,260.03442633263154
3013386,247.4083826276271
3015168,216.7032119301557
3016950,351.39488444091313
3018732,202.2944582003765
3020514,130.51213529880584
3022296,263.04886282195935
3024078,232.69330880040124
3025860,251.1307536263445
3027642,230.12661675324594
3000913,241.91456207784321
3002695,156.4060155595086
3004477,123.40898290475286
3006259,188.9155988268831
3008041,68.87397657271248
3009823,197.90032245919477
3011605,167.57862981202132
3013387,196.58936716550946
3015169,165.33467845688128
3016951,178.90105465503981
3018733,192.8677181240432
3020515,124.59297940746156
3022297,202.50707035972445
3024079,178.73240780376352
3025861,197.5521692218232
3027643,200.48713167316393
3000914,4.3714918869392045
3002696,3.8468309636977587
3004478,3.6801342329979985
3006260,3.987943740441158
3008042,2.1318294618190965
3009824,4.072595723382427
3011606,3.8842540166583177
3013388,4.170831569446773
3015170,3.79039041950845
3016952,3.5721075338550627
3018734,3.7193598598416315
3020516,2.478779328369845
3022298,3.9125692042552784
3024080,3.753074638450375
3025862,4.117822428837201
3027644,4.168592235827347
3000915,9.640655579961487
3002697,7.904302716786731
3004479,8.262462255165921
3006261,7.86439966575731
3008043,3.233903713164873
3009825,11.596744847174193
3011607,14.317802830996433
3013389,7.324602160485848
3015171,6.511417362434172
3016953,6.334800311456479
3018735,6.534476128138611
3020517,3.521706003772781
3022299,7.927732193644779
3024081,8.826167664099279
3025863,8.126108744979133
3027645,6.765674128714944
3000916,309.56192996515114
3002698,257.21087923027534
3004480,354.1187472882372
3006262,222.30529774658189
3008044,126.14776285533793
3009826,310.63744038839764
3011608,243.62700406152692
3013390,274.94050044362376
3015172,237.85439272299936
3016954,346.8158165832604
3018736,235.4646259910023
3020518,174.204807143611
3022300,288.29357636188166
3024082,252.46718120692745
3025864,278.65847052544973
3027646,251.57495630039753
3000917,63.17301180000434
3002699,69.5052035880828
3004481,53.327087759298244
3006263,54.590440547948425
3008045,26.838912978821554
3009827,73.57580931910677
3011609,54.575442134979085
3013391,68.52076752254604
3015173,62.31242260088482
3016955,67.36816502327899
3018737,63.53687181092844
3020519,39.272137986767255
3022301,68.32018567250918
3024083,62.0758078432201
3025865,69.10617896986103
3027647,64.47000243353834
3000918,4196.250090263734
3002700,2014.1732742863987
3004482,1738.772887583882
3006264,2004.9147877886278
3008046,1183.1185978312117
3009828,2733.1121365311915
3011610,2161.078883382261
3013392,3283.563385290056
3015174,1886.0796830897152
3016956,2193.605286647804
3018738,2133.2776991846704
3020520,1485.4580010119926
3022302,2364.2336886137314
3024084,2084.61152260963
3025866,3304.1012120260716
3027648,1947.0906024162177
3000919,254.79513569788733
3002701,0.0
3004483,0.0
3006265,0.0
3008047,0.0
3009829,0.0
3011611,0.0
3013393,0.0
3015175,0.031124860196054482
3016957,0.004446999010418129
3018739,0.0
3020521,0.0
3022303,0.05126139173601657
3024085,0.020672467600250714
3025867,0.017500054794861
3027649,0.032172150504098405
3000920,27.332015870656807
3002702,23.831321075399956
3004484,31.856919844425818
3006266,18.844449682941047
3008048,8.268624335081304
3009830,20.420714302365752
3011612,22.957183085772698
3013394,23.92888547307342
3015176,21.958736179196183
3016958,31.470515892048926
3018740,23.94907277339549
3020522,10.903138680602945
3022304,22.278674827223444
3024086,22.40439635017155
3025868,26.633162107162537
3027650,22.651786686932695
3001251,5.560565140287674
3003033,5.71979989444155
3004815,5.839620864861051
3006597,8.130503413316648
3008379,8.395521707195615
3010161,3.8513938027662795
3011943,2.7486289991340573
3013725,5.581520603356942
3015507,5.47241820579329
3017289,5.712214567594445
3019071,7.524981473855384
3020853,7.834737457575218
3022635,4.6670393738088345
3024417,4.12171351829939
3026199,5.451131198227546
3027981,5.772613590786982
3001252,0.012445781465396698
3003034,0.004062125128185638
3004816,0.006011055041683423
3006598,0.0020610416699790818
3008380,0.0015333389416460309
3010162,0.02898645988700929
3011944,0.01734597994397224
3013726,0.009085043757304474
3015508,0.0003555240290521908
3017290,0.0023297349792279205
3019072,0.0
3020854,0.0
3022636,0.00200304015017959
3024418,0.0029158819452158283
3026200,0.004062255947788741
3027982,0.009925118698641018
3001253,8.561732359263111
3003035,7.417721302945455
3004817,7.746128953179439
3006599,8.446645101370471
3008381,10.963107823800266
3010163,7.4257138163850485
3011945,7.802693957717538
3013727,7.523127259519565
3015509,4.339192778333735
3017291,6.611439271699272
3019073,8.390169589558516
3020855,8.992250187989034
3022637,6.297988088940314
3024419,4.754960266956818
3026201,5.37955275371134
3027983,7.260278046515559
3001254,2570.7566076631833
3003036,2468.672030449631
3004818,2611.2934084964795
3006600,3138.3373623066673
3008382,3378.8083898678974
3010164,2356.240531988656
3011946,2075.5861204801095
3013728,2487.419142768094
3015510,2261.568190825317
3017292,2613.3316698837702
3019074,2874.357824299071
3020856,2903.720141484482
3022638,2287.4746703930223
3024420,2319.4605232018607
3026202,2469.559879021666
3027984,2388.9921162708074
3001255,0.01250161780267763
3003037,0.005345814746511405
3004819,0.009646543407037168
3006601,0.0011624891105862835
3008383,0.0025000120686890794
3010165,0.016084258147263258
3011947,0.008639174260495836
3013729,0.009302575774309681
3015511,0.0023248779760687436
3017293,0.005887933028012007
3019075,0.0
3020857,1.8614101330843305e-05
3022639,0.003335068185740019
3024421,0.002889383128590823
3026203,0.003920689751999343
3027985,0.001977013481382533
3001256,678.2533760742721
3003038,538.8012269993673
3004820,635.4852751219636
3006602,689.4906317628723
3008384,743.7841556701661
3010166,587.8714767555365
3011948,575.8080442456686
3013730,599.7408075774794
3015512,534.93003624546
3017294,597.082327895958
3019076,629.0129085546258
3020858,643.9809170840399
3022640,549.5193199046435
3024422,557.447170676372
3026204,600.0960059394133
3027986,586.9859593765792
3001257,10.38425153911493
3003039,9.580806401485605
3004821,12.626488950223573
3006603,14.287496222292274
3008385,10.346322714713162
3010167,6.82088917576096
3011949,7.559752717836609
3013731,8.570537776081695
3015513,9.318043938800429
3017295,11.242251575158202
3019077,13.029337776641448
3020859,9.025752739692905
3022641,6.251947298086794
3024423,9.25513734821301
3026205,7.990327140841754
3027987,8.48878165105055
3001258,803.3306690644772
3003040,622.346315132636
3004822,721.3043135781727
3006604,785.685838646457
3008386,863.1677830881575
3010168,703.9259778767104
3011950,644.7826248370739
3013732,714.6631941758338
3015514,641.8939135302026
3017296,719.8394042940898
3019078,768.5068623961106
3020860,767.5386328535232
3022642,654.89304897511
3024424,672.2309073016855
3026206,743.5011448269792
3027988,739.509731765406
3001259,861.7592718117563
3003041,624.6156101037014
3004823,797.3447767847662
3006605,836.6079393323158
3008387,966.3520063248698
3010169,705.9156537256872
3011951,675.5304696936864
3013733,710.3005952940147
3015515,615.6127975073002
3017297,700.7940244758529
3019079,744.4366043150668
3020861,757.2913991366701
3022643,643.7643723037885
3024425,654.2592515063596
3026207,712.1887108672695
3027989,693.1278587208877
3001260,249.64491812356593
3003042,167.29917825502187
3004824,231.95848768484814
3006606,252.37909741945214
3008388,248.31423235523968
3010170,188.47961080493556
3011952,195.5159479845657
3013734,184.35615150977233
3015516,167.25211337164146
3017298,209.82663729267333
3019080,212.5668548088382
3020862,219.61989020643125
3022644,180.96935562362123
3024426,181.32280482955403
3026208,188.09206954520812
3027990,192.7072460312595
3001261,163.34747203199868
3003043,131.494098126048
3004825,162.80337011818824
3006607,196.76745005050054
3008389,226.68066407207638
3010171,143.94829034181302
3011953,138.3346285502887
3013735,142.55983462492497
3015517,122.14469164638543
3017299,157.41616494142124
3019081,163.80054453892456
3020863,174.77358321724387
3022645,134.073955477403
3024427,132.32004833997706
3026209,143.09637191349944
3027991,128.33295675122847
3001262,96.87155262805277
3003044,87.8317718926836
3004826,117.69658546853293
3006608,131.89491757977365
3008390,110.87325742694482
3010172,80.7069362511395
3011954,75.92777074650702
3013736,90.7024201332684
3015518,87.29216982905878
3017300,107.58973463447705
3019082,122.44135565699067
3020864,107.54953916164027
3022646,79.86260136549934
3024428,83.8822866314946
3026210,94.40081715016659
3027992,89.85252803709011
3001263,3638.413608416688
3003045,2936.7004842896463
3004827,3586.113535498704
3006609,3987.364098493845
3008391,4327.413448853081
3010173,3150.3614268325455
3011955,3022.7478163452456
3013737,3226.518224756832
3015519,2961.0104759189685
3017301,3372.607369674903
3019083,3679.2124388347397
3020865,3686.7167644793676
3022647,3017.970136250275
3024429,3072.1112383452783
3026211,3352.3723512897554
3027993,3236.307524716552
3001264,28.627708984369153
3003046,29.360164019424943
3004828,31.094944913336274
3006610,39.5198382964611
3008392,40.650989566167674
3010174,23.217796255960057
3011956,21.461163040161434
3013738,24.13720738998153
3015520,22.518911297439917
3017302,25.285827660482127
3019084,26.96968286788864
3020866,26.34377403709524
3022648,20.774552653876025
3024430,20.549150110497735
3026212,22.13699356215548
3027994,21.49825224954978
3001265,1.1704205106940975
3003047,1.0937721568224064
3004829,1.1234110990455708
3006611,1.508917016316248
3008393,2.743329747590462
3010175,1.0286489306848152
3011957,0.935816064907162
3013739,1.052960921879149
3015521,1.033533812594659
3017303,1.063172555860188
3019085,1.3943809089451957
3020867,1.5265195164123426
3022649,1.021296163653735
3024431,0.9969898073297833
3026213,0.9767576592352022
3027995,1.1113378928684712
3001266,26.47893535978821
3003048,16.403511583510745
3004830,25.198366703995337
3006612,27.1130890528936
3008394,23.280616801000466
3010176,15.636856223832245
3011958,19.084809195592552
3013740,17.778263932489892
3015522,18.064123448264592
3017304,24.43924441641525
3019086,29.352765099514176
3020868,21.406559096560557
3022650,18.56965804324507
3024432,15.88877768728325
3026214,20.47857523424703
3027996,17.576762931313908
3001267,39.142363623289306
3003049,23.97943960212577
3004831,30.506724088756187
3006613,31.823871661865166
3008395,42.017233171339996
3010177,26.7440878763819
3011959,20.1002926112043
3013741,31.490824880282105
3015523,30.694354183393454
3017305,33.36159497723683
3019087,39.68934313802948
3020869,38.81615050215828
3022651,24.889779017951668
3024433,28.51520491085337
3026215,31.860526415785582
3027997,28.2529139620279
3001268,0.039786633276072396
3003050,0.021607376591356
3004832,0.026939545655307873
3006614,0.021578432159685402
3008396,0.11509428188324473
3010178,0.11339094610769994
3011960,0.027992111251291113
3013742,0.03074310316759218
3015524,0.01807316723039436
3017306,0.018536247438698517
3019088,0.01288885846844081
3020870,0.019430281399561548
3022652,0.019436458470759414
3024434,0.005949887666535606
3026216,0.008454035422277168
3027998,0.0034671469725495916
3001269,236.39260073609057
3003051,193.1042789386346
3004833,198.4126268887243
3006615,266.28557373171
3008397,279.64102552972
3010179,200.55518852930322
3011961,185.93023661270206
3013743,197.9936286700037
3015525,180.32547323860248
3017307,197.59813470807137
3019089,234.15167965400664
3020871,240.42493985057465
3022653,182.63312137500657
3024435,183.66146386250398
3026217,197.68385571816177
3027999,194.6550500816854
3001270,17.38067107209638
3003052,15.081571815836776
3004834,17.399798681220787
3006616,30.35265630268322
3008398,32.387948450525435
3010180,14.630766400932979
3011962,13.908944526201807
3013744,15.493487116288769
3015526,14.385979030605506
3017308,16.335336419462028
3019090,23.7742711576809
3020872,25.21138705960332
3022654,13.785363046203544
3024436,13.793957694842021
3026218,15.292632871788106
3028000,14.714453557163688
3001271,26.4101965803053
3003053,10.849788153180782
3004835,15.435155026847715
3006617,20.056709647761238
3008399,17.195067517117124
3010181,9.220785365288156
3011963,11.236439965963228
3013745,16.4375919450981
3015527,10.04777020093894
3017309,14.344664165839566
3019091,14.432786012182769
3020873,12.75568189273769
3022655,8.206621165195862
3024437,9.765380567636997
3026219,16.80629941955524
3028001,9.923196396919588
3001272,13.373695579870509
3003054,2.7380526749284493
3004836,7.246668872210535
3006618,5.0621182653720505
3008400,4.251780999226541
3010182,5.173867332990652
3011964,2.245510005159476
3013746,4.284778015134353
3015528,4.8103715833318
3017310,4.716738973672353
3019092,6.160343892356195
3020874,4.197455127790383
3022656,2.73007605250385
3024438,3.1262940728326036
3026220,3.68650536182043
3028002,7.526487409523825
3001273,97.89527985330885
3003055,93.26513888048389
3004837,119.68079975743075
3006619,153.4352697637459
3008401,75.79374951348022
3010183,51.422551015356454
3011965,58.89383775371791
3013747,57.41177708976434
3015529,59.79376727109505
3017311,87.96431822920776
3019093,101.33071833749375
3020875,57.30092043688318
3022657,42.57944871091066
3024439,48.98444380190395
3026221,58.45626909042352
3028003,53.58865933128692
3001274,10.383823101531133
3003056,9.344343370444387
3004838,11.952637650566814
3006620,15.318649765984587
3008402,14.277683369368406
3010184,9.620717670383987
3011966,9.327371469699806
3013748,9.585864792726946
3015530,9.09057272011612
3017312,11.346261563011643
3019094,13.345348993381684
3020876,12.371128650252492
3022658,9.289877196780951
3024440,9.084336547058044
3026222,8.699890897543257
3028004,8.826623233697575
3001275,474.67580725304146
3003057,597.8940639277233
3004839,1012.6705706360904
3006621,349.504728611758
3008403,392.2259594878497
3010185,393.89355982837
3011967,337.7100574109705
3013749,422.1373445552645
3015531,378.98291552922836
3017313,582.0952838795148
3019095,407.90791382303354
3020877,425.06115749658846
3022659,391.0184265510697
3024441,394.4869848365268
3026223,429.691530812898
3028005,402.61996896810314
3001276,272.35303284337624
3003058,186.5328212044076
3004840,264.04501357738906
3006622,267.25449344057307
3008404,309.176703661547
3010186,216.19417606818217
3011968,195.96887562399772
3013750,223.07775752482564
3015532,187.23541511904372
3017314,207.25125105779708
3019096,246.8119450957297
3020878,251.28875718022684
3022660,199.09299435093646
3024442,202.83592547623755
3026224,218.31664250674103
3028006,226.20954689783068
3001277,7.650214775826757
3003059,7.332037164193984
3004841,7.921837305238314
3006623,10.048778882234052
3008405,10.231813128228888
3010187,6.814411760546083
3011969,4.2445027929363865
3013751,8.00597220504139
3015533,7.498259801497862
3017315,8.078648714728685
3019097,9.70421244894709
3020879,9.873601164082848
3022661,6.844813304827404
3024443,6.265901985262985
3026225,7.774931906746256
3028007,7.67617324305206
3001278,7.648104365341827
3003060,7.073181606472061
3004842,7.233079946299566
3006624,9.979685487074207
3008406,11.020575592536545
3010188,6.877220492489605
3011970,6.407979824746495
3013752,7.265080740939243
3015534,6.665644586683613
3017316,7.411451703990738
3019098,9.248680057929112
3020880,10.01611652245171
3022662,6.392349039355065
3024444,6.3145070401074905
3026226,7.074325962187302
3028008,6.773864651427366
3001279,431.8668542633941
3003061,371.97311630031396
3004843,596.4992227546712
3006625,421.3011167534565
3008407,524.9364298744134
3010189,403.50242624138895
3011971,346.9255740400513
3013753,399.83934961982874
3015535,352.78864471428693
3017317,486.9034655204958
3019099,406.98416116623406
3020881,429.59280554418405
3022663,360.03209383793364
3024445,368.8344109948205
3026227,405.04955407878396
3028009,379.36698975278426
3001280,106.18322070670881
3003062,93.31355657945312
3004844,111.70411172088599
3006626,134.01419278955245
3008408,126.60179187724994
3010190,96.35147417571648
3011972,88.39713049880383
3013754,99.21621933524322
3015536,92.79765610114788
3017318,103.64429261632898
3019100,118.48031066775354
3020882,120.51306892275157
3022664,91.74485687181449
3024446,92.08181034888041
3026228,99.5018417468713
3028010,97.1062634060897
3001281,3240.7720797737834
3003063,1650.0111768211784
3004845,2087.8734203500057
3006627,2422.5818251210144
3008409,2604.192600182941
3010191,1874.2056031501954
3011973,1767.3932011347931
3013755,2480.3045967357425
3015537,1576.507213358408
3017319,1918.07560777899
3019101,2039.8713821900826
3020883,2038.0052926235776
3022665,1664.7545749122328
3024447,1703.8893800443302
3026229,2485.5156360218484
3028011,1655.4761227776992
3001282,217.26782413320745
3003064,0.0
3004846,0.0
3006628,0.0
3008410,0.0
3010192,0.0
3011974,0.0
3013756,0.0
3015538,0.00892342341161073
3017320,0.015562982335900491
3019102,0.008839466060446352
3020884,0.019424600009675927
3022666,0.007543829330709076
3024448,0.022318138868959655
3026230,0.007575159940017829
3028012,0.04525321571163656
3001283,32.329546190994385
3003065,25.62133492413652
3004847,42.86108798217803
3006629,35.32613017829198
3008411,44.347986255747394
3010193,27.78892450560023
3011975,27.613775291827864
3013757,27.900190279833566
3015539,24.312017892891237
3017321,37.611798012574575
3019103,35.44056968783374
3020885,38.24530662817599
3022667,25.931664641480285
3024449,28.443282868200765
3026231,28.932479989875503
3028013,26.324062588021864
3001614,8.510908001424744
3003396,7.733561290684278
3005178,9.433898692217527
3006960,13.66635366210114
3008742,14.538046233742127
3010524,8.078822876047385
3012306,8.176808310439013
3014088,8.162632845515823
3015870,7.072541031518078
3017652,8.266032555014407
3019434,12.532182461362131
3021216,13.27127737222513
3022998,7.809365938749306
3024780,8.024851674131448
3026562,8.177983183953435
3028344,7.817734207811505
3001615,0.15753444366573807
3003397,0.13454918519779258
3005179,0.1294230368405292
3006961,0.15992572053425283
3008743,0.17936241455195168
3010525,0.11430344608781551
3012307,0.03316575635143209
3014089,0.03757269857218962
3015871,0.0262440843741871
3017653,0.021164294668656464
3019435,0.03172729702432397
3021217,0.03500047132720943
3022999,0.028206818740830794
3024781,0.026360651997544147
3026563,0.12972509049343905
3028345,0.1274739429708286
3001616,15.258638450276544
3003398,13.936524204549961
3005180,14.866229453752652
3006962,19.255883086277294
3008744,26.839507054488497
3010526,15.656720259988285
3012308,14.333853536232903
3014090,14.142254549923729
3015872,12.760232417238832
3017654,15.461153538105336
3019436,21.237352799243016
3021218,22.230708442698027
3023000,14.884659618095318
3024782,13.732513967172432
3026564,15.227912222031085
3028346,14.48332171182021
3001617,7712.277234186345
3003399,6630.411225357763
3005181,7767.70016918877
3006963,9438.251288035352
3008745,9729.11985099712
3010527,7002.826335234301
3012309,6516.055919204497
3014091,7183.8854087305945
3015873,6384.796181544818
3017655,7636.63419435961
3019437,8459.272593569214
3021219,8529.13111030665
3023001,6697.21312547437
3024783,6616.183317142507
3026565,7239.300474977263
3028347,6780.40344182261
3001618,0.01953774480728315
3003400,0.012512910530531267
3005182,0.009355407144046224
3006964,0.00354754687971522
3008746,0.003200189403472819
3010528,0.022306238913285505
3012310,0.012307199908137003
3014092,0.014898845450552664
3015874,0.007562063592737944
3017656,0.004623692403967368
3019438,0.0009490881102661449
3021220,0.001488214302761389
3023002,0.010476534427048345
3024784,0.006361122677261829
3026566,0.008107799368116515
3028348,0.006789049435720472
3001619,1245.067953304884
3003401,987.6904422552515
3005183,1214.2159225425414
3006965,1319.3384851022513
3008747,1383.3169109570383
3010529,1086.2041012607358
3012311,1013.7429840486283
3014093,1124.326518126875
3015875,948.9293786980048
3017657,1117.9822189154213
3019439,1194.7381793036063
3021221,1227.9351063953875
3023003,1013.2139556384915
3024785,1018.1031767987839
3026567,1126.2011275142347
3028349,1041.163420835984
3001620,37.82585778734035
3003402,35.09682713322181
3005184,41.04344757203781
3006966,42.746674155369384
3008748,26.62822023284671
3010530,20.704200129908852
3012312,25.98938407014347
3014094,32.03219752701406
3015876,31.853076886680167
3017658,35.14117458312265
3019440,34.39501629963422
3021222,26.15245757284586
3023004,22.277606492227836
3024786,26.184614327915952
3026568,30.046034051622097
3028350,30.541237189114714
3001621,1845.602472408337
3003403,1373.1147054802789
3005185,1717.205540550389
3006967,1881.7074809619842
3008749,2045.1263000277777
3010531,1574.1669686810055
3012313,1482.1949188275387
3014095,1753.9274287208052
3015877,1511.5114823433316
3017659,1734.2025581121616
3019441,1991.2676602162035
3021223,1970.3213936960592
3023005,1584.077783986946
3024787,1608.1267398025284
3026569,1790.2157712080304
3028351,1706.2993329536673
3001622,2116.7281672219083
3003404,1655.5943081976147
3005186,2060.8892836220602
3006968,2359.599413563056
3008750,2507.4731432574476
3010532,1911.7109733495508
3012314,1735.0932978345788
3014096,1934.705079043002
3015878,1594.4585558634656
3017660,1911.78192218154
3019442,2095.71181014909
3021224,2108.654394532649
3023006,1749.8131457306054
3024788,1760.0549517866336
3026570,1934.1053485517461
3028352,1774.061210409335
3001623,368.3650178542432
3003405,299.400026715281
3005187,435.32945370415376
3006969,412.51689339265744
3008751,457.28034278123005
3010533,334.78381574519614
3012315,286.3468352853553
3014097,318.04552416321644
3015879,280.7374676506138
3017661,352.29869939743867
3019443,362.3336044578079
3021225,371.03051327555767
3023007,303.5173400811571
3024789,298.6111928562506
3026571,322.4139839930717
3028353,317.45198091080096
3001624,471.7054485525145
3003406,369.87997754177445
3005188,511.78429199493934
3006970,535.2606612080177
3008752,598.274861958697
3010534,426.45780926386396
3012316,369.6763082849188
3014098,423.0373575266479
3015880,346.6323829120168
3017662,446.95546284914553
3019444,456.4951083058618
3021226,477.2219691223069
3023008,394.0909086200195
3024790,386.6737518402183
3026572,430.79967647957875
3028354,373.54173959757895
3001625,302.83756821679634
3003407,271.14086699618093
3005189,399.2569030831146
3006971,404.94073715476225
3008753,383.09073326934686
3010535,267.349076692451
3012317,252.47609500193326
3014099,296.44208317349234
3015881,260.59014356020543
3017663,327.19453301282005
3019445,348.84740150597713
3021227,326.53169005106446
3023009,259.9638593001577
3024791,271.8813897043724
3026573,306.05734409906904
3028355,287.79614639231266
3001626,8076.298695421662
3003408,6144.814609507294
3005190,7621.03689563468
3006972,8449.843483462913
3008754,8827.475150938984
3010536,6674.547352805882
3012318,6442.27724489107
3014100,7136.581254086246
3015882,6191.1715797410025
3017664,7267.06644126747
3019446,8023.854428842215
3021228,8109.480961297853
3023010,6550.295024906724
3024792,6472.830641754973
3026574,7270.7970493470975
3028356,6803.021103056492
3001627,74.33331504144235
3003409,64.29482092245065
3005191,77.44241986111615
3006973,77.99849952270095
3008755,93.2590422189276
3010537,66.68894910529444
3012319,62.35484163309388
3014101,68.93578559504266
3015883,60.780332485771474
3017665,65.97811038131665
3019447,73.66806146204036
3021229,76.06644393681547
3023011,61.87122274448327
3024793,60.75614446821472
3026575,69.13176481213272
3028357,62.774596831385395
3001628,2.461322300486082
3003410,2.178222490736478
3005192,2.321935393035273
3006974,3.288080850708459
3008756,3.7452459164231313
3010538,2.5552968820111865
3012320,2.2337144441974606
3014102,2.2655289843599005
3015884,2.1096049168336117
3017666,2.2966571558430164
3019448,2.971428813658449
3021230,3.478527659302982
3023012,2.3187162132151844
3024794,2.25196885978559
3026576,2.569265933806687
3028358,2.3753931731781366
3001629,69.34867273201338
3003411,52.59634322305484
3005193,75.15823943889929
3006975,70.9295415244146
3008757,74.47425175778399
3010539,43.32891576627543
3012321,48.97400545596803
3014103,50.421650752803494
3015885,48.09878003241604
3017667,54.75947460315535
3019449,61.38788537571839
3021231,54.03453919299984
3023013,43.76339459610432
3024795,45.470966863261026
3026577,53.48815891736778
3028359,52.87074246955469
3001630,59.3638904068967
3003412,45.327023099379424
3005194,52.90251044631631
3006976,64.08647744099052
3008758,64.79141870074295
3010540,45.890094280231345
3012322,40.23573286454572
3014104,50.93948757285009
3015886,46.213043385960184
3017668,53.35997844875959
3019450,63.87160709871068
3021232,64.43209885959568
3023014,48.32609728807572
3024796,47.13540430329408
3026578,51.20999000925682
3028360,49.58812437399174
3001631,0.07305336915741767
3003413,0.04282487711013518
3005195,0.05028466508574065
3006977,0.04493257526930417
3008759,0.12597406207393272
3010541,0.15077174339577568
3012323,0.04374482118745474
3014105,0.04970977646015053
3015887,0.04847645942043422
3017669,0.04064916705740781
3019451,0.045398653670210364
3021233,0.04020291619553055
3023015,0.06355752965378014
3024797,0.034546013692860755
3026579,0.009074825944328773
3028361,0.013871056678165882
3001632,473.64833772463595
3003414,386.0643455424263
3005196,473.1424363647449
3006978,585.6585437238488
3008760,644.056868036267
3010542,441.99162647223994
3012324,397.2111944346059
3014106,413.57047391246334
3015888,357.2206338825095
3017670,394.94677413521987
3019452,472.74469003694315
3021234,480.5262850557674
3023016,376.4118220426057
3024798,384.2431082522508
3026580,417.5335244453531
3028362,390.56071111067126
3001633,36.15023087105521
3003415,30.141850380741406
3005197,35.81602857505434
3006979,62.135595167279
3008761,72.48530790580124
3010543,32.4235691128309
3012325,28.249691982908498
3014107,32.48460268459044
3015889,28.71899115315874
3017671,33.25933953362031
3019453,48.033565317620116
3021235,51.68783066451571
3023017,28.6168380316367
3024799,29.007250621770392
3026581,30.984811324035586
3028363,29.664295813543884
3001634,74.11344503562789
3003416,37.27947825755614
3005198,58.38654872979598
3006980,62.86705189554127
3008762,48.51344820485408
3010544,32.94502735817834
3012326,37.545837249074665
3014108,54.2287983975246
3015890,34.43995015665215
3017672,50.6190989617185
3019454,49.61840199310973
3021236,45.27984274988983
3023018,32.663372234528715
3024800,35.85292916954427
3026582,57.87621560478058
3028364,38.35509148001259
3001635,34.125147569174324
3003417,20.036925709508257
3005199,23.678744255229162
3006981,28.129767574333695
3008763,33.09763950245236
3010545,16.790934420660484
3012327,19.653762774515926
3014109,17.289988742985145
3015891,20.037418694030205
3017673,25.151026544009216
3019455,25.92743624932339
3021237,30.31564507716263
3023019,21.38782865392703
3024801,21.17561540655691
3026583,27.06085280990295
3028365,21.239636819430928
3001636,224.35923173517224
3003418,229.2157240898065
3005200,301.28834925334405
3006982,311.3899818434374
3008764,177.2642205816841
3010546,115.60098939111658
3012328,144.21835564654364
3014110,180.49607426982973
3015892,166.21964657713198
3017674,196.07143130469896
3019456,213.40772083620922
3021238,157.90934667682828
3023020,124.18249907455902
3024802,130.05996048821882
3026584,161.8250601348491
3028366,149.1570535406533
3001637,28.745159424264813
3003419,24.052765073579
3005201,29.24731373180065
3006983,34.493158026968196
3008765,33.291597889125676
3010547,23.84846167395642
3012329,24.523503771831972
3014111,23.15632099151054
3015893,20.88618259684896
3017675,27.17439181446008
3019457,29.27102463068447
3021239,27.493185343565358
3023021,20.275209756496384
3024803,20.17325339736689
3026585,19.763820082087577
3028367,19.274415778152665
3001638,707.4187917796912
3003420,577.0934191725727
3005202,1285.26719178624
3006984,707.2776388236756
3008766,740.3664866364039
3010548,641.5408423365931
3012330,609.9068111961974
3014112,634.0328446640959
3015894,554.4758930784727
3017676,843.6170880087329
3019458,624.8614783706975
3021240,654.3675226734726
3023022,585.1071845877376
3024804,591.9597865792592
3026586,647.1376525829488
3028368,596.2122952720892
3001639,547.5740302151233
3003421,409.9618957490024
3005203,523.3758548222933
3006985,655.6429949458
3008767,721.557797985197
3010549,477.77447571858806
3012331,423.0445088336321
3014113,474.6843856541732
3015895,408.0972373705492
3017677,452.50017676271636
3019459,548.5513125579406
3021241,550.9905357999062
3023023,451.16059156634736
3024805,453.61262195615944
3026587,479.38482119838386
3028369,465.01231715751646
3001640,17.2139869499126
3003422,16.114617689606504
3005204,18.15530581979293
3006986,22.656319024727722
3008768,21.55600734206115
3010550,12.581108091837836
3012332,12.5069070641525
3014114,15.675272091533335
3015896,14.376527481046395
3017678,16.165530093635102
3019460,21.21043236737317
3021242,21.00952537884427
3023024,14.424217735103449
3024806,14.18432265740901
3026588,16.431440063405898
3028370,15.87122541090894
3001641,25.084515262356764
3003423,22.13953492786905
3005205,24.698356664069873
3006987,35.41061577049942
3008769,37.96168461684946
3010551,23.350866579747443
3012333,22.109494218147475
3014115,24.65791522664658
3015897,20.578469805962197
3017679,24.057273791241016
3019461,34.641155475521366
3021243,34.46031615674829
3023025,21.763075220359227
3024807,21.96153270635085
3026589,22.71044560701667
3028371,21.48919349911667
3001642,1125.5084244487218
3003424,899.003951212229
3005206,1606.8860888170038
3006988,1221.7203748200316
3008770,1310.3291588725308
3010552,1103.9045453369943
3012334,1032.59499385478
3014116,1025.9185980874083
3015898,876.9466538412648
3017680,1282.0336634778107
3019462,1081.8048903156198
3021244,1127.5574294111154
3023026,935.224275332559
3024808,943.4583093615935
3026590,1024.776713654646
3028372,929.6758717839099
3001643,255.79208813165783
3003425,204.3186039811495
3005207,254.54794937223065
3006989,251.58340118112392
3008771,241.7418170997469
3010553,204.6725442263087
3012335,201.25236682869016
3014117,214.82127539237123
3015899,190.26925063250118
3017681,211.41171446110113
3019463,225.18651600648778
3021245,226.6095152338754
3023027,193.2103369191967
3024809,196.14542794984678
3026591,217.80329935900525
3028373,203.2856821758211
3001644,10850.287998319938
3003426,5557.613750712898
3005208,7709.2375681074445
3006990,8456.415006316503
3008772,8834.623423378913
3010554,6896.979461370043
3012336,6441.343625285528
3014118,8485.67207915899
3015900,5515.960542417826
3017682,7012.9568267278055
3019464,7536.877167451166
3021246,7474.411944286043
3023028,6127.15877964106
3024810,6083.062961735199
3026592,8475.65081952301
3028374,5855.464258466833
3001645,20.82442412222317
3003427,0.06712895096646043
3005209,0.06485672793983414
3006991,0.1578814520917414
3008773,0.317634347148629
3010555,0.08278205184966798
3012337,0.10066059903364588
3014119,0.10724980369622171
3015901,0.5620825212469421
3017683,0.5755833009127805
3019465,0.7730003054432011
3021247,0.8918477290928278
3023029,0.5410081194231179
3024811,0.6086493755402945
3026593,0.648767188629754
3028375,0.6121869318826848
3001646,80.04295113427006
3003428,65.08726869598384
3005210,106.96273468298942
3006992,83.87808595279711
3008774,95.62923039217583
3010556,71.55311000055181
3012338,66.88593798153477
3014120,77.08271185470132
3015902,64.68269342560062
3017684,96.59437555301044
3019466,83.58955159243736
3021248,89.16085642489288
3023030,68.90649055065141
3024812,67.18633291132686
3026594,74.09536220958609
3028376,66.44381130942566
3001977,3.5076053178362883
3003759,3.053401205960028
3005541,3.2882178899068357
3007323,5.5394305409162365
3009105,6.049220764555365
3010887,3.0635041032528254
3012669,3.454131432356147
3014451,3.2426556088057885
3016233,3.1112402906401027
3018015,3.3527354279468202
3019797,4.853231771470479
3021579,5.385668295724167
3023361,2.972891182150255
3025143,3.136723742298544
3026925,3.173116820672566
3028707,3.0919819303122087
3001978,0.11759662840884554
3003760,0.09799374853310304
3005542,0.09943009394210765
3007324,0.11459059431782781
3009106,0.12843051410277048
3010888,0.03619262459691225
3012670,0.030370488310908963
3014452,0.032244976641771096
3016234,0.02468066131254472
3018016,0.027360238630238065
3019798,0.027089786984427055
3021580,0.032981189389764236
3023362,0.022298767213432078
3025144,0.024488138394396633
3026926,0.10496470029305571
3028708,0.10638440062238301
3001979,5.706631672319918
3003761,5.071822582628616
3005543,3.4679408235448066
3007325,4.932366679723355
3009107,7.922772533595598
3010889,5.023944476627226
3012671,3.4466053382774255
3014453,3.645162730568918
3016235,2.0323481512965906
3018017,3.868300346450835
3019799,4.094705225010174
3021581,5.277151027298357
3023363,4.720789311647331
3025145,5.040380139814851
3026927,3.4374778896609364
3028709,5.533961872709771
3001980,2170.1854727583536
3003762,1944.3817555645535
3005544,2206.617413909202
3007326,2817.024490803629
3009108,3281.906139796039
3010890,2025.3757190207918
3012672,1696.759426092951
3014454,2089.5000890812003
3016236,1870.247555129227
3018018,2174.3150064147
3019800,2497.516946755644
3021582,2557.2190978098865
3023364,1919.0081439969845
3025146,1962.9230841774354
3026928,2123.619812506769
3028710,2039.8776331657218
3001981,0.020532455509062367
3003763,0.01572236698070657
3005545,0.024625553939059564
3007327,0.020720033224882677
3009109,0.0028943933185622424
3010891,0.012368546437715622
3012673,0.00584814588649473
3014455,0.007887900689373109
3016237,0.0012613249875198871
3018019,0.005238367499285656
3019801,0.0
3021583,0.00024846093099445643
3023365,0.0
3025147,0.0007638875649932276
3026929,0.00285616857596371
3028711,0.0009349113928928649
3001982,348.9934616178891
3003764,306.78021522483624
3005546,317.9734311624243
3007328,380.8055666254532
3009110,484.0682436143525
3010892,322.415878891569
3012674,277.9189143278241
3014456,323.34730929527547
3016238,284.1176477820533
3018020,307.36913919021976
3019802,356.8916317449759
3021584,374.08436866508845
3023366,295.49957569394974
3025148,294.34129236422604
3026930,324.844066531143
3028712,311.33768203923614
3001983,6.628356540952596
3003765,7.266966325990442
3005547,9.116392320107616
3007329,13.509409988575479
3009111,8.689716534148472
3010893,5.4777527252707365
3012675,5.591710836085525
3014457,6.506639415004638
3016239,6.6649751483607105
3018021,8.333616664691535
3019803,11.377854210278935
3021585,7.6556737579539975
3023367,4.837553125052879
3025149,5.425936541797994
3026931,5.8593438013905015
3028713,6.475064129064447
3001984,779.7406427806503
3003766,609.183522748449
3005548,692.1853018186799
3007330,813.0795782870549
3009112,903.6692116763887
3010894,737.3350376216116
3012676,664.4547457135973
3014458,742.4497073837421
3016240,651.5100623139991
3018022,738.7169099362037
3019804,847.4050159347493
3021586,860.1868048509999
3023368,660.0561923745901
3025150,680.289572422174
3026932,759.5132027026578
3028714,738.3246990529352
3001985,728.1406285386225
3003767,565.1014611213473
3005549,691.9865939935416
3007331,806.1728402962543
3009113,992.5554783150724
3010895,672.1624863947601
3012677,561.6659190888622
3014459,645.4682185054795
3016241,539.0741596062543
3018023,613.5919709734479
3019805,704.1138443811557
3021587,725.3871079828282
3023369,572.6105671388473
3025151,580.1128427192406
3026933,644.0609673339573
3028715,612.2468907096221
3001986,210.95908547328062
3003768,157.03783394562393
3005550,218.98495657199874
3007332,212.6748431942544
3009114,218.08985946725173
3010896,144.75336556671175
3012678,154.96614191866811
3014460,159.65506478292897
3016242,142.1689453568773
3018024,179.4603377254093
3019806,181.87753944317078
3021588,193.06763670184094
3023370,149.7300456037741
3025152,148.1560981406764
3026934,160.9217618699541
3028716,158.67042046466452
3001987,124.81280535981053
3003769,103.52564595258762
3005551,139.32392711414818
3007333,160.9359831815632
3009115,206.4501312094808
3010897,119.43246514073432
3012679,108.33866206687757
3014461,124.97407792301999
3016243,104.09622705847049
3018025,134.93651368568703
3019807,150.92939756675068
3021589,163.2993139743335
3023371,115.87903472153756
3025153,113.92146947201259
3026935,125.33092343500611
3028717,109.45293679496653
3001988,75.18711210980945
3003770,62.70113294101072
3005552,91.44916755855282
3007334,108.59101476574233
3009116,93.94746238953616
3010898,44.80979208126215
3012680,52.96927684352924
3014462,64.07041541911484
3016244,61.924371226627414
3018026,74.57293003236619
3019808,84.44935336371503
3021590,74.28796439245956
3023372,50.10746555446189
3025154,55.52943003114954
3026936,62.33991540755509
3028718,66.19156553523804
3001989,3126.5557907799644
3003771,2505.1491451342667
3005553,2882.005187950446
3007335,3442.973039044697
3009117,3915.6516197774995
3010899,2606.750761207874
3012681,2544.1547305215768
3014463,2741.697144612144
3016245,2455.870548874469
3018027,2822.2474278694517
3019809,3249.3808917391866
3021591,3338.7877075521787
3023373,2562.872402818468
3025155,2566.760477183309
3026937,2899.618528825691
3028719,2786.1254950007806
3001990,22.76209790442449
3003772,20.829207312202794
3005554,25.263962298168284
3007336,31.633478255825608
3009118,32.77106078759155
3010900,20.23479020293566
3012682,20.565635945505665
3014464,21.728931317413
3016246,19.784440045199535
3018028,23.66874833939389
3019810,29.67475340019334
3021592,28.777035790713146
3023374,19.294781780494592
3025156,19.21143812103478
3026938,20.4435497518466
3028720,19.731161677832976
3001991,1.037048358413312
3003773,1.0107819040854167
3005555,1.0038013686175107
3007337,1.3452209321105346
3009119,1.473476950828509
3010901,0.9296504157749129
3012683,1.1160928054921582
3014465,1.020657494873807
3016247,0.947643122721694
3018029,0.9711792474301699
3019811,1.2403492724482552
3021593,1.3911982779982246
3023375,0.8577589726033525
3025157,0.9159706877098994
3026939,0.8935539801647959
3028721,0.913013259560881
3001992,18.922041053063314
3003774,11.867645804494794
3005556,18.770468814494105
3007338,20.095341919188268
3009120,14.495248983736182
3010902,10.714231080220046
3012684,11.647069735483145
3014466,13.908971301049817
3016248,14.026497792679976
3018030,17.218966079425503
3019812,20.244479512757035
3021594,18.385853897856254
3023376,10.601503696982858
3025158,15.960137591433972
3026940,10.608726107408602
3028722,11.354296101821555
3001993,17.018866333000734
3003775,6.70209003626875
3005557,10.177222311495676
3007339,13.007867057552554
3009121,11.413296035846543
3010903,6.423964345813682
3012685,6.717213725388599
3014467,9.472799038029917
3016249,6.699128742761064
3018031,10.018335872839664
3019813,12.682762469872765
3021595,13.324153294802253
3023377,8.743901959888795
3025159,8.981659888957717
3026941,9.547316434328808
3028723,9.15866596101012
3001994,0.18712464004564655
3003776,0.19111669653686345
3005558,0.190951142187787
3007340,0.09944982040891731
3009122,0.12873076068918857
3010904,0.08938202055566125
3012686,0.07677662147243584
3014468,0.17955682344529744
3016250,0.15434864427791617
3018032,0.16715332211085387
3019814,0.11995256033030004
3021596,0.13342161690108711
3023378,0.11182043187255296
3025160,0.11032915244786183
3026942,0.15229018529767932
3028724,0.1385263645770829
3001995,214.6452976449191
3003777,141.29057699588762
3005559,163.34467390188885
3007341,203.58875722916522
3009123,250.97462671305811
3010905,162.12006092496623
3012687,170.42147676955594
3014469,165.4771818897504
3016251,144.0622400543634
3018033,156.91620643746737
3019815,202.38872494389682
3021597,209.50759628163897
3023379,146.98253823474153
3025161,150.30766120891315
3026943,165.39106010015269
3028725,157.24877775235984
3001996,15.843089578540384
3003778,13.160529938539886
3005560,15.34019603737885
3007342,26.028323582017084
3009124,35.444783823727626
3010906,13.407539517287198
3012688,12.59981438761426
3014470,13.865464894555508
3016252,11.926549497072974
3018034,13.571198679157272
3019816,21.08429281100661
3021598,23.758040731213015
3023380,12.113012213547782
3025162,11.951762404625034
3026944,13.378458018537989
3028726,12.721798171321064
3001997,29.386542515170316
3003779,14.94097619383551
3005561,24.39990911282092
3007343,24.588096390258723
3009125,25.31955505410623
3010907,12.34016900150605
3012689,11.914855429411103
3014471,25.40168659321704
3016253,14.992546485750372
3018035,22.782732507702082
3019817,25.561581812541927
3021599,22.91693469575739
3023381,12.317107719196189
3025163,13.938812307047378
3026945,23.42134933350668
3028727,15.710273652426844
3001998,8.141259357790538
3003780,1.0449892513573504
3005562,1.1995015354767915
3007344,1.8077447705863545
3009126,1.7397410517011764
3010908,1.1506150471918015
3012690,1.1079657499614337
3014472,1.0077717630465541
3016254,1.6168756675293665
3018036,1.7955162877997524
3019818,2.459321493468703
3021600,2.4159934818580857
3023382,1.6899315671675037
3025164,1.856468485998797
3026946,1.8062431251739122
3028728,1.810778807934548
3001999,88.14593922384616
3003781,69.13297344733515
3005563,133.1971555916463
3007345,143.25172225851443
3009127,67.86092658997211
3010909,39.905227413166166
3012691,52.92574166908181
3014473,51.42986989020198
3016255,41.80516103630853
3018037,85.72781099127413
3019819,83.10406801546331
3021601,46.021170505463
3023383,26.743232212926983
3025165,36.888690834002965
3026947,47.42108701774804
3028729,54.03815694697146
3002000,7.241205343298685
3003782,6.330300827117033
3005564,7.791305406466409
3007346,11.093733603316934
3009128,9.867709823608793
3010910,6.159606598234769
3012692,6.145443355825242
3014474,6.506716656073756
3016256,6.000256297270584
3018038,7.244799491965957
3019820,9.53911763824979
3021602,8.701509719445452
3023384,5.846022418755297
3025166,5.744383245457654
3026948,5.798112302203492
3028730,5.969221729877837
3002001,332.7158305748517
3003783,317.60317812597896
3005565,584.8502608784332
3007347,402.08898932818175
3009129,430.2649737553267
3010911,418.68492942270706
3012693,290.538135042483
3014475,329.14382532414976
3016257,288.1304114222265
3018039,409.4522064556201
3019821,339.10766341663845
3021603,358.01034581909465
3023385,307.29464167593164
3025167,302.7432800653594
3026949,340.164013771232
3028731,317.5114392618222
3002002,256.85356739984223
3003784,166.32351939924683
3005566,198.29151727106344
3007348,251.8911545857536
3009130,316.7413205303659
3010912,195.73451432722132
3012694,190.46683335540118
3014476,201.16648311973162
3016258,168.16346649215885
3018040,190.48247945842033
3019822,238.5005619890152
3021604,253.15863676243205
3023386,184.60029557419196
3025168,195.8645982600161
3026950,217.2291987192591
3028732,197.8759112857389
3002003,5.763889320871544
3003785,5.531151790329981
3005567,5.52613040535864
3007349,8.675945710169321
3009131,10.382767458464906
3010913,5.510109870937526
3012695,4.918451527702069
3014477,5.429914664949486
3016259,4.90319179007522
3018041,5.477040088387994
3019823,8.251075064555694
3021605,8.65444496302581
3023387,4.988047923592339
3025169,4.6238467073275755
3026951,5.320066663438356
3028733,5.320759260066871
3002004,8.043918064731043
3003786,7.074841297815378
3005568,7.517476317247703
3007350,10.46544970852271
3009132,11.7723119620767
3010914,6.291237906899284
3012696,5.535816488816554
3014478,7.269898551586789
3016260,6.5476135551119325
3018042,7.056489748813552
3019824,9.787709251018514
3021606,10.8477838753681
3023388,6.037291884425975
3025170,5.957515119680205
3026952,6.9220254865605275
3028734,7.038269861396
3002005,368.6385456830612
3003787,297.37945860508444
3005569,500.6162280421484
3007351,405.5174976190014
3009133,510.18612353178423
3010915,358.63487981135603
3012697,331.2501105273015
3014479,329.643929693424
3016261,286.3088489681931
3018043,393.40716607673215
3019825,350.67039449776354
3021607,376.39766192968204
3023389,297.21173932212474
3025171,306.2639054009308
3026953,337.45387911185725
3028735,309.42119876357236
3002006,55.63398955030519
3003788,50.57574374897357
3005570,57.14952366737208
3007352,69.50037090381721
3009134,74.70231197873717
3010916,46.04984268723022
3012698,45.31214913168844
3014480,53.94913514676532
3016262,50.0768889369675
3018044,56.361365353018584
3019826,62.90904559716643
3021608,64.04745136291257
3023390,47.94563240606072
3025172,49.16208806967415
3026954,54.82218448135105
3028736,51.13930482657825
3002007,3264.541897908628
3003789,1549.3100577098787
3005571,2086.9974189167788
3007353,2401.9046863745502
3009135,2836.6504091182665
3010917,1786.8938036289744
3012699,1703.3540553177743
3014481,2546.5209576334073
3016263,1532.8987478077572
3018045,1910.0156160127315
3019827,2163.0372414280973
3021609,2207.4133916889373
3023391,1675.0965662845858
3025173,1696.0346247973355
3026955,2569.3523731636233
3028737,1615.7708850192482
3002008,42.669864373810526
3003790,0.0
3005572,0.0
3007354,0.0
3009136,0.0
3010918,0.0
3012700,0.0
3014482,0.0
3016264,0.1607014047062396
3018046,0.1614740520313198
3019828,0.2002076589435998
3021610,0.28314900285138234
3023392,0.12382299817616398
3025174,0.1256634410000694
3026956,0.17507605398872653
3028738,0.18304745218977284
3002009,22.54189826002603
3003791,18.575278617309504
3005573,28.625887776448447
3007355,28.476643216699284
3009137,34.66856379781664
3010919,19.923735591844988
3012701,19.345113481714844
3014483,21.83436761948464
3016265,20.17213914896031
3018047,31.26541263090185
3019829,29.46644393872815
3021611,31.51513408214412
3023393,20.461526803511287
3025175,19.910480049641865
3026957,22.599987786462634
3028739,20.22786979659012
3002340,5.621821526639032
3004122,5.2472845292071
3005904,5.645746511904224
3007686,7.2119349223855025
3009468,9.047407052734627
3011250,5.49919241103153
3013032,5.4710224012232755
3014814,5.415944658826947
3016596,5.295700301840388
3018378,5.581306612661225
3020160,7.6667703937445175
3021942,8.903918284173708
3023724,6.053542970955547
3025506,6.171512740139602
3027288,5.769645910750384
3029070,6.391302855635391
3002341,0.22162312517776214
3004123,0.2481658495596908
3005905,0.2545085848004796
3007687,0.12502833219016232
3009469,0.1530823736118477
3011251,0.09674798708293292
3013033,0.09127462736764837
3014815,0.23647438290222167
3016597,0.21937679607470595
3018379,0.22870840105092402
3020161,0.1763831840431067
3021943,0.17442117721225936
3023725,0.1797070678807727
3025507,0.17916938027028761
3027289,0.2584490358596007
3029071,0.2763134679588628
3002342,7.166221954217988
3004124,6.627596083786006
3005906,5.150608403043548
3007688,8.488887019014296
3009470,7.400850586991692
3011252,6.647725410772069
3013034,6.175915322912451
3014816,3.131739958580019
3016598,3.3513565783272163
3018380,3.6650595039448617
3020162,6.200031206163028
3021944,6.75215468738752
3023726,6.298041871421869
3025508,6.650805703981919
3027290,6.72934720218942
3029072,5.352514197437405
3002343,1680.0090775965512
3004125,1505.052365007992
3005907,1678.415159775069
3007689,1757.831692819779
3009471,2005.305373449194
3011253,1646.7977209893168
3013035,1498.1319643888912
3014817,1507.8579543281885
3016599,1416.5576314727334
3018381,1571.778582411862
3020163,1702.2144890199854
3021945,1748.3152335932143
3023727,1492.1158384142307
3025509,1481.223292098164
3027291,1558.6971450431793
3029073,1567.1828350818632
3002344,0.00862987869269625
3004126,0.0035120447087318677
3005908,0.0035263142200531524
3007690,0.0015675459258912463
3009472,0.0032268830672805885
3011254,0.005928796317968062
3013036,0.00307459728011489
3014818,0.00422697635566906
3016600,0.0008769339870560836
3018382,0.0001044607167817217
3020164,0.0003211191461291479
3021946,0.0013486836547578337
3023728,0.0010300336814500167
3025510,0.0007401341746396201
3027292,0.0022400307943186144
3029074,0.0035668950864529854
3002345,360.2497543742015
3004127,315.49759496901703
3005909,315.26526305097985
3007691,324.657330270029
3009473,424.6783086483644
3011255,369.8468421272373
3013037,317.12086564896254
3014819,335.69648740046915
3016601,306.98814060470136
3018383,336.5665652442552
3020165,368.01479886356907
3021947,388.3051916912479
3023729,333.48624323848725
3025511,332.04757473775976
3027293,348.4421237965116
3029075,346.75865040597506
3002346,24.24837656414594
3004128,23.97372595889925
3005910,30.310624730329696
3007692,31.499163299591064
3009474,20.702995842366253
3011256,18.96491985376888
3013038,21.28230881532593
3014820,20.669292089898665
3016602,22.165835533829853
3018384,26.029181885632656
3020166,27.141875670407288
3021948,19.220036260614048
3023730,18.26217024145403
3025512,20.05235610742071
3027294,20.688119174471087
3029076,21.96895233452597
3002347,789.8383427671412
3004129,699.2984422290025
3005911,723.2691782334001
3007693,752.2057797300264
3009475,898.7890068496366
3011257,679.9645785221134
3013039,658.247597932032
3014821,618.6949697986628
3016603,564.3428013553292
3018385,602.5702367931558
3020167,650.9340568863034
3021949,654.0762904132635
3023731,601.7246162531618
3025513,600.3204206044929
3027295,640.4417728762609
3029077,653.6044522854335
3002348,586.4781424201964
3004130,464.99895990243095
3005912,515.4978334683692
3007694,538.6975936124641
3009476,643.9006922033244
3011258,533.2050412017069
3013040,501.02246971181654
3014822,495.3511636193195
3016604,442.1803761017036
3018386,486.2569702536869
3020168,537.4364115305455
3021950,556.1114670074743
3023732,480.52752296348945
3025514,479.59150831436835
3027296,514.660010287685
3029078,517.4900992797616
3002349,225.34736844674308
3004131,185.29507913149442
3005913,253.02685814783896
3007695,205.54813911430722
3009477,260.4275140405734
3011259,200.95157166184495
3013041,183.48513418890585
3014823,186.50596495534748
3016605,172.60519830133543
3018387,205.66147438158055
3020169,199.2113458354473
3021951,211.70967954623583
3023733,188.39093237812367
3025515,185.22594331456733
3027297,192.72722470487233
3029079,193.27082553125953
3002350,77.68923091431294
3004132,67.99038211505423
3005914,88.57898149907419
3007696,88.53800068470167
3009478,102.85810954222934
3011260,76.08467084463447
3013042,69.50839189740354
3014824,74.8906277224704
3016606,65.1835913512647
3018388,82.07730220479273
3020170,83.39323594152599
3021952,90.59113116569017
3023734,74.6632115630327
3025516,70.21706529300339
3027298,74.03207461083123
3029080,69.0614274324485
3002351,80.80016403508334
3004133,80.61804979173137
3005915,99.64767074054487
3007697,128.05092702719224
3009479,72.40822911811325
3011261,66.50351719012451
3013043,56.03201679865361
3014825,80.27988152937155
3016607,79.65746016493443
3018389,91.55748798879745
3020171,101.64245187706608
3021953,82.51146312352178
3023735,73.47885880923022
3025517,70.22410726305871
3027299,80.23477199633889
3029081,81.40527212135355
3002352,2985.538500647885
3004134,2471.5412746283123
3005916,2731.8572370859088
3007698,2945.6084322312145
3009480,3295.437154212632
3011262,2644.6949153861624
3013044,2510.533955923003
3014826,2517.5286640945073
3016608,2355.829104879509
3018390,2596.399076725267
3020172,2831.6320462667395
3021954,2890.0429772011416
3023736,2516.01683335573
3025518,2448.466213022121
3027300,2720.072623344635
3029082,2735.655169315054
3002353,24.252992907556543
3004135,22.312113025386523
3005917,27.334075127794094
3007699,26.41138260348848
3009481,24.031018705117077
3011263,19.373955395625426
3013045,20.709260527151415
3014827,23.500654097069315
3016609,22.045074198439256
3018391,24.91959730840335
3020173,26.821337572232654
3021955,24.173341171014528
3023737,19.821053846746157
3025519,20.554159776672638
3027301,22.903256937186512
3029083,23.342498695841638
3002354,0.9988572601813134
3004136,0.8621767003878936
3005918,0.9360588448922359
3007700,1.162229196845728
3009482,1.2825819781844146
3011264,0.7830088158911884
3013046,0.32326979205850176
3014828,0.882326087161703
3016610,0.798641873794573
3018392,0.9147274075157371
3020174,1.1656081362929613
3021956,1.2132855156113453
3023738,0.8048961844872853
3025520,0.7956065836951914
3027302,0.9953720063368806
3029084,0.9890889414399361
3002355,29.133418471446856
3004137,26.77601458647727
3005919,29.20963601604055
3007701,29.223351960657563
3009483,25.714855369843406
3011265,20.61428572520165
3013047,22.900002351407707
3014829,21.506346413507405
3016611,24.799063838040734
3018393,27.392739139917325
3020175,27.314799218777384
3021957,29.877018918133132
3023739,27.778220546820364
3025521,24.103862179375145
3027303,28.975533494078594
3029085,23.009782034366307
3002356,26.129304892908976
3004138,17.302421359655497
3005920,20.59454189282179
3007702,23.041812352658123
3009484,20.02899517314043
3011266,18.394313051345538
3013048,17.545986022572603
3014830,19.666500294153312
3016612,17.98604638739048
3018394,20.229869345546266
3020176,22.72827131273081
3021958,23.01145946910276
3023740,18.636527964178875
3025522,18.340507363588568
3027304,19.447275587852605
3029086,19.493344025268527
3002357,0.027170042496051136
3004139,0.012754615910520633
3005921,0.023522509474253068
3007703,0.014882785924437649
3009485,0.019053246543711197
3011267,0.027490485463130914
3013049,0.018143526952019852
3014831,0.016214201428745672
3016613,0.007355303787686169
3018395,0.00808671268620444
3020177,0.0005254124474039373
3021959,0.00182522879527162
3023741,0.004847386798804062
3025523,0.006000000017215946
3027305,0.00642212345635567
3029087,0.0024179763603976293
3002358,194.93475314179716
3004140,155.61854770348262
3005922,169.776290362469
3007704,174.70374083370123
3009486,251.1205774345542
3011268,165.85863275349536
3013050,162.5842675884399
3014832,164.5198090655703
3016614,144.14444638378328
3018396,160.7193012358474
3020178,184.24967888307174
3021960,188.36551108955936
3023742,158.8435825191789
3025524,153.4623249259292
3027306,164.2447717355739
3029088,152.723883142262
3002359,10.153254455870659
3004141,9.13419833392018
3005923,9.584787036703274
3007705,15.725022728593167
3009487,17.296249576637525
3011269,10.12106399793601
3013051,10.278204367268708
3014833,9.526368447234015
3016615,9.04032037608877
3018397,9.439501457479752
3020179,14.320480234987448
3021961,16.43758844607717
3023743,10.166714880911806
3025525,10.09776454286252
3027307,10.056236979769638
3029089,9.599016676191846
3002360,17.541219647127182
3004142,6.313997876515796
3005924,9.522528476238406
3007706,10.572413477734068
3009488,8.10473927670944
3011270,5.99558338210787
3013052,2.219118090819375
3014834,9.262440145841659
3016616,6.971445083885086
3018398,9.452152851905838
3020180,10.567318531616124
3021962,8.537627027842065
3023744,6.046677483375054
3025526,6.099323610509565
3027308,10.609511799948303
3029090,7.093918005400262
3002361,15.09082137712548
3004143,8.929872171487517
3005925,8.760989883121168
3007707,10.78957046765914
3009489,11.66799480351186
3011271,9.42771323817236
3013053,9.086934903851606
3014835,9.048792358204155
3016617,9.822175153922855
3018399,9.921747545252291
3020181,12.061450024649432
3021963,12.286571182933068
3023745,10.519082056902077
3025527,10.08710997592991
3027309,9.39103769473091
3029091,10.334659601283562
3002362,65.745704777396
3004144,53.77403402139788
3005926,71.20789716780975
3007708,69.92894104849307
3009490,34.24495893940582
3011272,22.761358892253693
3013054,29.157659779595406
3014836,34.906543120766436
3016618,48.41635419296407
3018400,56.897548245958575
3020182,60.169185944198
3021964,37.82207135052939
3023746,27.26924461618908
3025528,31.79569697908912
3027310,37.32990450234413
3029092,38.51510608381155
3002363,9.67727756712575
3004145,9.157380116278988
3005927,10.670951389060576
3007709,13.64286792832626
3009491,14.9486903076673
3011273,9.961060183175611
3013055,9.833132477167075
3014837,8.427781919481953
3016619,7.993785475427434
3018401,9.658976868565587
3020183,11.59538553377289
3021965,11.091703553547413
3023747,8.756183050322507
3025529,8.285442246315885
3027311,7.8443602430665225
3029093,8.020369806473797
3002364,235.801074866971
3004146,218.26747985367342
3005928,322.42630455281636
3007710,233.16796540336597
3009492,253.7906744100661
3011274,204.3852025471887
3013056,206.08236369862172
3014838,201.32100182666
3016620,186.02422706228603
3018402,240.85641028082378
3020184,205.89344255752408
3021966,215.93081206445103
3023748,201.11821556546533
3025530,193.87622625789285
3027312,206.3583718854088
3029094,203.37720060222327
3002365,233.1539576239321
3004147,188.77362466322134
3005929,196.62248770377911
3007711,216.67698828570664
3009493,296.6071748262391
3011275,205.96403768324998
3013057,183.84599494086797
3014839,208.21437422387598
3016621,179.11097501039248
3018403,197.4754631677306
3020185,235.89928207665994
3021967,248.69758588286822
3023749,199.5454419083958
3025531,216.0465690834612
3027313,234.32883228800642
3029095,222.8122947495646
3002366,3.10821815116705
3004148,2.172452942271141
3005930,2.419226564065075
3007712,2.700199847929768
3009494,2.8856823949303867
3011276,1.8712773121381117
3013058,2.490792031825708
3014840,2.2754472954656033
3016622,2.1120686089960916
3018404,2.3226610328496795
3020186,2.7805871959605675
3021968,2.8711345628368297
3023750,2.0463568717807443
3025532,2.20435605381191
3027314,2.193542936491721
3029096,2.4621412960387667
3002367,7.09747708486973
3004149,5.433465674022265
3005931,5.564554996543549
3007713,7.485059887230193
3009495,8.038925261456342
3011277,5.184528905099636
3013059,5.613537702481795
3014841,5.4661751580320255
3016623,5.132860077055724
3018405,5.45818886416361
3020187,6.879933408423071
3021969,7.4398524558957035
3023751,5.089328489716628
3025533,5.45549295238522
3027315,5.427356662883518
3029097,5.635046641870733
3002368,230.45252336748618
3004150,189.43460950836348
3005932,288.010127890326
3007714,224.59381612055154
3009496,245.5965836967506
3011278,192.62033503848625
3013060,205.57540533367475
3014842,204.2467671359303
3016624,183.0001783756919
3018406,237.61032921581543
3020188,215.26347210759855
3021970,228.14222224866728
3023752,194.0557661832867
3025534,192.34843498448333
3027316,206.35602916503876
3029098,203.12349428582448
3002369,58.42209829003923
3004151,56.13766204762711
3005933,59.87579269480634
3007715,62.93958638316542
3009497,70.29685183238549
3011279,61.363780736940136
3013061,53.08131878474711
3014843,55.69739288800107
3016625,53.136939092781866
3018407,57.5668951645406
3020189,60.743462293869584
3021971,61.34506924461707
3023753,56.726305805383824
3025535,53.10880874174901
3027317,57.21929638043346
3029099,57.1693794132265
3002370,2153.6553721025866
3004152,1225.2485447599904
3005934,1412.1621398969571
3007716,1538.2795166468593
3009498,1575.799984412625
3011280,1360.372909377844
3013062,1250.3887187428097
3014844,1830.3950677434188
3016626,1189.2800763603748
3018408,1363.7957079118214
3020190,1465.4409247762896
3021972,1484.5936845992146
3023754,1310.8457540916868
3025536,1291.0180795211675
3027318,1862.0988527929183
3029100,1281.5739038656532
3002371,28.140894995457103
3004153,0.0
3005935,0.0
3007717,0.020451182038299924
3009499,0.002197956887337457
3011281,0.0
3013063,0.0
3014845,0.004758258238878971
3016627,0.5252678357951882
3018409,0.49749447673540154
3020191,0.6034743602045226
3021973,0.659964294000834
3023755,0.44506640489168087
3025537,0.42720213762931564
3027319,0.5622092091604377
3029101,0.5901893195200151
3002372,8.951043456882244
3004154,8.077683416870878
3005936,12.779362346156448
3007718,8.660518578137156
3009500,10.515590536800632
3011282,8.55936751516366
3013064,8.098596192506111
3014846,8.117345318382279
3016628,8.755146048430973
3018410,12.897575381595994
3020192,8.910700625707673
3021974,11.1808787411074
3023756,9.450613622024031
3025538,9.119803850560343
3027320,9.144097947361606
3029102,9.018513104912687
3002538,6.1722891721802045
3004320,5.500117579014863
3006102,5.77440867643288
3007884,9.626783401957244
3009666,11.344044940522958
3011448,5.891966154948516
3013230,5.327061569894507
3015012,5.595555277834403
3016794,5.102801170946318
3018576,5.711157311608468
3020358,9.422841361016962
3022140,10.350497641721311
3023922,5.765575793209109
3025704,5.530910017197403
3027486,6.148798377061195
3029268,5.655773882790708
3002539,0.027932461694548785
3004321,0.01731668753990245
3006103,0.018033571768564273
3007885,0.01701508300592587
3009667,0.017912127294376846
3011449,0.027561416262070634
3013231,0.007327995191863811
3015013,0.009297457496164119
3016795,0.0008085415813624702
3018577,0.0022613336870495894
3020359,0.0
3022141,0.0
3023923,0.0024152779116294204
3025705,0.00390993433537459
3027487,0.005349139894714701
3029269,0.0006444487614903871
3002540,7.512826144457733
3004322,4.839779573578976
3006104,5.356399868760289
3007886,8.017345826133605
3009668,10.287424122367113
3011450,5.433022746728658
3013232,5.253883133360317
3015014,5.723743583432259
3016796,4.961929321618225
3018578,5.3186944123556685
3020360,8.327479328377033
3022142,9.883138514148769
3023924,5.803564158870414
3025706,5.885167086611335
3027488,4.10654936728237
3029270,5.771048208250775
3002541,3034.5564713084264
3004323,2541.4533546469606
3006105,3042.245612535548
3007887,3582.5009099576805
3009669,4440.861097426962
3011451,2678.020433406014
3013233,2531.9043406193355
3015015,2768.670682756538
3016797,2452.2594523135963
3018579,2806.3897184532875
3020361,3369.6907398426265
3022143,3456.488176080256
3023925,2580.9713867819178
3025707,2592.799260780131
3027489,2787.117492645895
3029271,2633.626872479238
3002542,0.01471277517563266
3004324,0.004853148175212788
3006106,0.006035715411325135
3007888,0.0007836248162462374
3009670,0.0016667367088673167
3011452,0.011424979559308324
3013234,0.006506622370801562
3015016,0.008206920203645681
3016798,0.0006705937262936503
3018580,0.0022871553078674055
3020362,0.0
3022144,0.0
3023926,0.0017961137617557622
3025708,0.0032803644559081502
3027490,0.0039064474962790625
3029272,0.0006697915005209562
3002543,565.1265929641748
3004325,428.1537894734341
3006107,523.9747603072334
3007889,606.8356684074737
3009671,669.6658770958711
3011453,473.061417808907
3013235,463.02000282909927
3015017,481.5204368549753
3016799,419.6685638642187
3018581,472.4188536938362
3020363,541.6731095934832
3022145,564.0791177052793
3023927,448.37313950064737
3025709,450.101260750921
3027491,489.2423624972198
3029273,469.42888438266465
3002544,11.09339700861891
3004326,9.851474327430873
3006108,13.441293199091874
3007890,17.465767723141127
3009672,12.864753068115073
3011454,6.919231894234486
3013236,7.391150308218331
3015018,9.037809385328234
3016800,9.330428336636274
3018582,12.302420151007981
3020364,15.971568660140315
3022146,11.654733847078033
3023928,7.172991891416541
3025710,7.888801615034658
3027492,9.221892288956667
3029274,9.391575910988472
3002545,1173.8164945876254
3004327,832.0326628319584
3006109,992.6236878395725
3007891,1143.3247914005658
3009673,1406.1969198383329
3011455,932.745928469975
3013237,892.9614693409404
3015019,974.1898502977693
3016801,850.973921374299
3018583,979.6497902088976
3020365,1134.3502230213844
3022147,1149.9601462144617
3023929,888.4034653377879
3025711,906.6147834953435
3027493,987.8559533561283
3029275,960.6274027066543
3002546,989.6926099751681
3004328,730.1094187487084
3006110,986.7786923577509
3007892,1053.857782348164
3009674,1342.386398353183
3011456,835.9510111462722
3013238,787.9906190375078
3015020,840.4278718466277
3016802,703.0808180305324
3018584,823.0283365452292
3020366,947.293833596002
3022148,978.7633209759151
3023930,758.0599668211086
3025712,768.7881649746604
3027494,835.6926482332659
3029276,787.9713179658861
3002547,350.11814898006156
3004329,255.0558986730708
3006111,375.3715198631963
3007893,390.30352443521605
3009675,497.8530187710601
3011457,301.2441438245223
3013239,287.33954097220925
3015021,281.14097380140487
3016803,245.81164358468448
3018585,307.1259170936649
3020367,325.57065056877315
3022149,344.97329926478716
3023931,268.2949960850344
3025713,269.2750171155647
3027495,285.8264437206595
3029277,278.42564310946415
3002548,169.62974278088527
3004330,131.63702698426223
3006112,174.6669031447204
3007894,201.5268073329532
3009676,263.7704455956078
3011458,159.75327469133154
3013240,137.84042031275888
3015022,148.75261753291588
3016804,123.46161507091058
3018586,152.10318391214034
3020368,170.66714409326278
3022150,187.79674580339034
3023932,143.52271705237152
3025714,137.9659251376521
3027496,149.9095440773765
3029278,130.88897329848976
3002549,133.5672385927586
3004331,109.28146652749166
3006113,152.22275483033556
3007895,173.33801477150232
3009677,180.54787025352152
3011459,100.47018406622401
3013241,100.90964445513958
3015023,124.66710077632503
3016805,116.49738580854175
3018587,141.63855398639646
3020369,169.59204465865628
3022151,149.90243228009606
3023933,106.8871804712936
3025715,112.23353734261279
3027497,128.25773591846286
3029279,123.90688079574909
3002550,4621.01505515133
3004332,3503.199815463584
3006114,4325.257058284115
3007896,5051.454114543919
3009678,5853.822503289332
3011460,3858.7840735166114
3013242,3779.9563329986427
3015024,3940.513192495746
3016806,3511.130834711282
3018588,4071.2265834542595
3020370,4793.333753108693
3022152,4953.0160446012815
3023934,3771.4043848754113
3025716,3777.974997917889
3027498,4115.467415321936
3029280,3939.2172679125615
3002551,33.15240393225101
3004333,28.66137271717123
3006115,35.48440550539643
3007897,46.33230237808403
3009679,48.39547512281805
3011461,29.60188178210817
3013243,30.61557055653259
3015025,30.477148716110452
3016807,28.384809920258316
3018589,34.38329027371801
3020371,42.467765911014745
3022153,43.95380004195888
3023935,29.855700728069706
3025717,30.772304652687136
3027499,31.889574032774295
3029281,30.45350222007096
3002552,0.8307591649443203
3004334,0.8185992420371943
3006116,0.7327870286770984
3007898,1.0521521188540517
3009680,1.2556731865512794
3011462,0.7501507696791799
3013244,0.6968410306314062
3015026,0.6538307771692405
3016808,0.6243267454408029
3018590,0.600979268131891
3020372,0.8200300134202779
3022154,0.904297119862882
3023936,0.5924743118804027
3025718,0.6584854187285111
3027500,0.6992068122475813
3029282,0.6962994960525911
3002553,27.942789902959092
3004335,21.448760678713892
3006117,25.877490311827554
3007899,33.26697524684053
3009681,32.258699222869396
3011463,20.969335049566876
3013245,21.310845219549822
3015027,23.73869879930975
3016809,24.105183673623802
3018591,21.944904486659663
3020373,30.06472662604048
3022155,31.883728082524232
3023937,20.536547025300646
3025719,17.01506105503949
3027501,21.573044622507183
3029283,18.468349475787917
3002554,53.73099510309112
3004336,33.35871073433439
3006118,39.168840225145196
3007900,39.36547351650618
3009682,39.85837834629041
3011464,31.881376968604968
3013246,35.26131334612078
3015028,30.666314884601622
3016810,28.38529676171576
3018592,37.29965742282098
3020374,47.321399671878886
3022156,49.72435206553268
3023938,31.30946116788269
3025720,27.35558246544858
3027502,37.58681149047889
3029284,36.11146303757414
3002555,0.01991677361848503
3004337,0.004589336499636685
3006119,0.004188941167738662
3007901,0.0004277194830252673
3009683,0.07714178177205587
3011465,0.09173855904471985
3013247,0.010006884170189896
3015029,0.010906898821947215
3016811,0.0020928486323209612
3018593,0.0033147446798323806
3020375,0.0
3022157,0.0001576216920680214
3023939,0.007563129476627027
3025721,0.0057816434994973215
3027503,0.006639646110264282
3029285,0.0019874535888450328
3002556,277.5274635874009
3004338,202.8437081289219
3006120,227.33454476999546
3007902,323.4383385992476
3009684,378.17698521653756
3011466,246.2145811411573
3013248,233.084707502054
3015030,229.44811626223205
3016812,203.1596158057845
3018594,225.66736490593715
3020376,275.2572157225406
3022158,287.8145895377886
3023940,211.87287627923524
3025722,212.70446548450923
3027504,228.77355573429392
3029286,217.1654301292521
3002557,18.288292211227485
3004339,14.384138601443846
3006121,17.26328452254025
3007903,27.726883282103632
3009685,40.757379619372124
3011467,14.082440301589061
3013249,14.531591610772336
3015031,16.39886191309195
3016813,14.913682616216809
3018595,17.810281229921742
3020377,29.843018985940276
3022159,33.8668144667248
3023941,14.54880486438772
3025723,15.086891994340979
3027505,17.055208736983907
3029287,16.149586634980583
3002558,24.242690878426657
3004340,11.48293333428422
3006122,19.130852226731026
3007904,23.456219070235296
3009686,18.757294272863707
3011468,9.041132283048858
3013250,10.579323084087713
3015032,19.512059800028837
3016814,11.586391354586638
3018596,17.822208711744455
3020378,19.822015297499167
3022160,16.530506083823248
3023942,9.368585264144507
3025724,10.564777950996758
3027506,17.30479525974428
3029288,12.13444270438819
3002559,13.977635058347127
3004341,12.804462547913916
3006123,10.292517189653083
3007905,13.272078215256395
3009687,13.062480682063862
3011469,9.629601372856175
3013251,7.010513886384319
3015033,14.353084221630752
3016815,13.273254416307417
3018597,6.489367233107925
3020379,17.740972974432395
3022161,17.896501083660077
3023943,11.533831704192934
3025725,11.304339676890711
3027507,10.148113332321875
3029289,6.74580239252878
3002560,86.41895545973817
3004342,69.641343743189
3006124,125.39915487687084
3007906,169.6911309011844
3009688,70.40549138566386
3011470,32.50278516653128
3013252,41.569616936904616
3015034,57.09804212722607
3016816,59.74086208586373
3018598,96.46739940829559
3020380,100.40652423756221
3022162,64.73694558490416
3023944,45.22415077637453
3025726,45.17700239328621
3027508,60.30050017415338
3029290,58.698581149289545
3002561,6.557277727450592
3004343,6.622508303050968
3006125,7.9744497162043375
3007907,11.147180762816104
3009689,11.248671117365008
3011471,6.588338505933582
3013253,5.951727696780902
3015035,6.792920394840846
3016817,6.306872039782246
3018599,7.688373165048553
3020381,10.015430520307829
3022163,9.684508460588376
3023945,6.263357352995903
3025727,5.48073727071291
3027509,5.886586694604548
3029291,5.777342027600755
3002562,441.8035341649201
3004344,354.2994820152569
3006126,644.266550540051
3007908,462.1215988941122
3009690,502.3423069054383
3011472,349.0632077750624
3013254,370.1344066294517
3015036,385.5791586957578
3016818,338.0159475408794
3018600,488.0949071437592
3020382,409.03526647060175
3022164,436.4546856394183
3023946,358.0147720877676
3025728,365.81043996550835
3027510,395.68630431227604
3029292,366.6486360950498
3002563,379.3212470555989
3004345,259.1449429084892
3006127,283.69512332205124
3007909,381.11944347392506
3009691,465.4132244938562
3011473,294.2280613792518
3013255,276.8575723618461
3015037,317.44661208421917
3016819,253.6448623856064
3018601,291.08892140295416
3020383,375.57262396940274
3022165,399.3842542652492
3023947,288.8508829934797
3025729,304.2578366307379
3027511,319.92782971140855
3029293,307.4423898594171
3002564,8.683502637742889
3004346,7.584693018293763
3006128,8.102606671869994
3007910,12.202133883266695
3009692,12.388436811764599
3011474,7.675939676321664
3013256,7.640388101473266
3015038,8.025238784644367
3016820,7.093641200159804
3018602,8.163607959080894
3020384,11.82967729651997
3022166,12.228201220147929
3023948,7.526949358615016
3025730,7.673563702611875
3027512,7.760701792331539
3029294,7.379235167890404
3002565,14.188746499945644
3004347,12.214460972262009
3006129,14.916979955777428
3007911,20.405881573744434
3009693,21.903417102018796
3011475,11.788953519944107
3013257,11.89354144125956
3015039,13.167457102733145
3016821,12.016020172921953
3018603,13.038949576139077
3020385,16.573649299023227
3022167,18.062036595607697
3023949,11.740729111641611
3025731,12.277118098104685
3027513,13.072729407693389
3029295,12.41738964580434
3002566,474.8054596156762
3004348,404.05932822405794
3006130,664.6981741880504
3007912,557.2202188556066
3009694,707.8445857524753
3011476,461.39998486743934
3013258,407.32181749081
3015040,462.9048143201538
3016822,401.7378928887233
3018604,554.4995905795581
3020386,499.78026654196304
3022168,540.5977581689834
3023950,421.69632599342003
3025732,429.28667049998995
3027514,471.5846767824751
3029296,435.5170703826979
3002567,99.1001967778367
3004349,84.8886992635402
3006131,104.88795907130707
3007913,113.72467168968039
3009695,123.024309709117
3011477,85.85920460918521
3013259,85.83909284187934
3015041,89.72459545109471
3016823,82.4127802840549
3018605,92.88103861194169
3020387,107.13895261441361
3022169,111.03763949477427
3023951,83.39446992591941
3025733,84.9292060322657
3027515,91.421464058322
3029297,85.49362273886139
3002568,3606.0035783452536
3004350,1748.9164205495192
3006132,2375.9861266801895
3007914,2854.166336416898
3009696,3355.080294378156
3011478,2013.557463552325
3013260,1866.5723376718581
3015042,2810.3049877486023
3016824,1726.5275874933868
3018606,2134.4759267257864
3020388,2523.8606748401758
3022170,2557.876427217396
3023952,1941.1636125780676
3025734,1938.343081832499
3027516,2821.509950428887
3029298,1846.2599939511992
3002569,219.04990160969314
3004351,0.0
3006133,0.0
3007915,0.0
3009697,0.0
3011479,0.0
3013261,0.0
3015043,0.0
3016825,0.012579909465887898
3018607,0.042527424498023
3020389,0.035192710621084936
3022171,0.018832692764333
3023953,0.04599179590095102
3025735,0.061175708450459755
3027517,0.045750729345862905
3029299,0.04755381112658643
3002570,36.35448256333273
3004352,27.409266317494758
3006134,51.651309770053984
3007916,42.0697269147017
3009698,54.57511918465979
3011480,32.57071514441942
3013262,35.27172889982614
3015044,34.39084509477678
3016826,29.063761992758526
3018608,44.349969295442975
3020390,41.4628359081498
3022172,45.07841347240512
3023954,32.29889015992094
3025736,33.55248673904004
3027518,33.780294229479985
3029300,29.48185419457798
3002571,5.152863437676469
3004353,4.208910257548491
3006135,4.065964857879744
3007917,4.577536161686362
3009699,4.258919596732998
3011481,4.288955024130655
3013263,4.070592561237795
3015045,4.196236140164708
3016827,3.7458613527189595
3018609,3.8370296214706445
3020391,4.014120527983891
3022173,3.9037845837130356
3023955,3.9170237002742048
3025737,3.9311087190614042
3027519,3.8600641466759007
3029301,3.8017277501678124
3002572,0.040941387807030855
3004354,0.026819390213029554
3006136,0.02122281211511379
3007918,0.005730612981720523
3009700,0.009902852295570178
3011482,0.040679982013962744
3013264,0.03611665084371011
3015046,0.017700893010323054
3016828,0.004497053037913185
3018610,0.00281931478566951
3020392,0.0
3022174,0.0
3023956,0.012551764680364058
3025738,0.011663488056878732
3027520,0.011490321005237787
3029302,0.003098673392877288
3002573,7.728573061036953
3004355,4.23086240092985
3006137,6.4672977999254515
3007919,5.8866549048896735
3009701,8.685521726287886
3011483,8.722314084840697
3013265,7.999801850274873
3015047,7.181071159927498
3016829,5.289348031601693
3018611,5.131606053234204
3020393,6.483377866609165
3022175,6.30068512068017
3023957,4.84886222138936
3025739,4.78674759933051
3027521,4.879994503523652
3029303,6.414792211186726
3002574,4395.074901916824
3004356,3109.2000509009463
3006138,3693.632736815643
3007920,3697.7026124894323
3009702,3756.0632609072254
3011484,4135.251316170655
3013266,3762.4183801034033
3015048,3631.474488919122
3016830,3164.6184494890967
3018612,3665.585059936539
3020394,3587.3362809141413
3022176,3586.4854768121822
3023958,3644.2351318613714
3025740,3430.145880563701
3027522,3648.8436776811072
3029304,3364.908182973975
3002575,0.11118703442193323
3004357,0.08813805651401202
3006139,0.07850741566451097
3007921,0.04954008430659237
3009703,0.06866675910341796
3011485,0.09749464674923435
3013267,0.09014782838170554
3015049,0.13607094986979285
3016831,0.1063520159901052
3018613,0.10227363835487459
3020395,0.06713667242953884
3022177,0.07856756474033919
3023959,0.11972633345866278
3025741,0.11258770397380036
3027523,0.19538069415643833
3029305,0.17096567781061314
3002576,735.1666723304246
3004358,580.3467704714323
3006140,603.1357259778292
3007922,618.2935662645035
3009704,635.0680857563701
3011486,791.0277493888861
3013268,675.8294111955056
3015050,669.9409298656166
3016832,565.1408640834661
3018614,615.0447328025874
3020396,608.47416186918
3022178,618.3000924002782
3023960,673.7707063628291
3025742,624.1450256372406
3027524,673.0473442949815
3029306,625.5395218432313
3002577,17.330909017918874
3004359,17.448248650237748
3006141,19.634579190205404
3007923,21.261780287981907
3009705,11.81503565765397
3011487,13.707258541496197
3013269,11.962774292841535
3015051,15.961180761021678
3016833,16.17967226532419
3018615,19.892649299172394
3020397,19.459755317194652
3022179,12.359479049330519
3023961,12.409592766666897
3025743,13.056572857660994
3027525,14.683581977859012
3029307,14.882434370322642
3002578,1245.6943011399974
3004360,808.236087514318
3006142,917.5525669487107
3007924,848.727736406711
3009706,857.8332784168527
3011488,1142.1299786874195
3013270,1060.8987190646112
3015052,1042.8063558611245
3016834,886.5417049821957
3018616,1007.5567043239839
3020398,950.8667068794417
3022180,941.7890319309812
3023962,1055.8436833444784
3025744,992.3420168724164
3027526,1064.0261315325233
3029308,993.0552365614611
3002579,1519.4479982362282
3004361,1059.2704063388967
3006143,1249.683135228768
3007925,1228.8208847375065
3009707,1251.8031843924264
3011489,1464.7791204207213
3013271,1262.2148416502669
3015053,1288.9253856986904
3016835,1079.8681289293527
3018617,1255.249554168
3020399,1232.0779180669617
3022181,1236.0433694394944
3023963,1293.9652034615199
3025745,1201.0221872875456
3027527,1287.508690238935
3029309,1181.5699773476128
3002580,211.35795589960833
3004362,161.3054189172316
3006144,201.2154536084283
3007926,168.07883725003452
3009708,175.456696737771
3011490,210.33394846005535
3013272,180.4652304808675
3015054,182.65886970897054
3016836,161.76630848136574
3018618,195.76902173294968
3020400,173.0440709493112
3022182,174.74904879639635
3023964,188.44192799175912
3025746,175.9188861277444
3027528,186.0522158877197
3029310,178.4801152030302
3002581,311.2012110168791
3004363,233.79877749808438
3006145,274.28792010225305
3007927,263.51435537136393
3009709,265.8895806583971
3011491,325.3049752286279
3013273,282.83562636639505
3015055,269.0306270589015
3016837,222.31030997262687
3018619,279.578122023235
3020401,247.42476080208715
3022183,253.521584057514
3023965,271.62688210503916
3025747,252.79834388125354
3027529,271.82886028160186
3029311,236.3469296419203
3002582,224.25033380372534
3004364,167.42249188589548
3006146,232.53031735066529
3007928,204.46435207148897
3009710,166.69993986812815
3011492,185.49529870530168
3013274,196.66054848131344
3015056,180.9946726359067
3016838,161.15064775740566
3018620,192.9386422090356
3020402,186.44444993584875
3022184,161.24058985344843
3023966,168.64976189877885
3025748,168.35262983541813
3027530,184.90784461433543
3029312,170.10037472275152
3002583,4458.238831461302
3004365,2836.3671114160934
3006147,3504.268822317488
3007929,3245.1498514323207
3009711,3426.5895429691136
3011493,4259.864858478735
3013275,3703.5042319718636
3015057,3767.0485385447773
3016839,3209.67144158342
3018621,3663.565180284399
3020403,3524.2531873642965
3022185,3538.2206784265204
3023967,3783.1004282854487
3025749,3549.4409103236435
3027531,3904.594458736596
3029313,3492.674656210855
3002584,39.59782181837957
3004366,35.139330765393595
3006148,41.982425224561524
3007930,37.001155116160184
3009712,34.31904081989958
3011494,46.37291636425103
3013276,35.57706846535638
3015058,39.980741732857894
3016840,35.20243522595262
3018622,37.0578102347508
3020404,34.16368923291996
3022186,33.466499246255346
3023968,40.30930785420234
3025750,36.48406312243642
3027532,39.710341866097885
3029314,35.63272936455898
3002585,2.651634019407494
3004367,2.2908723066543177
3006149,2.2173532825039985
3007931,2.3245818694763236
3009713,2.3101222376338213
3011495,2.2161454330256958
3013277,1.7290843461466665
3015059,2.3586142731850614
3016841,2.1212493731978626
3018623,2.01972317410396
3020405,2.311134739815797
3022187,2.231969982875382
3023969,2.2619807085121857
3025751,2.209354449798114
3027533,2.4193536739087116
3029315,2.2848171379673903
3002586,37.00023264568711
3004368,30.961919247343975
3006150,35.33504415315168
3007932,38.36088502209794
3009714,25.995792765474118
3011496,31.354980680059914
3013278,30.128587356555837
3015060,30.29698098723958
3016842,28.642239050469225
3018624,32.97971418846797
3020406,31.504831562473083
3022188,29.585490957417264
3023970,31.52182948191985
3025752,32.27698270776134
3027534,34.89172827839921
3029316,30.91161977996137
3002587,54.527136135616615
3004369,43.23142904334423
3006151,50.78320133217424
3007933,59.73082975272093
3009715,68.28454120184503
3011497,88.3423720600022
3013279,53.45571497347306
3015061,60.70672506315449
3016843,49.89715852832784
3018625,52.865943175268484
3020407,57.40684481027616
3022189,58.54547658403211
3023971,61.07095696122661
3025753,59.67425580294104
3027535,56.08343965863144
3029317,57.84214227375202
3002588,0.7612888101092761
3004370,0.5179585370541943
3006152,0.5134556789434894
3007934,0.4098191720002538
3009716,0.5053977721134995
3011498,0.5445257008692875
3013280,0.6149518554371772
3015062,0.6268079947309219
3016844,0.4564767523944379
3018626,0.4483901998130729
3020408,0.3948168726325081
3022190,0.4639247609094652
3023972,0.5153782794017532
3025754,0.5527145673399035
3027536,0.4998732708562666
3029318,0.47709429017012533
3002589,278.11969482306364
3004371,185.91018885065105
3006153,215.92606555766747
3007935,218.3940066876362
3009717,267.75864460135773
3011499,256.29861087017406
3013281,218.47496965306667
3015063,234.483740569926
3016845,202.81898652055906
3018627,222.84502648695107
3020409,231.3904099553853
3022191,231.86672123997008
3023973,235.0152533508681
3025755,218.6113746074328
3027537,238.89620251984525
3029319,204.9590844310832
3002590,13.771758662431184
3004372,11.663243406070606
3006154,12.405357577714161
3007936,17.459809290068282
3009718,16.787740428199413
3011500,15.56440861265225
3013282,14.051535489322797
3015064,12.549121313056077
3016846,11.512326110027546
3018628,12.060425784242822
3020410,16.579867206537703
3022192,17.571915162309438
3023974,13.339889807959802
3025756,12.641327632265677
3027538,11.93838297686745
3029320,10.928319609267968
3002591,55.401480513876244
3004373,30.42489079362008
3006155,43.090674335556805
3007937,44.92563683057523
3009719,33.910994098441684
3011501,32.45456490033846
3013283,34.35901791386869
3015065,47.95607784456815
3016847,33.044372509186296
3018629,46.79752210401835
3020411,44.58734915924337
3022193,38.56854981357555
3023975,33.13026936593871
3025757,34.797998786605696
3027539,50.4083704237236
3029321,33.58699165578953
3002592,16.137728443506422
3004374,4.907650748604296
3006156,4.9536669500814225
3007938,6.437439318118767
3009720,9.674526979435063
3011502,4.886236408828911
3013284,8.342955787887837
3015066,10.129435217655418
3016848,8.371051315788414
3018630,7.758478929089276
3020412,5.563925027124398
3022194,6.995103683839112
3023976,5.68518507406976
3025758,10.418562934721045
3027540,9.019791532179804
3029322,6.372626901525398
3002593,174.33001291067782
3004375,122.77280484728732
3006157,252.31189345149082
3007939,238.69904339837277
3009721,112.36969565460818
3011503,95.46996363410871
3013285,97.24143563137814
3015067,110.09594541014285
3016849,117.47580892802439
3018631,141.6205927845548
3020413,130.82289105392275
3022195,93.42182697118665
3023977,79.25574633462202
3025759,80.97207576630848
3027541,100.07427086753466
3029323,94.26148815624386
3002594,17.625909782942987
3004376,16.46327527647608
3006158,19.87910888445982
3007940,20.838974820904802
3009722,17.56853726109902
3011504,18.558617399072318
3013286,17.2022726029651
3015068,16.78494840729353
3016850,15.155198578718265
3018632,19.625269790811853
3020414,19.65827801083815
3022196,16.8801856351681
3023978,17.294208719177302
3025760,15.852232180779758
3027542,14.493381486278253
3029324,13.640578315330309
3002595,501.1798732188731
3004377,412.79861233373094
3006159,623.8704273317798
3007941,386.20762612434515
3009723,426.36399451216494
3011505,535.821097858291
3013287,476.85566539421256
3015069,481.4586828952963
3016851,417.04399246586354
3018633,599.6894634445256
3020415,411.8227377737214
3022197,431.5941774311355
3023979,484.10815777266026
3025761,457.06952832171146
3027543,489.75398539716406
3029325,446.2619641146976
3002596,308.09855300219897
3004378,185.66416445607084
3006160,219.6777622470114
3007942,224.3578372632086
3009724,252.3707080009931
3011506,280.7369114669794
3013288,249.09725327497532
3015070,245.08518785019353
3016852,203.73742971383322
3018634,223.14753808632963
3020416,241.9949029007571
3022198,247.37163489603986
3023980,257.8888742896126
3025762,231.477908825654
3027544,247.07611532680002
3029326,240.1365313366576
3002597,7.557672180616982
3004379,6.8646572978276765
3006161,6.597846733448695
3007943,7.04086322759017
3009725,7.709179529975567
3011507,7.456516396990253
3013289,6.1028489691111325
3015071,6.721299139080979
3016853,6.139818650087701
3018635,6.1564387326929575
3020417,6.544221745614887
3022199,6.743900763761044
3023981,7.5238257654233776
3025763,6.5127941666642455
3027545,7.143141061372162
3029327,6.786457021917525
3002598,14.59129013972399
3004380,12.70293911470567
3006162,14.675557790054908
3007944,14.933583187525485
3009726,15.88581838327883
3011508,13.63358703442065
3013290,13.44869762658481
3015072,13.268400097564674
3016854,11.816401372388123
3018636,14.005094615163534
3020418,13.849397952025583
3022200,13.734150441429135
3023982,14.956802020421149
3025764,12.875738517574419
3027546,12.447640476010477
3029328,11.696757749277515
3002599,699.0139989852622
3004381,563.0172323409828
3006163,775.1452533079138
3007945,529.070547861774
3009727,566.3683953117401
3011509,741.2781083998126
3013291,607.1381617751066
3015073,661.1909492108706
3016855,564.3582136375575
3018637,766.0203524620579
3020419,590.9176315025443
3022201,612.533649460056
3023983,656.5558792679959
3025765,619.5536476865773
3027547,665.1790107710775
3029329,602.1609587036778
3002600,144.24220999097386
3004382,122.85095761892426
3006164,138.52397085132867
3007946,123.99825946308302
3009728,118.3951604566368
3011510,130.0390192809399
3013292,126.74931173587582
3015074,119.10828559665948
3016856,107.64343430741634
3018638,114.52735537416225
3020420,110.06778409233472
3022202,108.94118482146672
3023984,115.87586360289951
3025766,112.06723753613107
3027548,118.04103312832497
3029330,111.05951118372968
3002601,7285.543726362826
3004383,3887.390645703026
3006165,4596.235298449504
3007947,4761.807173790635
3009729,4827.973858558403
3011511,5622.002180852699
3013293,4771.216215954991
3015075,5914.895968697209
3016857,3843.9994616431322
3018639,4654.467222450155
3020421,4704.9857266662375
3022203,4605.190999755106
3023985,4662.207606679189
3025767,4381.408755845516
3027549,5910.158753975448
3029331,4016.633550509192
3002602,17.553912111546563
3004384,0.0
3006166,0.0
3007948,0.0
3009730,0.015276334411416001
3011512,0.1819596760586696
3013294,0.2361391804328998
3015076,0.0
3016858,0.31084583891895207
3018640,0.3084143875266144
3020422,0.3032788121284006
3022204,0.34868354834011767
3023986,0.4243263652918006
3025768,0.4154724289699869
3027550,0.3060353289705298
3029332,0.3462243217495315
3002603,49.163761745070836
3004385,34.76652482236276
3006167,53.77445788245848
3007949,38.08453478689949
3009731,38.45585249800329
3011513,45.365673315559455
3013295,42.40451977438993
3015077,48.67212320023044
3016859,40.5258362075287
3018641,58.08297583084637
3020423,44.1590850741599
3022205,45.394025369713255
3023987,47.60685794155297
3025769,45.22359175315514
3027551,46.802056050463186
3029333,40.978274581895704
3002604,3.7735930372021933
3004386,3.449274943610988
3006168,3.6473772709038115
3007950,5.782686543405113
3009732,5.450071985644968
3011514,3.268718748576687
3013296,3.27132254709084
3015078,3.147322867556374
3016860,2.9347576726044196
3018642,3.05968623731099
3020424,5.031279953418262
3022206,4.957048114793442
3023988,3.2503878157743613
3025770,3.01911780438399
3027552,3.2325557183799702
3029334,3.176131243371722
3002605,0.6966933794024807
3004387,0.6885521671122884
3006169,0.7478124232189582
3007951,1.0642259375893193
3009733,1.3042810682759358
3011515,0.9651434088541483
3013297,0.623488547492208
3015079,0.6816406697593914
3016861,0.6248789511304255
3018643,0.6423498540247999
3020425,0.9339937898372946
3022207,1.0396015053600032
3023989,0.7359142098909152
3025771,0.6758736881739856
3027553,0.7312379904257273
3029335,0.6945524320140223
3002606,11.399376414511579
3004388,6.256971996944521
3006170,9.057655179304025
3007952,13.397881295217976
3009734,13.7316392850438
3011516,9.823931048839647
3013298,9.388751201683474
3015080,10.574082291225414
3016862,7.853043617356484
3018644,8.918399591345125
3020426,11.799362116310649
3022208,10.890314883049484
3023990,8.427215045986417
3025772,6.316056413759493
3027554,9.977586476966382
3029336,10.282873904516153
3002607,4468.175693420853
3004389,3338.2674391438336
3006171,4358.2179245699235
3007953,5114.552206457273
3009735,5192.317589052932
3011517,3646.832011812385
3013299,3331.8073944691046
3015081,3753.3594587976604
3016863,3274.1167329975374
3018645,4025.7517905788577
3020427,4452.59529770137
3022209,4308.333592537484
3023991,3454.810171224435
3025773,2988.99170804314
3027555,3809.3103831929
3029337,3580.1683554335864
3002608,0.031243318064158462
3004390,0.023818608844622054
3006172,0.02451985233822899
3007954,0.02237305526707774
3009736,0.0046700750299703345
3011518,0.018350895092528276
3013300,0.006559239593786935
3015082,0.008995929266618604
3016864,0.0023115363907064146
3018646,0.003161067122700829
3020428,0.0009713798837209766
3022210,0.0018295223255137968
3023992,0.005214500975800848
3025774,0.0010901915410770344
3027556,0.003201409026177977
3029338,0.0023430214418477748
3002609,870.4976943106416
3004391,653.4217147902162
3006173,761.4644664117499
3007955,905.7897355559444
3009737,904.0220890414907
3011519,764.3525807699215
3013301,705.887736213603
3015083,794.1954228131857
3016865,656.5341477108558
3018647,772.181688705014
3020429,827.8334654631705
3022211,824.727856045814
3023993,717.2858821490387
3025775,693.8824460778488
3027557,799.6513045223969
3029339,744.0631215169905
3002610,19.467295022523686
3004392,19.060858047365258
3006174,22.684397323804173
3007956,24.80865112350072
3009738,13.222572174032338
3011520,13.530172176385568
3013302,14.375127598286758
3015084,18.2699922697328
3016866,18.081718770291577
3018648,22.095723488001102
3020430,21.80180577621233
3022212,14.62448212527948
3023994,13.990934225314177
3025776,15.32181151585283
3027558,18.065144550585288
3029340,18.2376593369388
3002611,1297.2249085125757
3004393,870.3002764442209
3006175,1034.6170931516228
3007957,1259.7842155279527
3009739,1314.547117837875
3011521,1074.7150414331813
3013303,1040.7718845286365
3015085,1046.1780948362054
3016867,871.4825565902165
3018649,1040.5999212378404
3020431,1115.5361221376713
3022213,1094.5583729080763
3023995,956.7523569233027
3025777,869.2488190285485
3027559,1083.2589147325252
3029341,1011.0477276156554
3002612,1481.8736484453946
3004394,1109.4251882330022
3006176,1378.2605819455246
3007958,1561.154815774482
3009740,1673.4928901353512
3011522,1302.5120432318315
3013304,1214.407032797725
3015086,1219.4747243609588
3016868,1018.9213851116359
3018650,1219.3973635650875
3020432,1349.543847665094
3022214,1327.4666571332143
3023996,1105.2844536682571
3025778,1078.750040925899
3027560,1245.7651287996416
3029342,1156.0305655326945
3002613,301.6783680043832
3004395,224.0299066254113
3006177,323.99952605052965
3007959,305.1416841214617
3009741,318.0630043865231
3011523,247.81315519686711
3013305,241.77875684306545
3015087,241.3339837546276
3016869,216.99385786508154
3018651,275.7082240800918
3020433,275.7022884220519
3022215,275.7159724751425
3023997,232.9484616777471
3025779,224.51010348005786
3027561,253.5181193945585
3029343,248.70597758720703
3002614,312.1906257815296
3004396,230.88110132881636
3006178,331.5766406054948
3007960,381.727433780697
3009742,417.23337930640855
3011524,280.6671187878323
3013306,263.46160674691964
3015088,263.0290280893326
3016870,218.3983626256178
3018652,293.70246176547045
3020434,292.4113670477289
3022216,300.22478361874187
3023998,247.39073565972149
3025780,242.0500355117323
3027562,268.5289762852669
3029344,235.19888489436514
3002615,167.2841319247914
3004397,131.24657930647786
3006179,176.73439223749912
3007961,193.09618974018383
3009743,155.454080600308
3011525,138.2360310328879
3013307,137.16856897921392
3015089,140.5882429362582
3016871,125.94949563837281
3018653,154.01486146334554
3020435,160.07955558129666
3022217,134.47846091113078
3023999,121.85216634164935
3025781,125.35887581511771
3027563,142.99117911071878
3029345,138.3558671464792
3002616,5015.688813604127
3004398,3453.815709913272
3006180,4681.024935361084
3007962,5501.108521712835
3009744,5464.648126252527
3011526,4091.3160255404505
3013308,3846.1087694231755
3015090,4183.390806924271
3016872,3631.5523086090566
3018654,4286.926190773036
3020436,4740.648275596529
3022218,4619.419352220113
3024000,3873.020693196892
3025782,3328.7171381016465
3027564,4360.407363688061
3029346,4116.681893499678
3002617,38.977960722065596
3004399,36.60930706223683
3006181,45.136214122944374
3007963,48.4356290887508
3009745,48.85505007613043
3011527,36.00808597650153
3013309,27.720286971096854
3015091,41.66985886848447
3016873,35.156245252080964
3018655,42.929315982266864
3020437,47.93864745939345
3022219,43.7588582718088
3024001,37.511432743095625
3025783,36.11659399801724
3027565,40.0673843031495
3029347,36.325048767065574
3002618,2.424595559503392
3004400,2.241934526273964
3006182,2.5630706920540516
3007964,3.6831886879926294
3009746,4.325013517129757
3011528,2.5864195100759484
3013310,0.4971971491723482
3015092,2.5271141268444457
3016874,2.1238310408536427
3018656,2.404984860580623
3020438,3.649957895717481
3022220,3.58747271561741
3024002,2.1965578660348544
3025784,1.821916737871826
3027566,2.1699646860148767
3029348,1.9355217350145573
3002619,47.966039567422
3004401,31.984190641074846
3006183,38.66091857296576
3007965,45.08406172428661
3009747,36.57291711332423
3011529,34.32464728588275
3013311,32.991802153012536
3015093,35.07254772816662
3016875,37.48306401139723
3018657,38.74255914894315
3020439,42.503330521763
3022221,35.890368903764035
3024003,28.113136907938397
3025785,28.30315542154427
3027567,34.659845579738835
3029349,32.615351118715516
3002620,55.41855434059338
3004402,33.8349739283095
3006184,43.16954583493074
3007966,56.25993442762766
3009748,56.12316114071145
3011530,38.915655573452085
3013312,36.29384511416803
3015094,44.35582029421666
3016876,39.950835773005295
3018658,39.2282907769053
3020440,46.520920782140415
3022222,46.778877666382506
3024004,40.615840473981685
3025786,32.125742549381094
3027568,40.95330886295081
3029350,44.71117147059325
3002621,0.02290369125662506
3004403,0.012098057776353288
3006185,0.01269040451530831
3007967,0.0056393644527136825
3009749,0.08072825151429576
3011531,0.10122116579775346
3013313,0.011451183837284372
3015095,0.013696134795639784
3016877,0.003545125324905909
3018659,0.005370350562231385
3020441,0.0016213109738346784
3022223,0.0029519139628867083
3024005,0.012260439989460368
3025787,0.005298700342742983
3027569,0.006785824062400678
3029351,0.0038984744949850537
3002622,337.88911469769215
3004404,250.1066000291687
3006186,315.9138546735945
3007968,375.99903720872226
3009750,409.6218263911955
3011532,306.64607828843003
3013314,290.8502157639119
3015096,295.5264989346778
3016878,256.13674952958587
3018660,294.9465084052089
3020442,350.82225600162445
3022224,352.405178050836
3024006,276.9819425785593
3025788,267.79764825238203
3027570,312.88403438546
3029352,280.3838452405681
3002623,27.77535725784482
3004405,21.914565982415372
3006187,26.24048156285083
3007969,45.65153882479558
3009751,42.024323607070784
3011533,22.164668343280965
3013315,22.363603891974197
3015097,23.126305884614066
3016879,20.35487760125614
3018661,23.13993170183704
3020443,34.57038745902426
3022225,33.83161477804263
3024007,20.852106739359076
3025789,21.2654801450901
3027571,22.666266369748595
3029353,20.99326173307033
3002624,54.6889823457015
3004406,28.65946973039748
3006188,38.58582614101963
3007970,39.627439847242385
3009752,36.57765458810797
3011534,25.46641994803781
3013316,28.686075147676913
3015098,42.591395168583055
3016880,26.95335338246734
3018662,37.910051439758746
3020444,38.13954267465877
3022226,33.86857788933675
3024008,25.572361251683684
3025790,28.45073833383007
3027572,41.894447605812324
3029354,28.84518645025054
3002625,30.142007529336507
3004407,16.274986940979378
3006189,19.578345143534033
3007971,24.080795986753145
3009753,25.222202112129622
3011535,20.073833491471767
3013317,19.885267629769604
3015099,19.290618686980746
3016881,19.73542339064065
3018663,16.57608631079651
3020445,23.148650982429064
3022227,21.977456674037455
3024009,17.303177623701163
3025791,15.456057984340097
3027573,19.59401039916988
3029355,20.13222816215681
3002626,165.2367609303788
3004408,112.40349444697155
3006190,189.52283361633212
3007972,211.70454186476
3009754,81.63758594416143
3011536,80.44368257621285
3013318,112.054860668728
3015100,115.15617747696429
3016882,123.8249215831462
3018664,155.67142748690443
3020446,131.44527154604967
3022228,88.72895311445762
3024010,78.45008003370687
3025792,77.31799163656602
3027574,117.28293312394271
3029356,94.6484240218693
3002627,19.665598740171585
3004409,16.834535709221054
3006191,19.583957020537678
3007973,24.788752456602282
3009755,20.97531248516891
3011537,15.099031386004711
3013319,15.573492980523776
3015101,16.506811027800435
3016883,15.48977542084454
3018665,20.311793222706743
3020447,22.235071181991817
3022229,19.165120881450676
3024011,14.704765722810663
3025793,14.698564083391824
3027575,15.69717279116337
3029357,15.346666768842098
3002628,425.82848197045587
3004410,357.6564808012001
3006192,663.0363918573638
3007974,414.1047757651274
3009756,439.00169513451266
3011538,377.5723995489575
3013320,328.517153545401
3015102,362.39225735821225
3016884,321.41251951414296
3018666,515.1993071068156
3020448,372.7525816872362
3022230,375.73135918452846
3024012,336.16448095456406
3025794,337.65547154694326
3027576,375.0134248279135
3029358,350.5479089215044
3002629,358.05020062044287
3004411,268.87788219051185
3006193,343.0590302349001
3007975,446.99008907951264
3009757,504.87500469062434
3011539,368.6257716702922
3013321,298.88307645026833
3015103,300.78137713573045
3016885,251.0344828473044
3018667,279.30636814074205
3020449,345.8129020966412
3022231,346.7155849093313
3024013,279.6935376180655
3025795,252.89928927405785
3027577,313.1901422218018
3029359,302.36793556457434
3002630,18.06344860296712
3004412,15.834479770326288
3006194,17.21733224959633
3007976,23.810248437198613
3009758,24.02041563544259
3011540,13.53464829347651
3013322,12.059802817275079
3015104,15.644600690789025
3016886,14.370738892422983
3018668,16.007288272219874
3020450,20.79794093550184
3022232,20.48633944348539
3024014,14.429867698176489
3025796,13.759284415816246
3027578,16.240465315954093
3029360,15.48265847008435
3002631,19.6278359148594
3004413,17.233682497462897
3006195,20.074142711504
3007977,29.015963987265337
3009759,27.458901576899013
3011541,18.179386336942333
3013323,19.29950686582448
3015105,18.377250538665084
3016887,16.303264687980672
3018669,18.32061846443948
3020451,23.43953575754165
3022233,23.75370668141464
3024015,17.976793038662432
3025797,17.30586297135966
3027579,18.011212813612264
3029361,17.486429432755795
3002632,572.5257179245879
3004414,478.50944215979126
3006196,883.9512587824448
3007978,639.8770169051094
3009760,669.9877952761117
3011542,539.296714395607
3013324,494.7974151027723
3015106,500.5057999979369
3016888,429.51355555715924
3018670,631.1662093422718
3020452,515.7774874731757
3022234,518.8636526105937
3024016,454.6145534690568
3025798,459.662926521713
3027580,511.17918076212794
3029362,468.9909099955841
3002633,159.076280400485
3004415,140.7507661469463
3006197,140.06571400344856
3007979,165.4877193365481
3009761,179.15485757312467
3011543,136.5085603687833
3013325,130.5445383600268
3015107,135.86202622142648
3016889,121.63133547639048
3018671,134.3065336557476
3020453,142.4704372466117
3022235,137.8483875496767
3024017,121.38502663741262
3025799,122.75887742916287
3027581,137.87888201892522
3029363,128.67374230051527
3002634,6475.527028638123
3004416,3214.6651657906755
3006198,4371.518536822139
3007980,5040.447679243439
3009762,5162.172037239127
3011544,3835.9600039433385
3013326,3521.510393793349
3015108,5274.289979847825
3016890,3165.5440646628667
3018672,4083.8748552889665
3020454,4354.6051156258545
3022236,4196.188417290861
3024018,3518.7314138719735
3025800,3445.5692070563714
3027582,5316.034038935706
3029364,3385.4320874931495
3002635,27.40837547257401
3004417,0.05750516316783275
3006199,0.05433897323456377
3007981,0.0415813239297412
3009763,0.14733452167241276
3011545,0.07202968841827297
3013327,0.0
3015109,0.06119115640708719
3016891,0.6945922627303737
3018673,0.6919776272646364
3020455,0.9797994795657408
3022237,1.0904835760838731
3024019,0.7506303510697564
3025801,0.8439205359031589
3027583,1.0324438974474341
3029365,0.9901684278479115
3002636,35.79726274364375
3004418,28.783662887702004
3006200,53.14647882452747
3007982,36.38490767867367
3009764,39.83302898488865
3011546,27.54694731497624
3013328,24.216711054036764
3015110,31.996080636477696
3016892,26.99102528849485
3018674,45.10872911578724
3020456,36.89336817739157
3022238,38.13678959510289
3024020,29.51483091273933
3025802,27.047467837594926
3027584,33.40503748655225
3029366,29.735896989233954
3002637,10.891086397999482
3004419,9.583800482297198
3006201,10.405845373658698
3007983,14.2221680178481
3009765,16.0656498108053
3011547,9.85771496794429
3013329,9.725424965413943
3015111,9.718212811221536
3016893,9.427544625630082
3018675,9.891650973088177
3020457,13.964042516696244
3022239,14.666590976860505
3024021,9.412947613567601
3025803,10.584210961976742
3027585,10.454767971260447
3029367,10.860412893356298
3002638,0.24645578228721862
3004420,0.2158691041941285
3006202,0.21735553932440785
3007984,0.15181279591810545
3009766,0.15282146688868783
3011548,0.09382457111233368
3013330,0.09371142062234346
3015112,0.24286346991158278
3016894,0.22676107738009477
3018676,0.22868047300475336
3020458,0.2645392151448589
3022240,0.30418579362207393
3024022,0.19146936987593832
3025804,0.21812848407592159
3027586,0.274088028733869
3029368,0.339407959779579
3002639,9.325962087554402
3004421,6.404027511363271
3006203,5.912519791991376
3007985,10.541427054079394
3009767,11.48274259155982
3011549,6.336771558380452
3013331,6.512921028608445
3015113,7.011289109633733
3016895,6.805259381057225
3018677,6.690216785886451
3020459,10.818564374937774
3022241,11.370221776077846
3024023,7.388523269823966
3025805,7.929304213881981
3027587,7.749740409070102
3029369,8.689583112810547
3002640,3114.16039763797
3004422,2811.289306398085
3006204,2854.3853431362418
3007986,4218.971674543439
3009768,4504.992759504729
3011550,3162.8790047490706
3013332,3184.8359497886017
3015114,2773.9867161543966
3016896,2743.0367942250928
3018678,2879.716354165068
3020460,3732.8014761191175
3022242,3721.888941160841
3024024,2852.4946932300318
3025806,2970.7611814694046
3027588,2985.8924311343094
3029370,3269.2981102213143
3002641,0.015950842887888037
3004423,0.014558859136425554
3006205,0.006851179817888291
3007987,0.0043152571615304655
3009769,0.004571274390166653
3011551,0.014363266736807026
3013333,0.010119363695162283
3015115,0.00823714108850491
3016897,0.008224162742951254
3018679,0.0032095375842062465
3020461,5.174842302468387e-05
3022243,0.00029940772878119947
3024025,0.0049375231796616875
3025807,0.009382086687684296
3027589,0.008835226371508183
3029371,0.013171099758617674
3002642,470.38844305054863
3004424,390.60303997420687
3006206,386.77627641982355
3007988,524.9036151912723
3009770,595.1216631173703
3011552,447.9752465938515
3013334,472.13881650585216
3015116,397.73987343142244
3016898,395.5925952762239
3018680,379.6788142476534
3020462,482.2525351355626
3022244,516.5614451899936
3024026,413.2641683044058
3025808,431.65040195851697
3027590,422.50113099198137
3029372,468.1214432188017
3002643,12.437281111302546
3004425,13.223668607902757
3006207,13.615293270206864
3007989,21.846493009380243
3009771,13.609559348014939
3011553,9.63276364944826
3013335,11.287476636433738
3015117,11.009014428759683
3016899,12.178118528175375
3018681,15.192522083167383
3020463,20.563692930918226
3022245,13.594928139978775
3024027,9.134538492092863
3025809,11.110463566010926
3027591,11.67470297117528
3029373,12.620588182605431
3002644,1397.5884046691565
3004426,1214.2565475414524
3006208,1340.5040501004535
3007990,1638.9016223806902
3009772,1862.0559995557248
3011554,1360.6020152919818
3013336,1327.3461589237597
3015118,1208.3569107370984
3016900,1193.2321315366726
3018682,1206.9732538363917
3020464,1508.6118845298488
3022246,1482.3629882414987
3024028,1238.6378018256516
3025810,1316.9453482830681
3027592,1312.3309337634494
3029374,1479.368009038819
3002645,820.034263902171
3004427,619.4583454468601
3006209,669.4330140145853
3007991,873.1378571494735
3009773,915.6372002469631
3011555,713.3617107237229
3013337,734.6053854824535
3015119,723.2124602386617
3016901,634.7530042761597
3018683,624.3119602426644
3020465,790.9287723460781
3022247,804.3712977415607
3024029,669.7677797489258
3025811,699.4953388009095
3027593,771.8086776775571
3029375,761.2731834193805
3002646,523.2340285203383
3004428,443.91037937528284
3006210,566.0455456805379
3007992,549.0796654896421
3009774,597.3529364882137
3011556,465.46777174115977
3013338,474.83760219049753
3015120,420.2215733212976
3016902,425.501033762802
3018684,463.6973737924748
3020466,503.910612580933
3022248,519.173815984583
3024030,445.16946592186326
3025812,465.2057332978356
3027594,457.8281078192469
3029376,523.9804410853111
3002647,164.31036262068193
3004429,155.26322445998332
3006211,129.66126681626267
3007993,217.3030104397659
3009775,246.5067746930646
3011557,300.4117830577634
3013339,198.8165767609843
3015121,158.4266722101693
3016903,158.43033294176394
3018685,143.43046374914502
3020467,208.82426808833316
3022249,230.45194689608647
3024031,239.8120855054292
3025813,186.79263193864833
3027595,171.70417322147125
3029377,178.30459349988996
3002648,104.4923975948189
3004430,85.81864395764137
3006212,97.83053664088385
3007994,154.44352980741425
3009776,90.2761427363917
3011558,70.34967629779048
3013340,89.21042699537486
3015122,75.35530140949862
3016904,73.58591353840389
3018686,83.03528238673776
3020468,127.51701116051925
3022250,95.72918305909126
3024032,69.68418065320954
3025814,76.95139501334593
3027596,76.44357088433871
3029378,83.95258893510659
3002649,6126.706571497455
3004431,5152.092683414082
3006213,5474.035543167155
3007995,7460.848460661281
3009777,7698.142455414141
3011559,5557.330289874549
3013341,5796.405969915165
3015123,5081.362400761444
3016905,5154.250901605215
3018687,5182.0516813243885
3020469,6445.698754773453
3022251,6421.351882786644
3024033,5360.863890335706
3025815,5557.854668119865
3027597,5559.934466832848
3029379,6150.881643993588
3002650,8.545060138686368
3004432,9.10766805720544
3006214,9.509524998907809
3007996,12.648763454956322
3009778,14.539854334841687
3011560,6.66483856589463
3013342,7.392695225668773
3015124,7.728441766158805
3016906,8.07832252300993
3018688,9.108907555307304
3020470,12.619711613609688
3022252,11.725435477007307
3024034,6.863191556736024
3025816,7.246208390479555
3027598,7.440372534673936
3029380,8.606360409440304
3002651,1.118318815669176
3004433,1.0386723399404911
3006215,0.9690301825261661
3007997,1.731438295286407
3009779,1.9057051818212496
3011561,1.0603515437663615
3013343,1.0497526258727012
3015125,1.0415313514932747
3016907,1.0345560695019163
3018689,1.0019909668444302
3020471,1.7322744041633424
3022253,1.78739090057035
3024035,1.0422944268714465
3025817,1.1311587664950378
3027599,1.0738954680601023
3029381,1.1948720115551281
3002652,52.93803898456516
3004434,42.07252291886883
3006216,56.656368230420014
3007998,62.10913113618478
3009780,60.76101800368911
3011562,36.90888185230296
3013344,40.04559778667811
3015126,41.40259908881817
3016908,44.0010185486208
3018690,45.25034272868144
3020472,62.79035573173513
3022254,50.505540020206276
3024036,38.21847489656815
3025818,49.09874247953425
3027600,42.19657225273434
3029382,44.9796577102814
3002653,51.32887463421772
3004435,33.40011560196978
3006217,36.61388040900088
3007999,59.71590032693468
3009781,61.21344329029572
3011563,37.905375445259864
3013345,36.42570285772807
3015127,31.09176163215183
3016909,34.27442833479373
3018691,36.355084741701894
3020473,46.12521227590801
3022255,48.9084918215596
3024037,30.933061807241426
3025819,41.219074784561
3027601,35.91246627955531
3029383,39.17617258982178
3002654,0.01847456570909771
3004436,0.01300765777262021
3006218,0.005740526065542275
3008000,0.0042785419392768085
3009782,0.08003631303884674
3011564,0.09206886080777309
3013346,0.012637472204322977
3015128,0.009011926092829171
3016910,0.005905788684570861
3018692,0.002639262512470562
3020474,0.0
3022256,0.0002230523857434857
3024038,0.009487561937890047
3025820,0.010881995849526557
3027602,0.008511550419244738
3029384,0.010255921158696559
3002655,385.60166210777624
3004437,317.04248948695016
3006219,322.99699873938863
3008001,464.2044073984591
3009783,520.5685771755093
3011565,348.9027869610314
3013347,342.2924311865516
3015129,333.4471181143204
3016911,327.6908230107057
3018693,331.03868253444426
3020475,426.3677051989742
3022257,435.99857309114446
3024039,347.45182636309545
3025821,362.5876037903822
3027603,376.3727751518564
3029385,418.4465495489695
3002656,7.055575603840722
3004438,6.137115102625217
3006220,6.486125080775426
3008002,12.67911998318444
3009784,16.672718037254132
3011566,6.57712373548511
3013348,7.193952054687309
3015130,5.643261491493823
3016912,5.147449994933305
3018694,5.445225281597135
3020476,10.6688903433148
3022258,12.148308100636703
3024040,5.674761848150022
3025822,5.963276238544531
3027604,5.905139602354733
3029386,6.228443848924975
3002657,14.680629772801248
3004439,3.3302940850825062
3006221,3.5029586720996804
3008003,6.210261285756858
3009785,5.976192879630301
3011567,3.6079035167624
3013349,7.939935791376057
3015131,2.744841609983251
3016913,3.4442840236786765
3018695,4.079379085429455
3020477,6.291334431640837
3022259,5.448622715909001
3024041,3.0505755814375313
3025823,5.0876045505312435
3027605,3.251401874785579
3029387,3.7212248206369813
3002658,13.973012785061135
3004440,6.929783850381747
3006222,5.134913314622367
3008004,9.0507383334449
3009786,14.831700865694776
3011568,4.97181536721894
3013350,7.061271361149617
3015132,11.224081404726485
3016914,4.023985152188195
3018696,5.629615343528342
3020478,10.401969060507293
3022260,10.780422519318025
3024042,7.695020740030554
3025824,7.852567833460868
3027606,9.619993008167219
3029388,8.577488426064921
3002659,53.49127266865029
3004441,50.04271107205043
3006223,78.27412688030142
3008005,119.9800384225969
3009787,52.67954433611492
3011569,37.904863809591184
3013351,26.844899221733453
3015133,42.915612962420106
3016915,38.49517665126723
3018697,58.29947378137391
3020479,81.720921865385
3022261,41.920433826959936
3024043,26.965954382045766
3025825,30.113362666753062
3027607,39.280860504348254
3029389,40.2510871912294
3002660,4.547440054166904
3004442,4.7200709770736085
3006224,5.119038364665589
3008006,9.078285702152458
3009788,10.228096990734313
3011570,7.237299682108483
3013352,7.23396247296033
3015134,3.9181596875899487
3016916,4.011932307124338
3018698,4.376022356049544
3020480,6.827692430893752
3022262,6.443723216836439
3024044,4.326877527183158
3025826,4.226157426309601
3027608,3.507874227720644
3029390,3.7286269433248234
3002661,357.18318810991605
3004443,505.79466714165864
3006225,274.93774040275383
3008007,319.99917588790237
3009789,391.5721082095782
3011571,334.27299150778634
3013353,375.9649262860639
3015135,273.46439241819843
3016917,365.43705315006946
3018699,247.12469126195322
3020481,304.5986559765136
3022263,316.71110484290034
3024045,286.1188393119673
3025827,300.6549914389345
3027609,296.23071535133005
3029391,420.036056238662
3002662,479.15369422424845
3004444,371.79704837589384
3006226,352.17995123480597
3008008,497.8963459822505
3009790,592.0579271574398
3011572,433.61519026168213
3013354,440.89156383866884
3015136,384.28870926547944
3016918,367.43388485434247
3018700,361.8800575132545
3020482,487.8212323217709
3022264,496.6233480778215
3024046,394.0623131198742
3025828,422.3362284242483
3027610,427.7208704767659
3029392,481.1476210571398
3002663,6.30771158596545
3004445,5.453244457265678
3006227,4.875469128290611
3008009,6.452922914140578
3009791,6.095127672822001
3011573,4.275986907026123
3013355,5.156889616856982
3015137,5.0005167542613185
3016919,5.020725253680087
3018701,4.726049111505502
3020483,7.09315792961925
3022265,7.109444428890849
3024047,4.527207334866764
3025829,4.871771821182079
3027611,5.181566973717882
3029393,5.48011838117334
3002664,6.668225502575244
3004446,6.489471140107575
3006228,6.000948684505634
3008010,11.510896206425997
3009792,12.412473209887798
3011574,7.3699982304814595
3013356,6.038494834567167
3015138,6.00782464696949
3016920,5.7666130563105895
3018702,5.677432200168293
3020484,9.721633629412908
3022266,10.445822027199847
3024048,6.2995766730652365
3025830,6.058607186911037
3027612,6.252363476248821
3029394,6.73010061196684
3002665,366.9338516149874
3004447,327.47441187934993
3006229,416.36535181814276
3008011,402.80199131123123
3009793,449.63481693461404
3011575,291.44975637762144
3013357,356.98887198525904
3015139,295.1650519902551
3016921,310.7233070567452
3018703,359.9592841120434
3020485,363.59985651360876
3022267,374.42696719664076
3024049,302.98961020922667
3025831,326.401179029325
3027613,324.5855736882977
3029395,366.022396951419
3002666,118.1436097758593
3004448,103.55563008602701
3006230,98.8551786193349
3008012,136.05635022950042
3009794,134.25383696488768
3011576,104.47815441299402
3013358,112.80033255436393
3015140,96.15493544117821
3016922,98.86138580937472
3018704,96.08907549152758
3020486,125.72588108231305
3022268,125.01566511293989
3024050,98.98796434273119
3025832,105.72921643535635
3027614,102.9568181314945
3029396,113.11446520060332
3002667,1979.1421548128985
3004449,1178.0981829474676
3006231,1302.5440230863217
3008013,1720.0884053472519
3009795,1899.162173651157
3011577,1380.3479229468976
3013359,2499.151684453373
3015141,1330.8267596485666
3016923,1398.823226480223
3018705,1430.545524473524
3020487,1845.9991259474327
3022269,1860.1718851047997
3024051,1432.2985682240894
3025833,2276.031462467685
3027615,1419.940511789251
3029397,1566.2658472837265
3002668,144.01721391388347
3004450,133.0597993949904
3006232,97.36891357653415
3008014,153.02043747411142
3009796,196.71392195710848
3011578,133.75241632435387
3013360,115.76327320129174
3015142,123.16834530232829
3016924,124.80113354801527
3018706,116.78351752750301
3020488,174.4480618630139
3022270,186.07774625368077
3024052,145.4871080848336
3025834,134.036436388091
3027616,132.98807869452315
3029398,157.23466961356357
3002669,14.97191208888068
3004451,13.967579700649788
3006233,14.01054108530049
3008015,22.596701771730483
3009797,22.49644753082369
3011579,13.831788612141708
3013361,13.191135476817214
3015143,12.66348750037256
3016925,12.556939976748028
3018707,13.222509365493723
3020489,23.774011400862094
3022271,20.244902550233753
3024053,13.851710993819033
3025835,14.381408407687914
3027617,14.30530903694954
3029399,14.925079473696776
3000921,1.3143192278167153
3002703,1.2582633029426329
3004485,1.2639380708087655
3006267,1.8910310487062152
3008049,1.9698580596039685
3009831,1.4060971046809467
3011613,1.9242353501820144
3013395,1.0631838140423049
3015177,1.0223307756300015
3016959,1.0675859918529862
3018741,1.7701337075903438
3020523,1.7231651723482304
3022305,1.236314072010348
3024087,1.3834225280126216
3025869,3.8087768956038044
3027651,1.240972036634207
3000922,0.016680941427447887
3002704,0.004041255789917548
3004486,0.002301498632482544
3006268,0.0
3008050,0.001111302042589965
3009832,0.05081889775420581
3011614,0.0042273767089571835
3013396,0.002385061347983317
3015178,0.00010527320235537994
3016960,0.0
3018742,0.0049367350964556285
3020524,0.0
3022306,0.0015847764424187377
3024088,0.002492009917321743
3025870,0.0029943271173827612
3027652,0.006344794658393151
3000923,3.89378332830398
3002705,2.320215994758557
3004487,1.0435815005189337
3006269,2.477609051032165
3008051,2.6579236467261897
3009833,1.9304331493988893
3011615,1.6929527864691163
3013397,1.3845662006871855
3015179,1.4544133414695761
3016961,1.5569748213634338
3018743,2.980183483644595
3020525,2.863592067684617
3022307,1.9724867854370745
3024089,1.8422579873544385
3025871,2.5492514992959943
3027653,1.533795439263758
3000924,1422.5593994587514
3002706,1272.1302042189511
3004488,1246.3250315502428
3006270,1492.2716041626281
3008052,1542.5954171546662
3009834,1184.7036196445376
3011616,1336.1696239410278
3013398,1222.124202842881
3015180,1213.2063326555292
3016962,1265.444750271102
3018744,1551.6053817691325
3020526,1497.2311218826756
3022308,1311.9269090092264
3024090,1354.858090803719
3025872,1745.277365479212
3027654,1412.8358136188863
3000925,0.008072155784520007
3002707,0.0043111120718824026
3004489,0.0029625332788706833
3006271,0.0
3008053,0.0011564839849433186
3009835,0.05039001839046512
3011617,0.0035002380136530536
3013399,0.002324008494244291
3015181,0.00019963881984849305
3016963,0.0
3018745,0.0
3020527,0.0
3022309,0.0012172548524181058
3024091,0.0018394127991250165
3025873,0.0029198470945361113
3027655,0.0009554232271622001
3000926,99.66645715284237
3002708,78.96502842311021
3004490,76.13008914602646
3006272,114.64448885277005
3008054,127.1144547948869
3009836,88.96083882222622
3011618,100.5234989141614
3013400,89.92027854778371
3015182,87.84432330746613
3016964,89.88949759076
3018746,120.54605540897715
3020528,132.0347127661197
3022310,98.11432738455909
3024092,100.28135486153114
3025874,113.28866690875482
3027656,99.06720801634312
3000927,3.053553165721855
3002709,3.3915986968402905
3004491,3.9817920517943386
3006273,6.263249354972577
3008055,4.26062381785479
3009837,2.165275508286342
3011619,2.0948591834672947
3013401,2.893174830024566
3015183,3.3204974456083036
3016965,3.7918228294123373
3018747,6.144440975303625
3020529,4.036025903744313
3022311,2.231246727713619
3024093,2.6234189575153786
3025875,4.423303884832884
3027657,3.1302438366640843
3000928,740.2594705126612
3002710,610.9506612318056
3004492,561.8007841437237
3006274,795.7557698565878
3008056,767.4484744949392
3009838,727.0678169909547
3011620,695.1262009229846
3013402,654.1219224012689
3015184,642.8623578644273
3016966,639.1879982288383
3018748,794.7970988966836
3020530,745.8918829952281
3022312,688.8394415000756
3024094,708.4989701659764
3025876,776.3766790659869
3027658,777.8347056903449
3000929,390.17313675202513
3002711,216.6648016475278
3004493,223.48661789905773
3006275,297.10169419990643
3008057,305.6411918092829
3009839,259.09709348795894
3011621,272.0337894596718
3013403,285.82595985911865
3015185,232.5140986426984
3016967,233.6949290689548
3018749,302.5005450700003
3020531,301.58264582051
3022313,264.3707746830965
3024095,265.36567298016985
3025877,307.51345444713183
3027659,285.67083902398434
3000930,273.1847142919873
3002712,203.33051882418226
3004494,256.991020859705
3006276,294.48368590084004
3008058,289.71016080304616
3009840,264.7586543237683
3011622,193.38855970258874
3013404,231.78492745988282
3015186,229.92676095326155
3016968,261.6040782360119
3018750,287.86891435278045
3020532,291.21194689370344
3022314,256.3584705314721
3024096,254.7439314930061
3025878,291.7669423867224
3027660,285.5657000963725
3000931,42.167813276689074
3002713,40.68184750330064
3004495,36.99441316617203
3006277,58.58456030344061
3008059,66.78258468889189
3009841,90.45574759059969
3011623,44.87900065661321
3013405,45.20765043192779
3015187,43.2253891815916
3016969,44.50629777278662
3018751,66.20194702283509
3020533,71.5895590443793
3022315,75.10876579763702
3024097,51.8560453193972
3025879,57.70299632925844
3027661,47.89514643825782
3000932,31.351351089525433
3002714,28.949784559568467
3004496,31.245785364389686
3006278,51.38112479593371
3008060,38.839739858808905
3009842,27.97710689502674
3011624,32.623284739956524
3013406,27.24983973125831
3015188,28.50764838262781
3016970,30.743557147686616
3018752,53.59422384379017
3020534,35.08811907009
3022316,26.88910104154209
3024098,30.335456848151065
3025880,35.08515959499758
3027662,30.1905984322397
3000933,2799.681486761343
3002715,2310.9623373925315
3004497,2240.788856959364
3006279,3034.0059847161488
3008061,3011.1597534178727
3009843,2575.218112156067
3011625,2520.73538055567
3013407,2380.499847339884
3015189,2400.6008937775073
3016971,2379.8128325945804
3018753,3033.8640703647857
3020535,2878.08848119803
3022317,2597.197842141037
3024099,2592.243184218222
3025881,3212.3436663097073
3027663,2815.483328079681
3000934,3.3195808363696018
3002716,2.760818424962442
3004498,2.6875517515650036
3006280,3.9332049722445377
3008062,4.742046738868883
3009844,1.6073369515455553
3011626,2.398101728553019
3013408,2.242946741344844
3015190,2.504028152909925
3016972,2.946210314187113
3018754,4.276282092493503
3020536,4.739650156442324
3022318,1.8512104122416357
3024100,2.2687636092449446
3025882,4.176881748645106
3027664,2.3974200591202184
3000935,0.29090126434549385
3002717,0.33344961631334585
3004499,0.31113667222480695
3006281,0.5702533456564652
3008063,0.5992994063903215
3009845,0.4824832981501683
3011627,0.47324965641462385
3013409,0.27018026971953074
3015191,0.2498198194668959
3016973,0.26000139256129423
3018755,0.3992822686602174
3020537,0.4660560581606899
3022319,0.34143653685441827
3024101,0.34977678997874556
3025883,0.30092301561345897
3027665,0.3577312415549673
3000936,11.385945574073581
3002718,7.401033570580814
3004500,7.920899394589656
3006282,13.2732917242311
3008064,9.366355549141511
3009846,7.231666575196471
3011628,5.541220567110812
3013410,6.637374364335986
3015192,8.850432264544736
3016974,7.61670445803523
3018756,11.938018278117552
3020538,9.609839300077889
3022320,6.790680722949312
3024102,6.670931261861476
3025884,13.390429793561182
3027666,9.464986879848224
3000937,12.644658805543015
3002719,4.973199996173992
3004501,7.201086186194654
3006283,11.935241804463208
3008065,9.359775125169298
3009847,6.166659189622888
3011629,8.356785947080589
3013411,6.461936000376288
3015193,5.662618968846082
3016975,5.840586537697367
3018757,9.616588126149447
3020539,8.849718655169811
3022321,6.699073919439567
3024103,7.102528789921448
3025885,12.204575702238168
3027667,8.540763051617233
3000938,0.11519104472458778
3002720,0.1399913512006381
3004502,0.1000960024094001
3006284,0.0900355735837589
3008066,0.10409623411773117
3009848,0.07564041432432693
3011630,0.07119165001863742
3013412,0.10851290180950612
3015194,0.10355808105109886
3016976,0.1006098664846366
3018758,0.08789571562013705
3020540,0.09004036524799407
3022322,0.0715435737897837
3024104,0.07126963182175064
3025886,0.09700257577625859
3027668,0.09525283968143021
3000939,164.53220988929672
3002721,134.92297232427805
3004503,128.9027543392773
3006285,183.2477961393768
3008067,193.24847622794604
3009849,165.12438467863066
3011631,164.71633187577584
3013413,136.47206352846254
3015195,135.57642170786409
3016977,132.18460771135608
3018759,185.93303543466882
3020541,180.0492687194069
3022323,156.89155380176695
3024105,152.9289883408119
3025887,175.5251618411612
3027669,161.57742659989358
3000940,3.2470086116918027
3002722,2.3782033158043365
3004504,2.2440518121612
3006286,6.295156169241465
3008068,5.381439510557929
3009850,3.1685951875087865
3011632,4.694351968418693
3013414,2.255082953461344
3015196,2.173639507427606
3016978,2.171220587149689
3018760,5.17148721938015
3020542,4.928782967918644
3022324,2.452713826748676
3024106,2.757564063618851
3025888,5.037628502223858
3027670,2.243702866723872
3000941,194.64340671441894
3002723,0.0
3004505,0.0
3006287,0.0
3008069,0.0
3009851,0.0
3011633,0.0
3013415,0.0
3015197,0.007294117172711326
3016979,0.007972773681432633
3018761,0.008510546847704971
3020543,0.0
3022325,0.004857924882958642
3024107,0.003927209030574321
3025889,0.008004809842104681
3027671,0.009071648807405264
3000942,6.731828706510445
3002724,0.8721294823916915
3004506,0.8672619778986425
3006288,1.2233660161278486
3008070,1.1097518242136692
3009852,0.809521902114326
3011634,0.7752041693811833
3013416,0.8057362158243416
3015198,1.2415611074574566
3016980,1.131892181788681
3018762,1.9586385190030235
3020544,1.9152796002560752
3022326,1.3003802780666105
3024108,1.352839348458641
3025890,2.7128813469498207
3027672,1.5721318275251452
3000943,23.235284095559738
3002725,9.677172718470883
3004507,17.28914322490971
3006289,30.589025520841687
3008071,5.253475324436463
3009853,5.615132841705791
3011635,6.170565160911264
3013417,7.141618576174583
3015199,9.041912856120922
3016981,14.27553998553293
3018763,19.977406289156775
3020545,6.839006369668096
3022327,5.947007429741167
3024109,7.868751272286097
3025891,14.47127427352453
3027673,8.308174045488947
3000944,0.4149800791623246
3002726,0.3864973702668862
3004508,0.4531012488601566
3006290,0.6579349406210832
3008072,0.6287204237974168
3009854,0.3951569191994911
3011636,0.529176526555134
3013418,0.267639318034666
3015200,0.27121744464717096
3016982,0.32407933268293315
3018764,0.48387969483567206
3020546,0.38687805700787675
3022328,0.3179923133013513
3024110,0.3459290174561467
3025892,1.3034876600046446
3027674,0.27410323086957716
3000945,180.17211473806682
3002727,217.75919086834327
3004509,141.70790161193824
3006291,196.87265288083628
3008073,193.4051327837415
3009855,200.19399087778007
3011637,200.51262653392848
3013419,159.84438753162237
3015201,198.6847940059856
3016983,144.40904516750032
3018765,187.9363553980689
3020547,188.81152567992817
3022329,180.501106150498
3024111,181.497698369282
3025893,210.5112770870892
3027675,227.53028250648697
3000946,174.04125100950327
3002728,142.94581849004146
3004510,145.08444315293755
3006292,186.82033860586134
3008074,183.06261159234757
3009856,163.98147133583566
3011638,163.7293570780664
3013420,144.69268756499787
3015202,137.22740006231504
3016984,136.39534431173752
3018766,186.97573315761602
3020548,183.8973551897989
3022330,158.996643479294
3024112,162.8404645441634
3025894,175.81772774868568
3027676,171.81252125520118
3000947,0.591752777234449
3002729,0.5754977267287334
3004511,0.578194791697067
3006293,0.8854163677951918
3008075,0.8756532421418276
3009857,0.6009332267881803
3011639,0.8824093545880279
3013421,0.540032619672289
3015203,0.5451244215588987
3016985,0.5443801180769829
3018767,0.7120188058276712
3020549,0.6875724692266294
3022331,0.5171792339578506
3024113,0.5755736174204601
3025895,1.5543426943171985
3027677,0.48034105002294564
3000948,2.6632587941936823
3002730,2.6226675870451204
3004512,2.6954061016425452
3006294,4.424598667823649
3008076,3.910756305593676
3009858,2.5035059593754423
3011640,2.183139857460906
3013422,2.363356643195323
3015204,2.3653280273001585
3016986,2.533236199691572
3018768,3.9722576044926825
3020550,3.670189352666283
3022332,2.3325782438921414
3024114,2.363653911127597
3025896,3.8187485865835256
3027678,2.742022358285643
3000949,117.22817731866995
3002731,122.56260670789929
3004513,131.48636273150484
3006295,161.58098086542722
3008077,179.9668621458701
3009859,120.44251532444872
3011641,109.64100145936897
3013423,120.20075946727049
3015205,122.57117701207663
3016987,125.69892579519818
3018769,155.09192891314441
3020551,152.29002460252278
3022333,124.34755313456577
3024115,129.27453083446298
3025897,139.93726901774934
3027679,139.95018315355105
3000950,23.459273916745058
3002732,23.43029330255898
3004514,18.720190049089382
3006296,34.2231413374339
3008078,26.06712163084472
3009860,25.733285686046898
3011642,25.178473657309876
3013424,22.651103301778466
3015206,23.00494021411913
3016988,22.365808783211943
3018770,32.26187191097487
3020552,29.70398987935694
3022334,25.458606539887388
3024116,26.120758394707224
3025898,27.016363121366638
3027680,25.05843705530262
3000951,279.85595446799107
3002733,188.73862188499731
3004515,190.51243540419605
3006297,262.6836695113994
3008079,256.560982733402
3009861,217.35709462965642
3011643,284.17750152041145
3013425,231.19975147710912
3015207,243.27418308322714
3016989,254.3120232048772
3018771,323.8974829025538
3020553,317.3517966682525
3022335,268.6533104936969
3024117,358.3587748680781
3025899,334.1805252173396
3027681,276.1650432960069
3000952,37.82015890044599
3002734,1.1054846277276722
3004516,5.5878347056994855
3006298,8.220305976575498
3008080,7.979559777876774
3009862,3.1100262725300643
3011644,6.095056761533826
3013426,1.5226234470414468
3015208,2.1508043989191763
3016990,6.82923802097687
3018772,10.672207299016891
3020554,4.189668715573318
3022336,7.865894925031934
3024118,7.1800241451152145
3025900,0.6114419163819217
3027682,2.6413282720263767
3000953,2.133108594721452
3002735,0.9798480685427949
3004517,0.9289977544573779
3006299,1.5053724108968538
3008081,2.1912362545177246
3009863,2.517958361836247
3011645,3.8661922409310443
3013427,0.8425518300634302
3015209,0.8823944093600709
3016991,0.7768540258339388
3018773,2.0608745988371377
3020555,1.2427614509170817
3022337,1.057932451208367
3024119,1.233937558337061
3025901,1.6388985344260554
3027683,0.7426240422587872
3000954,6.256314618084903
3002736,5.755523554817279
3004518,5.610176563541793
3006300,7.876024554650184
3008082,6.9768873189814
3009864,4.179658634981731
3011646,5.072974644272586
3013428,4.924937570085262
3015210,5.287578059161745
3016992,5.6156417742158125
3018774,9.028597023066348
3020556,7.676144765078139
3022338,5.076975758024449
3024120,5.535564337574978
3025902,5.54558052500591
3027684,6.025399160171509
3000955,0.17668629925841908
3002737,0.2379062631532123
3004519,0.22019817656626495
3006301,0.314081735931557
3008083,0.413760552368818
3009865,0.2826657748583808
3011647,0.10937620928980264
3013429,0.19778551107369347
3015211,0.21031139007050437
3016993,0.1912369508129288
3018775,0.2704235573092924
3020557,0.29273637902374056
3022339,0.2147377997633342
3024121,0.16348780901255502
3025903,0.23027942357644213
3027685,0.2362689338553338
3000956,6.062785942025428
3002738,4.2417393963876995
3004520,4.098736147630706
3006302,5.648558315257897
3008084,5.180656495705127
3009866,3.26320596141691
3011648,5.049477040698069
3013430,4.140746677322146
3015212,2.7708383781969346
3016994,3.9454862229703402
3018776,5.595755950108372
3020558,6.1515920386357825
3022340,4.531436932891374
3024122,4.594871910380844
3025904,4.1516577035267765
3027686,4.381261696827441
3000957,4222.689433167986
3002739,4240.881437818326
3004521,4707.306203174755
3006303,4934.077944526376
3008085,5251.568054655548
3009867,4139.06145723771
3011649,3995.6712301432362
3013431,4243.400600940496
3015213,4143.939836424038
3016995,4497.813325493925
3018777,4968.339263856587
3020559,4987.87993854738
3022341,4179.2675899856895
3024123,4287.521358719984
3025905,4324.112906154712
3027687,4652.6136860330835
3000958,0.011425231495737658
3002740,0.011049681308787312
3004522,0.002241772257977278
3006304,0.0
3008086,0.0015897113140109168
3009868,0.011426682732421867
3011650,0.0068948456724595986
3013432,0.005455008297563756
3015214,0.005409643116510737
3016996,0.0008129948606260244
3018778,0.0
3020560,0.0
3022342,0.002668583581083075
3024124,0.0027725655410278786
3025906,0.0027516916041613257
3027688,0.005667397098959802
3000959,869.3667304781876
3002741,708.2184872976413
3004523,657.7207341698453
3006305,690.4797834826426
3008087,800.5764746112126
3009869,722.5687158107526
3011651,1123.1033156455708
3013433,570.5028890390244
3015215,554.8886699685355
3016997,567.1026744789996
3018779,602.0067503853555
3020561,672.0195681343333
3022343,568.5317319208798
3024125,580.3433178689321
3025907,578.2503915352512
3027689,626.7204761184706
3000960,11.527655351161231
3002742,12.46001290633569
3004524,17.16195010502451
3006306,19.477277096941936
3008088,13.254439591410469
3009870,8.258724976127164
3011652,8.35828981500577
3013434,12.025674202107332
3015216,12.84236745847508
3016998,15.933041645211084
3018780,18.053625436796008
3020562,12.004425183142162
3022344,8.978091113884927
3024126,9.744468588944992
3025908,11.684057428882388
3027690,12.929480924673163
3000961,1711.8130234233588
3002743,1546.3627896169767
3004525,1569.6545278457434
3006307,1758.4915859764271
3008089,1872.4373252739242
3009871,1708.783356586922
3011653,1723.2425677521724
3013435,1575.4433958795125
3015217,1555.317223067131
3016999,1608.113619583338
3018781,1814.4239684187594
3020563,1826.9880633215719
3022345,1584.5045953686324
3024127,1641.4428106405792
3025909,1651.5648844333361
3027691,1839.7076748894058
3000962,684.9531077838636
3002744,551.3434729971473
3004526,589.1993658458919
3006308,607.6169172969066
3008090,656.6991423583207
3009872,584.003639188772
3011654,599.1704054568168
3013436,637.863932159269
3015218,558.0215410058414
3017000,572.3582184182139
3018782,644.4673800126171
3020564,664.9846312025251
3022346,577.6656357922897
3024128,588.8453679035205
3025910,660.9000519091601
3027692,644.3162788847429
3000963,500.51536102180324
3002745,427.97350952459027
3004527,501.54939992058075
3006309,487.93971239319217
3008091,553.1626221200439
3009873,457.6520873750571
3011655,451.7389835702473
3013437,445.4335816037717
3015219,438.73224537510333
3017001,508.81357213154655
3018783,513.4667675871692
3020565,532.4145719941652
3022347,448.2985718813018
3024129,456.4250307372735
3025911,464.95723882958345
3027693,511.6473585279853
3000964,225.08035147697854
3002746,244.87984032999807
3004528,180.93313335905236
3006310,231.89546797163186
3008092,340.82306324763067
3009874,370.74785479177564
3011656,328.1989147196806
3013438,246.83130908759108
3015220,227.52072116021623
3017002,222.30752966715303
3018784,268.8423610597138
3020566,295.8522667766128
3022348,344.15665791687735
3024130,247.2806810963779
3025912,227.91478211122774
3027694,243.3244960663216
3000965,75.6803643091206
3002747,70.27348623883432
3004529,82.8847260085687
3006311,129.04822624242823
3008093,86.79190072018541
3009875,49.692927022257685
3011657,57.95692498058787
3013439,65.85081280356238
3015221,66.10668877554373
3017003,73.37166937604125
3018785,99.693888285874
3020567,71.2726975464367
3022349,54.50004643811483
3024131,62.3400379487654
3025913,66.20543637485166
3027695,70.84495085404619
3000966,6933.659321217537
3002748,6540.227168664232
3004530,6634.192454363044
3006312,7359.130889169594
3008094,7655.080346593763
3009876,6537.898013206223
3011658,6382.581056166993
3013440,6272.616205332622
3015222,6236.235699292327
3017004,6539.690950871474
3018786,7460.304034263092
3020568,7463.750493050343
3022350,6214.222159073594
3024132,6451.569794533556
3025914,6593.4936256666215
3027696,7264.432499260939
3000967,17.94633244931201
3002749,20.90653312254177
3004531,22.266576797061244
3006313,24.989758191185118
3008095,25.74291648996649
3009877,13.492800508714922
3011659,13.365346585252583
3013441,17.568745059934308
3015223,18.47097262359098
3017005,20.189608653481713
3018787,24.150721608036065
3020569,22.774739844022236
3022351,14.979763877029711
3024133,15.380144863782562
3025915,18.250437944966613
3027697,19.043768183336127
3000968,0.5199124004795007
3002750,0.5596959165377425
3004532,0.5141484534653495
3006314,0.7416801947490601
3008096,0.7279496481936324
3009878,0.5451551449930135
3011660,0.5285046950119013
3013442,0.4576049261863135
3015224,0.4661244233181355
3017006,0.46105598433466327
3018788,0.6295065085850176
3020570,0.6079479764387105
3022352,0.4620243398475863
3024134,0.4976574257461545
3025916,0.45234003214835977
3027698,0.5438593316003538
3000969,29.95037526759133
3002751,25.88720052160879
3004533,28.595608813789724
3006315,29.18813632330391
3008097,26.379424941380037
3009879,16.751491738069035
3011661,19.61459399016717
3013443,20.128024883355394
3015225,21.123500069437856
3017007,23.55942028637544
3018789,28.483516786974416
3020571,23.77640928568414
3022353,17.04121891041012
3024135,19.95843092900681
3025917,22.609153608480582
3027699,24.79699131824277
3000970,20.7142085974276
3002752,15.524103021442789
3004534,13.022942221252563
3006316,17.48001749471091
3008098,18.04014113434765
3009880,14.788576452529211
3011662,12.286390148413355
3013444,12.347007693090688
3015226,12.41704398334783
3017008,12.479118038608753
3018790,16.93162664009743
3020572,16.740335307929552
3022354,14.625440162683619
3024136,11.397314915057477
3025918,13.854290731538223
3027700,12.283021480742002
3000971,0.08196249806076239
3002753,0.07947681343994095
3004535,0.06919709198577188
3006317,0.08653975246599599
3008099,0.11006028570910083
3009881,0.03772062018150808
3011663,0.030940238343720353
3013445,0.024940405322896066
3015227,0.021703285728329722
3017009,0.008105408708860824
3018791,0.011913147092706813
3020573,0.015485736014519767
3022355,0.02508922666118132
3024137,0.02389529273422854
3025919,0.06763189017328768
3027701,0.07319706644230924
3000972,481.67300920096574
3002754,423.2238175468321
3004536,424.30815918795093
3006318,483.8819868470843
3008100,544.5724752158613
3009882,475.1706578488999
3011664,450.1016367052708
3013446,434.14762672199066
3015228,415.98424966778686
3017010,421.8153225307029
3018792,491.72024317006725
3020574,513.4744114867244
3022356,430.9819983528448
3024138,442.63996403501477
3025920,463.1707200945725
3027702,513.4541608951675
3000973,6.4564653848279265
3002755,5.066078102334772
3004537,6.029785639076586
3006319,9.902196763670286
3008101,10.487563931704386
3009883,6.350939688667938
3011665,7.162479256034267
3013447,4.048285490167762
3015229,3.9773022254209303
3017011,3.857713119147052
3018793,6.496071519258045
3020575,7.372625983668596
3022357,3.8801038887053836
3024139,4.104342350274682
3025921,4.703400593418853
3027703,4.036830846133906
3000974,12.420915929955747
3002756,1.2843501313867436
3004538,1.5755710040172435
3006320,2.759278795720571
3008102,2.5131870482800887
3009884,1.3471988026591735
3011666,2.433929124090663
3013448,1.0228380358880516
3015230,1.6204805098581108
3017012,1.9936024417671756
3018794,3.00502127236536
3020576,2.6530149331921304
3022358,1.4057140589258819
3024140,1.58878462259275
3025922,1.4559819688396336
3027704,1.7220848854294968
3000975,11.0105584726265
3002757,6.763931640211418
3004539,6.284429454287323
3006321,9.406835548339856
3008103,9.110126742899164
3009885,6.894867863947461
3011667,7.223479952362852
3013449,6.478789018251972
3015231,6.574647288553833
3017013,6.786527805644428
3018795,9.338623827560676
3020577,9.290436634310526
3022359,6.874259745293489
3024141,7.147290049758439
3025923,6.832758419571882
3027705,7.323922339449922
3000976,38.78573304523068
3002758,32.77395886494307
3004540,48.65727491068797
3006322,64.51891180816965
3008104,22.108346463475655
3009886,16.15572277866198
3011668,14.828332899037916
3013450,24.886598703174457
3015232,29.40457476108519
3017014,48.58659321590346
3018796,52.94864239967557
3020578,26.234803576812443
3022360,16.084231078439682
3024142,21.621219522219462
3025924,24.250521997905455
3027706,23.275200202946348
3000977,2.33879592879799
3002759,2.1082896912906843
3004541,2.192129282686501
3006323,3.2367254713545583
3008105,3.275613320733535
3009887,2.321468834741871
3011669,2.2663635577432615
3013451,1.7460169914854926
3015233,1.597228602482046
3017015,1.9294009439944428
3018797,2.537096551187874
3020579,2.538921240377744
3022361,1.6767813728262124
3024143,1.6140076970791697
3025925,1.5147232203455687
3027707,1.575042798828053
3000978,665.5517562425935
3002760,738.3511460821506
3004542,539.8675909784805
3006324,528.794996889791
3008106,643.0814682627661
3009888,502.2469823905833
3011670,677.3051372020578
3013452,561.9735807114633
3015234,727.2950804242311
3017016,543.7841226932628
3018798,586.8364762529452
3020580,613.5287406422927
3022362,562.2833846765624
3024144,585.6531389540769
3025926,585.4376237399593
3027708,794.3827501033925
3000979,423.5159135380067
3002761,335.97354336562347
3004543,316.25232543393946
3006325,392.9363117132304
3008107,471.52894532970004
3009889,349.4450572787044
3011671,350.81817674893523
3013453,351.2230536747099
3015235,330.9797788136749
3017017,342.1686392052937
3018799,407.81810863503597
3020581,420.6228401089198
3022363,353.2228551609916
3024145,366.6234518833391
3025927,366.4413893743819
3027709,415.2428099343333
3000980,1.6490359819793816
3002762,2.1099832575927944
3004544,2.009956519350004
3006326,3.1294041927841554
3008108,3.2110232302303046
3009890,2.187417844548747
3011672,0.5196590835836917
3013454,1.9498015255061631
3015236,1.9408621459303432
3017018,1.9948322975420198
3018800,2.9220010567611556
3020582,2.964034066597129
3022364,2.0046993421156896
3024146,1.8886319247146561
3025928,2.310816600577803
3027710,2.368580398298066
3000981,14.586101741544164
3002763,11.97177405290955
3004545,12.084728560030378
3006327,17.38707676555093
3008109,17.177068071879248
3009891,11.336694012403045
3011673,12.533915943373446
3013455,11.560646393937105
3015237,11.39084654737963
3017019,11.522183373363262
3018801,14.68160013286924
3020583,14.796956631276394
3022365,10.807422338177252
3024147,11.354060501413683
3025929,10.660901765739437
3027711,11.851118701265293
3000982,423.72310884058334
3002764,303.5271745678223
3004546,515.6028587686834
3006328,363.4750135691997
3008110,454.43606482876197
3009892,271.87721945824086
3011674,401.96639296640916
3013456,366.79414612744193
3015238,379.0242485467702
3017020,436.2871075699107
3018802,423.11270700005247
3020584,435.8405749784077
3022366,345.76316230706607
3024148,378.1390461076858
3025930,390.1634501322746
3027712,432.4003114141685
3000983,96.36961190160183
3002765,96.97005264813703
3004547,96.58288649521752
3006329,108.41400733180284
3008111,110.00356565707456
3009893,104.31291690454755
3011675,101.56956714243047
3013457,95.52812707075397
3015239,93.78385835750957
3017021,94.61925963838648
3018803,109.80861815191024
3020585,111.05131269198098
3022367,94.65365361263372
3024149,96.79513640029144
3025931,95.25288664616524
3027713,101.2767541628778
3000984,1829.0618150137077
3002766,1271.4569630365393
3004548,1332.0982437131945
3006330,1438.7034985917353
3008112,1529.227420772699
3009894,1322.4582594590865
3011676,2431.9004671316548
3013458,1352.796184826594
3015240,1386.9640796446522
3017022,1480.2176934717281
3018804,1664.436318474419
3020586,1679.8536707772662
3022368,1442.0148480133703
3024150,2258.305724275297
3025932,1420.2016879054847
3027714,1518.7545277507006
3000985,31.661919218217474
3002767,14.49193896919225
3004549,14.406917403497799
3006331,26.74431951758687
3008113,37.06081899223525
3009895,16.58702891399641
3011677,12.444939730569345
3013459,24.44878104336614
3015241,24.328258709808107
3017023,23.238142133765763
3018805,36.59625344589085
3020587,37.049616225511805
3022369,27.742281115024824
3024151,27.674428776284774
3025933,27.790144144098804
3027715,32.066091751643405
3000986,6.8195625444210295
3002768,6.144332633683117
3004550,5.544963041692014
3006332,12.172108145380633
3008114,8.45789307631001
3009896,3.506643884537331
3011678,3.631819227009313
3013460,6.46311155839101
3015242,6.27482663789531
3017024,6.0419880524772225
3018806,12.371834175663443
3020588,9.36990140837366
3022370,5.519384775826198
3024152,5.4165007707999715
3025934,6.9779632802113545
3027716,7.676951180989367
3000987,4.156243289460299
3002769,4.461669051760253
3004551,4.3622740304867955
3006333,6.722051342515957
3008115,6.843620051580577
3009897,4.330114546621943
3011679,2.785836936629773
3013461,4.926260970119899
3015243,4.758120888647189
3017025,4.950838186100601
3018807,7.1080235115641015
3020589,6.898664936299132
3022371,4.539230246967908
3024153,4.207528611156287
3025935,4.677991054306017
3027717,4.7108321346959565
3000988,0.017987005693702894
3002770,0.007958021209512394
3004552,0.014020430524153976
3006334,0.0013983021421731061
3008116,0.0025753442032051322
3009898,0.019760362365271816
3011680,0.01408681701608154
3013462,0.005354845285418726
3015244,0.004825075708387721
3017026,0.011290566885299808
3018808,0.0
3020590,0.009073633373191224
3022372,0.001878582754671049
3024154,0.00202434455410715
3025936,0.014727354411591335
3027718,0.002814863461016263
3000989,2.9271945851712515
3002771,0.28481340689774115
3004553,1.6859936804517535
3006335,0.6447894164452096
3008117,0.8886486355265445
3009899,1.9555262052696591
3011681,0.48772932233034033
3013463,0.611778456960039
3015245,0.8002748116370575
3017027,0.7625883610709128
3018809,1.2894774331656964
3020591,1.4594793925628602
3022373,0.9711847623317857
3024155,1.080683267804455
3025937,1.0115765786123796
3027719,1.029433596277449
3000990,1496.009867068368
3002772,1460.3480920361544
3004554,1459.6894973235733
3006336,1753.3999822880423
3008118,1677.846469404939
3009900,1508.2822108655482
3011682,1500.097363414471
3013464,1460.1846563552135
3015246,1441.0891259501295
3017028,1539.365942083712
3018810,1723.0711618461673
3020592,1698.58171052464
3022374,1511.0573432503188
3024156,1503.868607179262
3025938,1519.5645732034154
3027720,1591.3940048296943
3000991,0.00941270236384254
3002773,0.010812726916646268
3004555,0.008385900197589878
3006337,0.001389151580355114
3008119,0.003944627934565721
3009901,0.010454999023852185
3011683,0.005776956119939786
3013465,0.006364613036679011
3015247,0.0076167798869440214
3017029,0.005629641904064332
3018811,0.0
3020593,0.001696748888272443
3022375,0.0032704273482783643
3024157,0.001961846567119699
3025939,0.002858079088663861
3027721,0.004552959137331461
3000992,203.05599685097206
3002774,181.65482456750246
3004556,164.7762090242389
3006338,197.62620447321055
3008120,237.88445665465352
3009902,245.15084234543568
3011684,194.11035428352193
3013466,181.65313526701667
3015248,174.5145204028175
3017030,169.65610305201204
3018812,193.22494527880517
3020594,216.97130734452483
3022376,191.4373722818575
3024158,184.50682032681667
3025940,185.09827714416585
3027722,191.8913052771911
3000993,9.628561707172109
3002775,11.847736765776474
3004557,13.742805635838112
3006339,13.832814944716697
3008121,11.822544593595381
3009903,8.87704161239076
3011685,9.089927226794378
3013467,10.235763956163456
3015249,10.81852935736748
3017031,12.85374698730584
3018813,13.71779512148119
3020595,10.42891496171067
3022377,8.35737020984954
3024159,8.914017666698188
3025941,9.805509238267279
3027723,10.773842754654583
3000994,850.7837443979328
3002776,655.6204940985666
3004558,705.9415412289258
3006340,764.1463509129322
3008122,801.5315843081402
3009904,765.0918634631994
3011686,792.7067809225754
3013468,661.0454525672561
3015250,647.4858228679363
3017032,645.2249191645648
3018814,714.2188581104028
3020596,693.0810985313132
3022378,684.9805306520439
3024160,668.2174976517382
3025942,671.9280291448473
3027724,718.8780718388525
3000995,406.9568300159476
3002777,330.92002273571603
3004559,350.93848655330726
3006341,361.7283912499088
3008123,417.59649718283237
3009905,387.2663359734241
3011687,352.19852040420784
3013469,401.6261780577415
3015251,344.7531996643477
3017033,352.06993159728137
3018815,409.19125851991356
3020597,407.44397567048355
3022379,364.5438616348656
3024161,361.80580392124347
3025943,411.5359276491749
3027725,379.0031700289415
3000996,209.13088146370583
3002778,187.40649568209744
3004560,217.96663472534956
3006342,208.2095367566683
3008124,205.73882292880776
3009906,198.10368881419814
3011688,163.9624672665079
3013470,178.04887467604058
3015252,175.8719991065998
3017034,196.8888916672707
3018816,198.82072710794205
3020598,200.79932186792516
3022380,186.8468181510808
3024162,183.33620986227012
3025944,189.32131726521538
3027726,198.72371649036825
3000997,39.08506525146541
3002779,61.42619112695558
3004561,52.844540899034335
3006343,62.47508385709266
3008125,65.9705130836844
3009907,96.52732320599934
3011689,22.677102491407016
3013471,51.625543297717904
3015253,48.50837519209423
3017035,45.91050208816559
3018817,59.247480561330285
3020599,58.907630980828706
3022381,71.35979414267261
3024163,45.899588132326414
3025945,55.56118865945833
3027727,51.32090623365074
3000998,33.63589317204699
3002780,35.11751304675592
3004562,48.38227843720137
3006344,53.281580382082375
3008126,33.0859385136283
3009908,30.222932205673615
3011690,25.39548547868247
3013472,35.68782341294811
3015254,36.95719441200538
3017036,42.454034715134846
3018818,58.26728589613547
3020600,39.62750542891769
3022382,33.63229643450191
3024164,36.018426999562166
3025946,36.32661055333119
3027728,39.90920653540075
3000999,2865.383346218405
3002781,2424.163506627869
3004563,2518.38692019313
3006345,2851.41083603904
3008127,2781.978270649299
3009909,2695.6154175157412
3011691,2468.451302276099
3013473,2449.525631305734
3015255,2442.9111539974892
3017037,2442.492151007244
3018819,2737.6011805027133
3020601,2718.696455966532
3022383,2560.589442773247
3024165,2527.3947211725426
3025947,2659.0240064821805
3027729,2768.6955559458124
3001000,6.138770916928827
3002782,5.743359979436259
3004564,5.868287785886957
3006346,8.341935210566744
3008128,8.229183487981503
3009910,4.654598270994552
3011692,5.5432740665352505
3013474,4.964311342166789
3015256,5.014837372400385
3017038,5.656491472594141
3018820,6.904914444778456
3020602,6.357980752854542
3022384,4.125067813998052
3024166,4.645316968141499
3025948,4.668057178408969
3027730,5.249705403560275
3001001,0.29842796242750963
3002783,0.35501320253734336
3004565,0.3318703818784943
3006347,0.2763781033386648
3008129,0.25960189644486004
3009911,0.16417081170564288
3011693,0.15957078743021227
3013475,0.2672336926728047
3015257,0.33234587615365624
3017039,0.3292441966996662
3018821,0.3081004853696329
3020603,0.3178433075552679
3022385,0.24687439278320253
3024167,0.25412041304339766
3025949,0.2937130757332172
3027731,0.3712784571110566
3001002,15.07215977103875
3002784,10.677159701522294
3004566,11.399948971523193
3006348,18.122944430076753
3008130,15.03220684199961
3009912,11.32617636342322
3011694,12.563186426470779
3013476,9.832841416685602
3015258,10.172961906599086
3017040,11.2404332430963
3018822,18.501986834880462
3020604,13.748549142180082
3022386,10.600611760469924
3024168,9.930406859365918
3025950,10.914626000834561
3027732,12.053459115572926
3001003,26.35154696252813
3002785,17.414776056570428
3004567,14.348486974516447
3006349,22.86775377975826
3008131,22.060293924770292
3009913,18.587990975207635
3011695,15.150902769910397
3013477,13.996074035391985
3015259,16.91663535996501
3017041,15.118543748767976
3018823,22.49433531452371
3020605,19.168203737305348
3022387,16.008232042854385
3024169,19.506379837202005
3025951,14.843126067143245
3027733,15.003912810615995
3001004,0.07830954099024369
3002786,0.06548031766007313
3004568,0.05906506198425674
3006350,0.015627000842483696
3008132,0.020980655048745068
3009914,0.024006680677411404
3011696,0.020890173377171074
3013478,0.02028464226938239
3015260,0.01900982994152715
3017042,0.013343425240859517
3018824,0.012421350024944737
3020606,0.018125781647468527
3022388,0.0171540504477293
3024170,0.015203690353707255
3025952,0.05926442094064676
3027734,0.06516196090992415
3001005,176.1208566739589
3002787,143.51154060519698
3004569,133.1240723265204
3006351,165.08434259463246
3008133,182.78699478296974
3009915,170.35172734689465
3011697,145.36899075627107
3013479,147.60437131015945
3015261,146.6163819075795
3017043,146.49676876516904
3018825,172.30797919438626
3020607,171.48584439471105
3022389,153.992059284404
3024171,151.20738949802077
3025953,160.10149804246927
3027735,161.2337247894932
3001006,5.621419617351684
3002788,4.880459192991797
3004570,5.289884561716147
3006352,9.209846919611229
3008134,9.97840839799119
3009916,5.444011602671232
3011698,5.339315804655229
3013480,5.01214772586162
3015262,4.744876143049395
3017044,4.803808320917354
3018826,8.965853888179694
3020608,9.25173437090753
3022390,4.861717267360608
3024172,5.034883525062278
3025954,4.910497625388518
3027736,4.836895284996867
3001007,207.73887623023788
3002789,0.0
3004571,0.0
3006353,0.0
3008135,0.0
3009917,0.0
3011699,0.0
3013481,0.0
3015263,0.013787839814950138
3017045,0.016017305783565788
3018827,0.011056319980840964
3020609,0.0027302121040373253
3022391,0.008453222570758518
3024173,0.00683521754042666
3025955,0.008502895618597886
3027737,0.01486956480335769
3001008,9.15158517579099
3002790,6.5085720353513
3004572,3.9084932716526755
3006354,6.6915651077413045
3008136,7.550300046158846
3009918,7.726955028102803
3011700,10.144849709841957
3013482,7.148636127954959
3015264,7.4542448825687915
3017046,8.741289431468497
3018828,7.407620437702271
3020610,5.166821545851512
3022392,7.669471894118448
3024174,7.278221879102257
3025956,4.261890008972553
3027738,3.5006535743298905
3001009,44.0590437768268
3002791,32.341416872077886
3004573,49.79101036887633
3006355,55.838043248074534
3008137,22.25042972977764
3009919,16.414713904816562
3011701,21.936790246216887
3013483,25.149883739500964
3015265,25.82837516326016
3017047,36.284421831366906
3018829,38.549690613713125
3020611,21.842646708224816
3022393,14.538891409891505
3024175,17.355106285093754
3025957,21.282689425657406
3027739,21.637738550017797
3001010,1.611011871999193
3002792,1.4766409563353158
3004574,1.491316263499069
3006356,2.092208540728656
3008138,2.17958063093411
3009920,2.3058123379498645
3011702,2.336250034725602
3013484,1.2938121016162907
3015266,1.2972923034378392
3017048,1.3911006485003297
3018830,1.9264801751227936
3020612,1.9371338970316192
3022394,1.50936429436227
3024176,1.4554983502231051
3025958,1.1221372240296466
3027740,1.1660917128176318
3001011,144.11715711732415
3002793,202.94859868011474
3004575,111.60368773609018
3006357,132.48260694215983
3008139,157.6813217672441
3009921,132.81909748485876
3011703,162.91533235135884
3013485,129.6926349837387
3015267,176.8789892209112
3017049,118.88846851862432
3018831,133.4056623190919
3020613,137.21090873890617
3022395,135.72728094633644
3024177,134.68050010575578
3025959,130.00835627130542
3027741,181.86750901959815
3001012,191.43311144283533
3002794,135.05074816482082
3004576,155.95779760324479
3006358,180.81755853503947
3008140,189.72662386251565
3009922,168.31190292190593
3011704,175.50800818502412
3013486,163.3246344150862
3015268,159.4212514351203
3017050,153.65109976156
3018832,184.68127791528545
3020614,184.67491078207422
3022396,167.80441323725225
3024178,160.78004674224945
3025960,164.34422477291204
3027742,181.4323740438722
3001013,1.1965442809570896
3002795,1.1871166895824035
3004577,1.1076670964565407
3006359,1.5126466497221893
3008141,1.7129351671460498
3009923,1.0978872064879017
3011705,1.1371110542076692
3013487,0.993289430647737
3015269,1.027415931576183
3017051,1.0105556609193886
3018833,1.475370786934583
3020615,1.5497692011070185
3022397,1.006505018726103
3024179,1.1074247297582962
3025961,0.9918683266266738
3027743,1.084213260669595
3001014,5.933476455789261
3002796,6.177452215310282
3004578,5.933715032817354
3006360,8.614238104790244
3008142,8.277078416901636
3009924,5.647926847023565
3011706,5.46043712521617
3013488,5.834650777993261
3015270,5.754085560869529
3017052,5.681243945157363
3018834,7.738202988193813
3020616,7.594716372704703
3022398,5.500562728059879
3024180,5.528447203417042
3025962,5.548879994344041
3027744,5.801230067961825
3001015,146.82361295735237
3002797,144.25715964468017
3004579,164.71103917899725
3006361,145.6251783524649
3008143,156.5834976958544
3009925,126.681888600813
3011707,143.88618567423842
3013489,135.46367164795188
3015271,138.60233150291313
3017053,151.79474023289544
3018835,148.56534734288394
3020617,153.15141029652156
3022399,136.70358135698396
3024181,139.54181057680117
3025963,139.89164600391402
3027745,145.9434900979352
3001016,32.36204468185318
3002798,30.46258749082379
3004580,28.06909823125078
3006362,29.31496973274376
3008144,31.24220991502571
3009926,32.718857438093416
3011708,37.64088594875883
3013490,28.28161913718618
3015272,28.716557175132284
3017054,28.480410961879954
3018836,32.65214836593316
3020618,31.7355027255731
3022400,29.430237261417577
3024182,30.237639672466766
3025964,27.95059951590058
3027746,28.3985686325784
3001017,409.8710775021747
3002799,312.46954018248215
3004581,306.4071230732894
3006363,355.6777851501931
3008145,364.1540695220032
3009927,331.3170496517576
3011709,435.06527484973293
3013491,333.51987241915504
3015273,344.2735276265832
3017055,369.03293798883254
3018837,408.2684546795918
3020619,404.9083085074447
3022401,358.8676992483542
3024183,463.03477316750735
3025965,346.8606174944123
3027747,370.82776843867333
3001018,27.885773769821043
3002800,4.106650099389316
3004582,9.51085626075136
3006364,5.619403183451994
3008146,3.080682747396318
3009928,8.132381659001792
3011710,9.249443698029003
3013492,11.227361129004876
3015274,4.094928755326521
3017056,3.830264888898275
3018838,8.719646543019936
3020620,3.677332429902183
3022402,4.572767748899426
3024184,12.272459248800892
3025966,6.783718161854574
3027748,1.4899792115204977
3001019,2.20256363762885
3002801,2.4581539208606347
3004583,2.115425415694217
3006365,2.808309213032898
3008147,2.302549699220476
3009929,2.357283907185656
3011711,1.9023885788211092
3013493,2.314553751698472
3015275,2.1741871924694025
3017057,1.9379709008043198
3018839,4.275730597449498
3020621,2.2691426517662654
3022403,2.2775872357475113
3024185,2.2898039756830975
3025967,2.1820471484355792
3027749,2.2705662050543824
3001020,3.458393811013695
3002802,3.3967473401906574
3004584,3.8049252137980347
3006366,5.828533936205826
3008148,4.358216744554293
3009930,3.3130727557897877
3011712,3.449046505217396
3013494,3.399614692944913
3015276,3.4663241124859088
3017058,3.817953893478298
3018840,6.165749514605949
3020622,4.894425825016806
3022404,3.5282363223672264
3024186,3.4434405478134686
3025968,3.881433682748156
3027750,4.081802900808204
3001021,0.004435999508709235
3002803,0.001956066940851891
3004585,0.0038682970377895694
3006367,0.0019564502082662317
3008149,0.0009236380211916899
3009931,0.05218096069676789
3011713,0.004296215255044383
3013495,0.00252942077427754
3015277,0.0014385744689650055
3017059,0.0025663351063078756
3018841,0.0
3020623,0.0
3022405,0.0025474898431383296
3024187,0.002855428068047065
3025969,0.002047106574506456
3027751,0.0023578793456065865
3001022,4.4543808929117645
3002804,2.0389191229350363
3004586,2.200431524013362
3006368,4.81947701093119
3008150,4.273622705166673
3009932,2.262032806556585
3011714,3.650002276575988
3013496,3.0521750116813116
3015278,1.7924796331444435
3017060,3.1204020971558535
3018842,4.636620005472866
3020624,2.5863285168838437
3022406,3.640793626551401
3024188,2.0693420684732415
3025970,2.1107763749794883
3027752,2.42037774356191
3001023,1365.6945436655442
3002805,1389.9134980509095
3004587,1499.0468143777796
3006369,1891.706370377334
3008151,1342.6236318786805
3009933,1480.7373823972448
3011715,1292.3885343206364
3013497,1376.1130858830163
3015279,1368.0892632627854
3017061,1466.8476577192241
3018843,1770.8034834061464
3020625,1493.6504002928043
3022407,1484.6515516589086
3024189,1432.523991159991
3025971,1429.230083281175
3027753,1542.8651921807484
3001024,0.004012920872819794
3002806,0.002587302127962277
3004588,0.005132777236049114
3006370,0.0007020356622206432
3008152,0.00041140868435573223
3009934,0.05575756066475535
3011716,0.004045564951667681
3013498,0.0021441516356449255
3015280,0.0019319474665200924
3017062,0.004088050086791733
3018844,0.0
3020626,0.00029487160170233026
3022408,0.004020973493314927
3024190,0.002137921435588526
3025972,0.0017604030876330501
3027754,0.0026515376144645637
3001025,112.89984510521514
3002807,102.12318337663322
3004589,108.92877819257974
3006371,144.26526310976547
3008153,137.69232211153343
3009935,146.68678885293969
3011717,135.5606386204838
3013499,111.43082977794641
3015281,105.32681124486295
3017063,105.45723152361931
3018845,132.64411003482596
3020627,131.4314511084948
3022409,119.87310956956959
3024191,114.06906771406061
3025973,107.56253275678235
3027755,115.27339598991813
3001026,5.0188896272936745
3002808,5.696927658262833
3004590,7.851628076195101
3006372,11.175121660524999
3008154,6.44334619022577
3009936,4.488542564144488
3011718,3.31958393171022
3013500,5.322103382602987
3015282,5.807695090408523
3017064,7.074277170414547
3018846,10.144591213569834
3020628,6.6044110490141605
3022410,4.241442827940843
3024192,4.398890698836845
3025974,5.49075583094923
3027756,6.396284734157793
3001027,675.285057056271
3002809,567.186108321001
3004591,601.2229806127712
3006373,838.6212387039176
3008155,586.8694501351915
3009937,706.9560454172432
3011719,643.2184777107274
3013501,603.6499352021359
3015283,582.7050327723406
3017065,640.0759727413426
3018847,741.4099418335336
3020629,605.6515670818047
3022411,647.3384453346916
3024193,656.1383201948889
3025975,633.4270938178856
3027757,705.6854167353649
3001028,279.04779158174784
3002810,204.17403608185404
3004592,221.61981515329057
3006374,323.09615051849215
3008156,230.19798191443374
3009938,239.6532941964734
3011720,245.17358118952197
3013502,252.67690292790635
3015284,202.3883633400806
3017066,213.44682433655305
3018848,273.57818801402414
3020630,236.9421839040583
3022412,232.0368101054227
3024194,228.59180849213666
3025976,260.7487108530175
3027758,237.2084860421213
3001029,158.9303741636771
3002811,123.60350794713112
3004593,176.20296873302723
3006375,191.0243689605911
3008157,159.90161362960168
3009939,172.60245783481307
3011721,149.18596526105557
3013503,135.07073406678902
3015285,136.05842885288553
3017067,157.52794966415516
3018849,168.81485461877583
3020631,147.2632303505941
3022413,150.23678836365846
3024195,146.52764919211143
3025977,142.40024183619389
3027759,153.59612637930846
3001030,40.03630721678339
3002812,32.52329939303408
3004594,36.14230206013519
3006376,45.471591033891265
3008158,53.39969621286602
3009940,61.73277082223142
3011722,44.374104228926434
3013504,28.31334647041446
3015286,28.594102595068673
3017068,29.27988523158632
3018850,41.299710695236776
3020632,43.72326117463234
3022414,53.8150883085327
3024196,36.6273906471842
3025978,31.27844061393377
3027760,29.36915570375048
3001031,27.9542298893776
3002813,24.95607805890177
3004595,30.641045676922896
3006377,51.685806742624
3008159,26.108565072505517
3009941,23.867160555910015
3011723,25.24323146447901
3013505,23.238011290198546
3015287,24.022728917478492
3017069,28.039351689940077
3018851,46.581016341663776
3020633,25.64843925756935
3022415,22.453991562220647
3024197,26.0011957685654
3025979,26.11501690942451
3027761,24.52193859559914
3001032,2703.406726536063
3002814,2268.5266875349334
3004596,2479.8417858774005
3006378,3267.5959911384903
3008160,2347.503094982316
3009942,2726.6597558082744
3011724,2616.251805650134
3013506,2360.950748151957
3015288,2271.2278463337593
3017070,2380.6430778963836
3018852,2841.1453238914005
3020634,2415.530318450718
3022416,2492.54940267393
3024198,2459.245045961567
3025980,2513.6217500420316
3027762,2701.6567172019413
3001033,5.8763881311371975
3002815,6.690918648336882
3004597,9.122866640398643
3006379,10.89468377795266
3008161,8.115120150780202
3009943,1.997414002623519
3011725,1.8786427225932412
3013507,7.032876031850594
3015289,7.451744314703217
3017071,10.257587008497547
3018853,11.77529232379959
3020635,5.917753421481264
3022417,4.850224892810183
3024199,5.2979251068324995
3025981,7.577338283993242
3027763,8.706510792553088
3001034,0.1369028309902743
3002816,0.08756503924796483
3004598,0.10175583672882266
3006380,0.1399803535705162
3008162,0.13818814180291578
3009944,0.12228481801678966
3011726,0.12498351934146118
3013508,0.17276699703346599
3015290,0.1207573338855868
3017072,0.13929418900880283
3018854,0.1685646358604612
3020636,0.161623234621509
3022418,0.13455829308240727
3024200,0.13344572532744872
3025982,0.152854940889624
3027764,0.20839537099281277
3001035,15.331280476876707
3002817,12.310788840122136
3004599,13.13172676351695
3006381,17.963156370598576
3008163,13.050362210647345
3009945,14.203474065069656
3011727,10.527565343801202
3013509,10.255201426437067
3015291,12.19521142557231
3017073,13.787857864185781
3018855,20.320768232930504
3020637,12.390006244961812
3022419,10.275716352561465
3024201,10.318817607278422
3025983,9.416479440625169
3027765,10.617393780471533
3001036,13.419306739840167
3002818,6.199294292347137
3004600,8.72973834285706
3006382,12.795861225352475
3008164,11.244360876540549
3009946,10.183837097412942
3011728,7.0440737697109235
3013510,6.927529962927906
3015292,9.410854975488014
3017074,9.611033189174064
3018856,11.357188438983231
3020638,10.149931225572198
3022420,10.653014309874907
3024202,7.354508994984767
3025984,7.085494544536826
3027766,7.502121595175431
3001037,0.01427739590325827
3002819,0.010907637594861512
3004601,0.01683894673418727
3006383,0.020329030158881056
3008165,0.015154686530776318
3009947,0.0234305306683788
3011729,0.018085818835801994
3013511,0.01579145411223371
3015293,0.0014583609914208685
3017075,0.002294037000156556
3018857,0.0
3020639,0.0
3022421,0.005875320441908263
3024203,0.004106847306359198
3025985,0.0030475563972004595
3027767,0.002401661846840693
3001038,133.3107765593146
3002820,113.0820207653261
3004602,111.13422075374824
3006384,185.94887159647604
3008166,145.4132796559514
3009948,127.5911064562295
3011730,122.92737837586048
3013512,123.60057063839656
3015294,121.33721497391095
3017076,126.64529407933826
3018858,162.77363005583732
3020640,135.03868115861795
3022422,132.49157996167762
3024204,131.847302393881
3025986,128.88273830130328
3027768,133.64945910829323
3001039,0.929263692401794
3002821,0.7474568527607174
3004603,0.8058439398370972
3006385,1.680026054953687
3008167,1.2913691808131145
3009949,0.6191852466085426
3011731,0.7158462079034189
3013513,0.8053086953881342
3015295,0.7705341284155249
3017077,0.7976246403904924
3018859,1.561041120421426
3020641,1.3855558005028203
3022423,0.727368053212817
3024205,0.7753009965218277
3025987,0.7629262672151699
3027769,0.8501668198590403
3001040,205.88750730687596
3002822,0.0
3004604,0.0
3006386,0.0
3008168,0.0
3009950,0.0
3011732,0.0
3013514,0.0
3015296,0.006071915830863997
3017078,0.01271106430411028
3018860,0.005428211276457092
3020642,8.838604194481008e-05
3022424,0.006663121970584772
3024206,0.0047729709646274765
3025988,0.00515066476263833
3027770,0.00966735254280807
3001041,4.555718982589493
3002823,1.4855568044109013
3004605,1.4883790956041334
3006387,2.5022538548240427
3008169,2.0125395198860976
3009951,1.4666487856289434
3011733,1.4798025087038873
3013515,1.2515053564378635
3015297,1.4079142490257988
3017079,1.713879999888542
3018861,2.585037483932683
3020643,2.3665709887134407
3022425,1.657346990196593
3024207,1.5060140221088816
3025989,1.535309996326015
3027771,1.8608113958083443
3001042,39.99248339125245
3002824,28.148528079244155
3004606,47.33704583238934
3006388,63.04331319681237
3008170,14.919556383189585
3009952,18.622581358419385
3011734,9.085471951073009
3013516,21.2590559246721
3015298,24.29768249393139
3017080,39.61003088190427
3018862,45.07211690936825
3020644,14.559159243081282
3022426,15.106806390359315
3024208,16.163822085031725
3025990,22.664811784765163
3027772,23.784410081995716
3001043,0.8232782558916227
3002825,0.6967597572952432
3004607,0.8160753870446085
3006389,1.38583797057526
3008171,1.2845412204164683
3009953,0.9147807865099141
3011735,0.8074411443429902
3013517,0.6656438051364852
3015299,0.673893997628262
3017081,0.7594752148029258
3018863,1.0488692020291024
3020645,1.0374779210982472
3022427,0.6887402981545406
3024209,0.6753879543519975
3025991,0.6264887475312048
3027773,0.6883264712221404
3001044,102.01066283786281
3002826,184.39464855362573
3004608,124.62663609711831
3006390,180.07089002095051
3008172,119.34450641888616
3009954,163.34862448734592
3011736,165.87283205015368
3013518,146.89327392122775
3015300,187.805673932472
3017082,149.2297348374167
3018864,186.19050446298843
3020646,153.0110725705998
3022428,162.85633123011863
3024210,163.15952677813644
3025992,152.16473703317334
3027774,201.71950436424552
3001045,205.44610819439848
3002827,148.02672922923227
3004609,149.86053453211764
3006391,228.137023973217
3008173,211.94583321906416
3009955,182.2615259803932
3011737,172.4212136824664
3013519,161.78670801137693
3015301,149.80377777724962
3017083,155.36599217826853
3018865,204.0122123813228
3020647,171.75226289212688
3022429,174.2224196458669
3024211,170.8299745957329
3025993,169.0577588427268
3027775,176.37163468959935
3001046,0.3710027667921649
3002828,0.4158290053443139
3004610,0.48531428691211725
3006392,0.6951649116250301
3008174,0.5949759321991656
3009956,0.4511984812914211
3011738,0.17815394018061326
3013520,0.3980723882910273
3015302,0.4118412492555268
3017084,0.452326277432298
3018866,0.6881983611379706
3020648,0.5649807467628528
3022430,0.42893718989883606
3024212,0.3500561024188797
3025994,0.4031723161726784
3027776,0.45298111478067066
3001047,3.7022079313772807
3002829,3.847463856153381
3004611,3.876359033253223
3006393,6.111141150559853
3008175,5.288939594305397
3009957,4.345268524027212
3011739,4.221160975793887
3013521,3.8427184062343986
3015303,3.770045431545301
3017085,4.073305826378408
3018867,5.9061644303509455
3020649,4.979702539998457
3022431,4.128304216834944
3024213,4.04592268404462
3025995,4.052677580609962
3027777,4.299111550512795
3001048,67.11473029735856
3002830,89.86979968333439
3004612,95.5190573584339
3006394,126.49601504690565
3008176,77.5369639871543
3009958,58.90920977149141
3011740,65.52420239821089
3013522,80.84255146216208
3015304,88.69052110185955
3017086,106.47131389719625
3018868,116.16628186509756
3020650,93.02647627889831
3022432,80.33056921412948
3024214,87.08229217104368
3025996,84.43485326544776
3027778,96.5244641139189
3001049,18.476756835840103
3002831,18.78104371710798
3004613,18.508792856528014
3006395,23.014642510864235
3008177,23.063420992246737
3009959,21.585912249731845
3011741,20.886060710593423
3013523,17.65442203708503
3015305,18.43259749467285
3017087,19.14019240041047
3018869,24.442731386030292
3020651,20.884946518908436
3022433,21.909384530359947
3024215,21.02663448898748
3025997,19.503314258146503
3027779,19.5341848591231
3001050,232.05348022330406
3002832,158.2184105079681
3004614,173.74001228976883
3006396,221.9646650861698
3008178,174.11304283635755
3009960,183.15698549471236
3011742,282.5512904516457
3013524,148.85067833984326
3015306,162.948130908129
3017088,166.37512875642213
3018870,207.46549725719524
3020652,180.89273288029995
3022434,176.63580856840568
3024216,219.8990389208011
3025998,159.40323222119358
3027780,176.22931807781484
3001051,29.228698205553698
3002833,4.764868178003525
3004615,6.523105541108407
3006397,10.849143483559496
3008179,10.439626479149945
3009961,7.939708267248803
3011743,9.652164450685884
3013525,29.53862123409209
3015307,9.066519796242574
3017089,6.747116920566083
3018871,12.438279673579524
3020653,11.180769537938781
3022435,9.559768050136057
3024217,8.896107127935581
3025999,2.8559736132386617
3027781,11.913506972007019
3001052,0.8826490288220104
3002834,0.7157208336370978
3004616,0.9989455128268907
3006398,1.8873718701272437
3008180,0.5557624203908861
3009962,0.6618514682158948
3011744,0.7670798224178075
3013526,0.5863721154569437
3015308,0.5582073455102953
3017090,0.7422740186367588
3018872,3.5529256374912843
3020654,0.5500208360309694
3022436,0.5775049971775295
3024218,0.6815000315276384
3026000,0.649829077750865
3027782,0.7292799924649253
3001053,2.505606609163331
3002835,2.424458662614642
3004617,2.488506981382454
3006399,4.568413583348992
3008181,3.614109682304708
3009963,2.8276008192994175
3011745,3.292421688145156
3013527,2.73555088199146
3015309,2.8208073875748414
3017091,2.7903078035225257
3018873,4.711438598242739
3020655,3.4522778440280852
3022437,2.749497490852541
3024219,2.9197651860242444
3026001,2.689609225139931
3027783,2.7250239697189613
3001054,0.0
3002836,0.0025740766056491153
3004618,0.0
3006400,0.0
3008182,0.0002815578923389298
3009964,0.0032926750677347446
3011746,0.0011741154877087134
3013528,0.0008542761386759291
3015310,0.0016965344821472412
3017092,0.0
3018874,0.0
3020656,0.0
3022438,0.0
3024220,0.00016145791624795887
3026002,0.0
3027784,0.0011056548897585986
3001055,2.9534083131386333
3002837,1.7892459210174163
3004619,1.7408266391139289
3006401,2.2855668029195058
3008183,0.6252682452883015
3009965,0.6539536903585926
3011747,0.7229725929266356
3013529,0.6561079199385297
3015311,2.006936639986278
3017093,2.028678645128604
3018875,2.7831625856011484
3020657,2.4479710276667643
3022439,0.9520207215089386
3024221,2.1332710612579997
3026003,1.9402779881845174
3027785,1.9139739018553559
3001056,1654.8198187043083
3002838,1367.800332101642
3004620,1497.8203780311312
3006402,1907.8591351442622
3008184,1754.3624857474324
3009966,1658.4964806551498
3011748,1878.9777287349714
3013530,1278.3453508423108
3015312,1266.0447130278599
3017094,1300.8102689578097
3018876,1562.7703713057278
3020658,1272.4017844767432
3022440,1340.2068946710463
3024222,1291.4943763878366
3026004,1291.1767017381073
3027786,1367.1004530959342
3001057,0.000828554930280811
3002839,0.00374930605472411
3004621,0.00020883619867191356
3006403,0.0
3008185,0.00020545760534814656
3009967,0.004287812065906983
3011749,0.0020864560343006335
3013531,0.0021437410656274195
3015313,0.003239206306744054
3017095,0.0
3018877,0.0
3020659,0.0
3022441,0.000552081705013168
3024223,0.0009558183534134168
3026005,0.00048290619645751585
3027787,0.0018041504531178885
3001058,180.2392397979432
3002840,153.47776096773433
3004622,148.5946822115318
3006404,170.51167335264458
3008186,159.1005424273367
3009968,173.05637018197356
3011750,185.36234839369413
3013532,150.44178986551256
3015314,146.3511177225721
3017096,140.74999810041052
3018878,175.71481995898876
3020660,163.37543833078553
3022442,162.571086994369
3024224,156.1543770210906
3026006,146.90093646265038
3027788,157.24381419720905
3001059,6.866986455801514
3002841,8.921629932112102
3004623,13.105577022598808
3006405,15.937459236875823
3008187,6.546010875100516
3009969,7.3462927188951435
3011751,3.6185306557392387
3013533,8.083249319691815
3015315,8.719159104730203
3017097,10.389481565672762
3018879,13.027187205109518
3020661,6.491955895566947
3022443,6.630797035918223
3024225,6.6682217494389855
3026007,8.05505759523343
3027789,8.736069256752309
3001060,880.4728934152521
3002842,845.1025453995958
3004624,890.4885965631775
3006406,1268.5259048607575
3008188,713.0332178838004
3009970,1147.0239061031523
3011752,898.1024288527366
3013534,947.0210308777873
3015316,954.2676312252606
3017098,987.2237854588044
3018880,1182.8830651165426
3020662,885.9785061394974
3022444,1051.5489765234668
3024226,996.5017723636214
3026008,968.9306094429234
3027790,1054.805449158505
3001061,444.81412813141515
3002843,317.3738165919247
3004625,311.4238153026112
3006407,455.1767496322429
3008189,272.80898073308185
3009971,362.6289510590932
3011753,387.61502747107676
3013535,350.7896095888835
3015317,305.528989800003
3017099,311.2730761699291
3018881,370.1719247840104
3020663,314.1429781769578
3022445,336.5310140767437
3024227,334.4039654982602
3026009,356.3312250783976
3027791,344.0854952310526
3001062,287.71066120629047
3002844,227.1698279349654
3004626,324.1179387247179
3006408,257.53515631116466
3008190,194.33069507778433
3009972,266.19449728312765
3011754,243.922056572647
3013536,215.9362865178108
3015318,218.18053710632523
3017100,245.24506877179434
3018882,249.8041962016388
3020664,222.3586373922104
3022446,236.94529087543205
3024228,234.44455559966755
3026010,222.8130148473422
3027792,243.47796355981606
3001063,30.410440385589563
3002845,26.141187332402467
3004627,24.607676192694072
3006409,34.060049108077656
3008191,24.36812707478735
3009973,31.469083590418723
3011755,26.71104882818558
3013537,22.42863761423226
3015319,24.42852253744908
3017101,25.466708077767464
3018883,33.949503069930586
3020665,30.439602207702208
3022447,34.677385899290066
3024229,23.836620713091474
3026011,22.150024507222867
3027793,24.69370692108964
3001064,31.474447668514426
3002846,33.17332039229129
3004628,40.749490156429744
3006410,68.04033711896179
3008192,31.930997350256604
3009974,28.61421356602081
3011756,29.563732199539743
3013538,32.785802915923206
3015320,35.3059401738878
3017102,39.63158657957088
3018884,61.26972411427098
3020666,34.40442180172926
3022448,31.468574110380302
3024230,32.4880131785301
3026012,31.709269817643918
3027794,36.26020960622726
3001065,2936.18196801657
3002847,2517.2658339754066
3004629,2767.919620333741
3006411,3585.046730762296
3008193,2474.2975676804595
3009975,2986.973302263506
3011757,3322.280725739923
3013539,2685.5618895738116
3015321,2722.8171591608775
3017103,2733.3595297009124
3018885,3382.003460586431
3020667,2724.98737675228
3022449,2908.851192919357
3024231,2851.2465479991592
3026013,2843.1143522873194
3027795,3039.095565151238
3001066,3.170372080551978
3002848,3.2817053925351938
3004630,4.001949279336035
3006412,5.011359479712136
3008194,2.2702071330748095
3009976,1.5911221070637425
3011758,1.75857739178135
3013540,2.71492019260952
3015322,3.001785339730922
3017104,3.618864390575434
3018886,4.6676303088773965
3020668,4.214939338014289
3022450,1.9971436139478849
3024232,2.1641019047731045
3026014,2.2271678969818693
3027796,2.5794476924236083
3001067,0.11044291522321519
3002849,0.13613195345154433
3004631,0.10959628768127934
3006413,0.13621900815685628
3008195,0.13223304186544818
3009977,0.06385173396637937
3011759,0.05420795592354218
3013541,0.053771137266566425
3015323,0.06570811365959013
3017105,0.05792673564738301
3018887,0.08525581585096025
3020669,0.05156218024111756
3022451,0.047404745459579234
3024233,0.045868396955215385
3026015,0.12329140300261042
3027797,0.13822100343207075
3001068,10.767255700591237
3002850,6.48382573320972
3004632,6.406527205456832
3006414,9.346149725249333
3008196,5.1929967641599175
3009978,4.955726147354591
3011760,3.2650656058505922
3013542,7.194482133475923
3015324,7.893466521432288
3017106,8.124295616864693
3018888,13.054575460941393
3020670,8.039734829761771
3022452,5.901828079572975
3024234,5.891786502012838
3026016,9.079621887806601
3027798,11.348612096607921
3001069,23.460155878137098
3002851,17.80398606689008
3004633,17.536788603981798
3006415,20.267807725395883
3008197,13.290086493531698
3009979,18.459223716182475
3011761,15.404913523439376
3013543,15.524991488513066
3015325,14.639097360812622
3017107,18.18970070636749
3018889,23.387807645897123
3020671,14.563366258815927
3022453,18.601494659160636
3024235,15.372023782235596
3026017,17.393918067493942
3027799,18.724644488915843
3001070,0.048771002427765144
3002852,0.05477240352954146
3004634,0.04889923525948756
3006416,0.06442634942201407
3008198,0.06451916187422953
3009980,0.06551325000225182
3011762,0.013245521432144788
3013544,0.011514399656866896
3015326,0.011414138510024915
3017108,0.0050426769014396975
3018890,0.012841793172656291
3020672,0.004834398120291814
3022454,0.006431437576511236
3024236,0.0070213216774748025
3026018,0.03891022923630331
3027800,0.04335072846446588
3001071,198.60718008542483
3002853,168.53171745610052
3004635,151.8980849313731
3006417,261.5117470356284
3008199,133.42621022319454
3009981,190.73314775827407
3011763,170.39772897181217
3013545,158.65679357415434
3015327,158.7949177087793
3017109,153.8800429520509
3018891,194.80645272233684
3020673,153.30709789073777
3022455,167.9430348174278
3024237,163.8430923181252
3026019,160.87426608306473
3027801,175.09942141049768
3001072,0.6482344877973737
3002854,0.8705915850200133
3004636,0.8843167747580044
3006418,1.9312054658532218
3008200,1.5644140949112948
3009982,1.0399263938057128
3011764,0.3021732770346785
3013546,0.9284787709769518
3015328,0.8976082894749448
3017110,0.885576112926799
3018892,1.9400991287483322
3020674,1.5259785610826586
3022456,0.9248261771844085
3024238,0.7249454446030889
3026020,0.8986031174773051
3027802,0.9385370176948428
3001073,222.26017296518663
3002855,0.0
3004637,0.0
3006419,0.0
3008201,0.0
3009983,0.0
3011765,0.0
3013547,0.0
3015329,0.006240238596621849
3017111,0.006325845800166358
3018893,0.006809528895250021
3020675,0.0
3022457,0.0008446050695737965
3024239,0.0006840633745613089
3026021,0.0027393530902590623
3027803,0.009633735272505078
3001074,7.099772991759001
3002856,1.7085432850504922
3004638,1.5058414072488573
3006420,1.9118703113788378
3008202,1.617252774975172
3009984,1.9627540417989984
3011766,2.3934533767340693
3013548,1.4787485539391696
3015330,2.027160883431854
3017112,1.9188104563253694
3018894,2.7162965882305605
3020676,2.181199340856101
3022458,2.288268579098861
3024240,2.2815242176925747
3026022,1.990672428138392
3027804,2.04623947687054
3001075,23.86102743491701
3002857,11.520439018315935
3004639,24.054067847256732
3006421,22.005345329387264
3008203,12.238056603512883
3009985,7.624072095085296
3011767,11.359787864359626
3013549,9.57134593831289
3015331,12.349507158837715
3017113,17.375450508256723
3018895,19.12835087465933
3020677,7.914883131966303
3022459,8.82803752034391
3024241,10.95377303146811
3026023,11.386053819899564
3027805,13.399781512414263
3001076,2.269922814060755
3002858,2.2558578374983367
3004640,2.4333065611276825
3006422,3.902268921933708
3008204,2.684926619505614
3009986,2.6990574040480784
3011768,3.1421250904448215
3013550,1.8602498087063981
3015332,1.9635384470023738
3017114,1.9992651468793454
3018896,2.8574819135095866
3020678,2.0848216008452956
3022460,2.0714715084917676
3024242,2.0385678581478053
3026024,1.714039223089052
3027806,1.789382620180226
3001077,169.42992494884427
3002859,340.0583665096587
3004641,191.14476753346415
3006423,360.3519291680462
3008205,184.93714828745513
3009987,214.03642357714003
3011769,144.06391177651
3013551,211.24895471263937
3015333,271.067822354508
3017115,199.28462261070717
3018897,256.20725845915837
3020679,204.15519070453252
3022461,226.5350759382652
3024243,217.2128274274718
3026025,218.97346991154663
3027807,273.5593611842498
3001078,281.67594422690917
3002860,221.17912523449627
3004642,238.39404680275575
3006424,312.822304293745
3008206,181.45372834774858
3009988,302.8102035276821
3011770,261.2563410768483
3013552,228.4924092791814
3015334,216.05347358052072
3017116,214.53438139772265
3018898,262.525389905828
3020680,208.006919393589
3022462,242.2142261100961
3024244,235.8993953281819
3026026,227.87785017774613
3027808,252.20016474755994
3001079,0.7185719093857118
3002861,0.6794180152745407
3004643,0.7038650349311645
3006425,1.0403735078049463
3008207,0.9650492912115468
3009989,0.642123430848113
3011771,0.737990681765417
3013553,0.6698026631170076
3015335,0.6553599767078947
3017117,0.7005539498176151
3018899,0.9550659460027698
3020681,0.7876844742871717
3022463,0.5071417892796936
3024245,0.5486713029321889
3026027,0.509482923325931
3027809,0.5194696024013321
3001080,4.603172274561825
3002862,4.260538134872927
3004644,4.148052585097408
3006426,6.141358328341365
3008208,4.544151871007375
3009990,4.817559700871171
3011772,6.394918990453388
3013554,4.116990311374991
3015336,4.108672078444743
3017118,4.108410698035253
3018900,6.161134740957993
3020682,4.7190406324297145
3022464,4.48831036426741
3024246,4.956426372197513
3026028,4.290976920227796
3027810,4.841687032121576
3001081,56.58646151191808
3002863,71.98220654422127
3004645,71.79013727807937
3006427,120.36435580545253
3008209,48.899139695615254
3009991,41.86306564961933
3011773,46.68021838942096
3013555,53.328541666445865
3015337,59.52993462401732
3017119,64.38366752593258
3018901,75.08922088094683
3020683,53.7169589819299
3022465,50.40446534820069
3024247,53.777228397207416
3026029,52.86200495601263
3027811,60.43851111892351
3001082,80.96550928511012
3002864,85.59589929880218
3004646,76.51219762811715
3006428,105.74661687116684
3008210,73.99871199738688
3009992,94.52074947665027
3011774,95.03372229653417
3013556,81.25690295212854
3015338,82.8214354290216
3017120,81.8376033840548
3018902,102.71633596084892
3020684,86.09803589419276
3022466,86.78650628887213
3024248,87.41302880189812
3026030,80.60036767526121
3027812,87.61888829249627
3001083,421.737437690924
3002865,327.06138677995733
3004647,338.2393519852931
3006429,423.09507122116196
3008211,333.4524447214648
3009993,369.2813610141957
3011775,556.1694589682851
3013557,324.966344616104
3015339,343.7084918470662
3017121,354.3008580092598
3018903,408.86498946401485
3020685,355.20829650263823
3022467,370.77298865037
3024249,415.7674455238393
3026031,335.39010195733545
3027813,369.36797751370085
3001084,29.701777490245977
3002866,5.380662384998985
3004648,1.1270816441686147
3006430,5.30274947175212
3008212,5.880535052911459
3009994,5.12874169531946
3011776,4.467978410305875
3013558,8.334888847765127
3015340,1.4610989243983477
3017122,4.4989115707284135
3018904,11.786732585493795
3020686,3.0996341029664904
3022468,9.471569662241228
3024250,1.4949232216300175
3026032,9.294788240603081
3027814,9.765246087906933
3001085,3.7685434692365534
3002867,3.8773918113781973
3004649,3.6399062877728583
3006431,6.704059996383298
3008213,3.072278960121294
3009995,3.685067726869304
3011777,4.030327507372299
3013559,3.372852138944379
3015341,3.6944885428700687
3017123,3.6869769572564706
3018905,6.41609871730603
3020687,2.831808265640047
3022469,3.6974720156800713
3024251,3.923344129915575
3026033,3.528713665475612
3027815,3.9098593624001565
3001086,3.292291647448193
3002868,3.225972519708576
3004650,3.112654328506567
3006432,4.39873332923106
3008214,4.730585868115363
3009996,3.455909766370057
3011778,3.033138690122519
3013560,3.354853998693948
3015342,3.421148215755352
3017124,3.1882229602620025
3018906,4.458136858010691
3020688,4.165584762711551
3022470,4.462426748574347
3024252,3.3106440430670716
3026034,3.5826169676047677
3027816,3.6559567454964133
3001087,0.6073321167414908
3002869,0.6531848560245928
3004651,0.5409501932021609
3006433,1.46732035443399
3008215,0.6550120156361602
3009997,0.7323619632189194
3011779,0.7057258571495391
3013561,0.6141777089428149
3015343,0.5615540260216695
3017125,0.49421235921259504
3018907,0.608644316622812
3020689,0.690437405865883
3022471,0.7173340327754155
3024253,0.6373240797738124
3026035,0.62845629951883
3027817,0.6166190656707299
3001088,5.07139190570947
3002870,3.562077335052263
3004652,1.7279067102334913
3006434,2.5145717298108012
3008216,2.527809547147978
3009998,3.97831417807366
3011780,2.4064636279704756
3013562,2.296155994529767
3015344,2.5089786518001174
3017126,2.416286032680738
3018908,3.1985332114565175
3020690,3.92658481225967
3022472,2.667164578403375
3024254,2.5801456839509087
3026036,2.264464652684122
3027818,3.4587324688692345
3001089,1665.8060685986911
3002871,1535.0661791651676
3004653,1570.7111689491196
3006435,1685.2108315826283
3008217,1606.7301770990719
3009999,1944.0003022428336
3011781,1784.62645085468
3013563,1599.9050043573327
3015345,1531.1325314604485
3017127,1600.2913515167718
3018909,1712.5752420371828
3020691,1614.5048488584173
3022473,1723.3938159150055
3024255,1623.149676022799
3026037,1628.4678870543332
3027819,1671.4997269792573
3001090,0.009108302649012738
3002872,0.004435567225267873
3004654,0.0006385349943793528
3006436,0.0
3008218,0.0005765173921185703
3010000,0.011957534867778473
3011782,0.00631877869404011
3013564,0.004938335427756703
3015346,0.0024126252246160803
3017128,0.0
3018910,0.0
3020692,0.0
3022474,0.0014980033673549435
3024256,0.003286445474726982
3026038,0.0027285746495719614
3027820,0.0005344099221005675
3001091,169.19376962948385
3002873,147.43178054280676
3004655,126.53839841286731
3006437,148.1314930131089
3008219,150.46713713055615
3010001,175.57379507219642
3011783,167.4100900978501
3013565,138.96194847980234
3015347,136.25213817490987
3017129,132.78990832136955
3018911,143.39177244290394
3020693,150.6649694932349
3022475,154.9541883513465
3024257,146.43313034104935
3026039,141.1336623546671
3027821,142.8919087032584
3001092,3.6642433145966655
3002874,4.946632898941433
3004656,5.891277131372228
3006438,8.024913733262204
3008220,5.115395227995808
3010002,6.474976521640155
3011784,3.0406971011454975
3013566,4.309492624573628
3015348,4.4557598955238795
3017130,4.8790701064021995
3018912,6.479784586033638
3020694,3.552133752592461
3022476,4.0537098553490125
3024258,4.298291863125626
3026040,4.067846122406389
3027822,4.085337599963011
3001093,798.0362159101347
3002875,775.0065049876849
3004657,643.5182022430268
3006439,817.0138969428396
3008221,721.6338914402004
3010003,864.4523248662854
3011785,735.2299412708729
3013567,793.5655278950579
3015349,766.2062740043494
3017131,770.5636290482913
3018913,835.3511152337428
3020695,747.1079971248623
3022477,866.2465945542963
3024259,820.3918809325437
3026041,830.4622651603731
3027823,869.0220246985047
3001094,399.0645387658121
3002876,320.26385195158406
3004658,279.65520187792566
3006440,319.361121345795
3008222,285.2038318935632
3010004,384.5389899041218
3011786,347.99788655955143
3013568,376.8388744565388
3015350,313.17689388902073
3017132,318.6867247601862
3018914,345.56467572570654
3020696,328.43900001372174
3022478,351.8969091625898
3024260,335.5653535135835
3026042,384.4326280676996
3027824,345.90249933677836
3001095,251.33206546694382
3002877,246.58334078587757
3004659,294.39264894165757
3006441,250.3949940409426
3008223,223.13445929776177
3010005,315.93004169470834
3011787,257.94327427965976
3013569,229.78777247335574
3015351,227.44843356451688
3017133,246.94934950119668
3018915,232.7520530510502
3020697,224.78510258376647
3022479,255.86640765600885
3024261,239.70779262301878
3026043,241.45267628190882
3027825,251.96575446560905
3001096,95.97742615782728
3002878,95.80241505166346
3004660,88.24598084469115
3006442,107.2788406887737
3008224,110.7753693115006
3010006,164.25431909243545
3011788,102.23969729850525
3013570,102.716351974695
3015352,92.25724001993272
3017134,86.43299899465906
3018916,103.2967342270108
3020698,96.9656688384423
3022480,142.2871009434783
3024262,102.97283846626539
3026044,100.51988815475865
3027826,97.1637510638011
3001097,57.59914033291279
3002879,60.01712798842214
3004661,65.72519878879422
3006443,83.66198306226225
3008225,49.94050004211704
3010007,56.40748074274404
3011789,53.99290355909083
3013571,54.834963236110376
3015353,56.13570910796283
3017135,60.21753802349745
3018917,72.30490665656104
3020699,47.98437318908944
3022481,53.63491610039025
3024263,54.33572667664715
3026045,55.57508611523324
3027827,58.12281827445094
3001098,3000.147094734863
3002880,2681.7824393099754
3004662,2345.1849075218956
3006444,2654.574303636833
3008226,2448.553356432427
3010008,3159.521985151481
3011790,2726.5735133510775
3013572,2574.7610452996137
3015354,2478.022618445473
3017136,2509.484643543934
3018918,2686.2509466254514
3020700,2500.2945788110505
3022482,2799.460669780097
3024264,2714.7228003086416
3026046,2720.9174212689936
3027828,2793.6433862650606
3001099,5.670731900059528
3002881,5.509822080803628
3004663,5.4249510418390505
3006445,5.845450183928733
3008227,5.586428760023021
3010009,5.788434407011555
3011791,5.757030380468856
3013573,4.901097497731062
3015355,4.790090528738755
3017137,5.3232750181123984
3018919,5.508443657403561
3020701,5.208042229360749
3022483,4.796617869294145
3024265,4.918220449189349
3026047,4.6667106106920135
3027829,4.963180785094526
3001100,0.8790205969322363
3002882,1.7692453851914924
3004664,0.8184875385652847
3006446,1.0869135635150313
3008228,1.0617847471236177
3010010,0.9671454934138611
3011792,1.0075888377015307
3013574,0.9487503738173834
3015356,0.9085948816276691
3017138,0.9058094770964065
3018920,1.0867612892277922
3020702,1.1848308301677024
3022484,0.9781078124525346
3024266,0.993619580739602
3026048,1.015715396326637
3027830,0.9984786276712848
3001101,15.0195658257457
3002883,12.093771643931353
3004665,12.550433023261078
3006447,12.071144122164867
3008229,8.015592998037699
3010011,13.043893965172039
3011793,10.178702696158199
3013575,10.741583730179707
3015357,9.478192458370422
3017139,9.991594068168101
3018921,14.646465087486689
3020703,8.355836424365014
3022485,9.194406115139891
3024267,12.834185078515866
3026049,10.182425769592824
3027831,11.550404570907418
3001102,21.67814993447121
3002884,12.731011098286684
3004666,12.269263107071604
3006448,19.002830830511908
3008230,18.817905264725407
3010012,14.902958673485406
3011794,15.710835002855958
3013576,15.231764228580394
3015358,16.22804159616899
3017140,14.22599629514989
3018922,19.482329341885244
3020704,14.961303043564042
3022486,16.369395604127195
3024268,18.204425136072448
3026050,18.41593655214936
3027832,18.35975941203694
3001103,0.0769492341609246
3002885,0.06988004468022029
3004667,0.06348608692623448
3006449,0.07174272292517632
3008231,0.09004820301830642
3010013,0.09693717452804466
3011795,0.08053360115990332
3013577,0.08874349869210796
3015359,0.07681794186739692
3017141,0.06388773731106805
3018923,0.054964361824885184
3020705,0.049903428869400496
3022487,0.09162572503190874
3024269,0.0896777454629596
3026051,0.1272737229735297
3027833,0.11902614977003155
3001104,222.92965620992422
3002886,199.3457272229355
3004668,181.39778113901033
3006450,225.73701557762365
3008232,215.28052388373737
3010014,258.41200472080953
3011796,199.9358366147278
3013578,210.23190967224937
3015360,198.9653449408814
3017142,199.43585635766397
3018924,222.7296649797673
3020706,214.48246648492815
3022488,231.73173242849168
3024270,210.5930737173859
3026052,211.98761598823435
3027834,221.83146870888967
3001105,6.0761450885027175
3002887,5.146652722280982
3004669,6.154774623189027
3006451,6.961366689635583
3008233,6.516670721970262
3010015,4.601157706858112
3011797,4.985905091061999
3013579,5.023504090851815
3015361,4.755702231860972
3017143,5.02603505698314
3018925,7.14499356647245
3020707,7.213598229528153
3022489,4.954737723949148
3024271,5.000415484393488
3026053,5.106068589056094
3027835,4.898977279494754
3001106,217.3058981293591
3002888,0.0
3004670,0.0
3006452,0.0
3008234,0.0
3010016,0.0
3011798,0.0
3013580,0.0
3015362,0.012943031166898123
3017144,0.009392708232922937
3018926,0.0
3020708,0.0
3022490,0.007977866386134192
3024272,0.011438275349403379
3026054,0.010881710775945033
3027836,0.017276142541525426
3001107,10.245958718307177
3002889,2.533733816291811
3004671,2.571293928169252
3006453,4.144502448858269
3008235,2.6385580332802587
3010017,3.2946116583586544
3011799,3.8662564177951304
3013581,2.247880507188853
3015363,2.7257285716425623
3017145,2.7104746513629627
3018927,3.1329406037911434
3020709,2.73400488079967
3022491,3.235533441303568
3024273,3.2405056068738176
3026055,2.8429500273167174
3027837,3.927279359044634
3001108,29.21262129949586
3002890,18.212859360578438
3004672,27.982293575713495
3006454,36.10653453085886
3008236,7.971620069168794
3010018,10.995976517045401
3011800,12.000383475429098
3013582,22.806950665166045
3015364,20.68369359283672
3017146,24.53548589116831
3018928,36.688430207677875
3020710,13.992227777629111
3022492,15.34872836980702
3024274,13.974997584844639
3026056,17.663456198309834
3027838,20.45453563531376
3001109,1.696296904789504
3002891,1.8292749199650638
3004673,1.9905627107620159
3006455,2.3866832888081584
3008237,2.0702491178934133
3010019,1.8979176346341442
3011801,1.5737004365567904
3013583,1.6311108469307498
3015365,1.6996322998133417
3017147,1.749783124113442
3018929,2.002543687867502
3020711,1.7787453718275412
3022493,1.7042601853199761
3024275,1.5629808631916706
3026057,1.7082564887548422
3027839,1.6324880028042796
3001110,131.912835406686
3002892,160.41910061214037
3004674,113.33150098763953
3006456,111.63719804298398
3008238,106.55516398126763
3010020,164.8979830264434
3011802,158.43735424836356
3013584,125.71488944241331
3015366,147.44837318680356
3017148,115.34956266737004
3018930,124.99112525168323
3020712,115.53520588274415
3022494,139.79858087152633
3024276,135.6317170592509
3026058,128.75901151153514
3027840,156.46388329859855
3001111,194.04010521947603
3002893,162.42220735939375
3004675,158.97605385136202
3006457,172.00683997854267
3008239,171.83774537499775
3010021,193.53314902852466
3011803,170.06581057042843
3013585,186.0792859906105
3015367,167.2556609178753
3017149,163.51978033553755
3018931,190.94750885613755
3020713,177.29861807642897
3022495,194.87671952341506
3024277,187.84031121041718
3026059,183.70081129393418
3027841,189.13872024310604
3001112,0.7371813255327071
3002894,0.6834536744651117
3004676,0.5677652791369869
3006458,0.8221627854920684
3008240,0.809339070515298
3010022,0.6339334267318181
3011804,0.6977368223925842
3013586,0.6990966208509795
3015368,0.6668653342711495
3017150,0.5794739015065286
3018932,0.774469111191615
3020714,0.6871488361054329
3022496,0.489061852562412
3024278,0.593497867206131
3026060,0.5479858653771097
3027842,0.5613420341627722
3001113,4.639839007169917
3002895,4.720718984411568
3004677,4.184188809752723
3006459,5.0733824701341135
3008241,4.676960873637269
3010023,4.968488252290153
3011805,4.581587475491587
3013587,4.237199272480346
3015369,4.87192956070501
3017151,4.026928328505947
3018933,4.8785601739685065
3020715,4.451438491601341
3022497,4.7104715562907655
3024279,4.283443351456057
3026061,4.276169150211644
3027843,4.3905460162866925
3001114,104.58097201655762
3002896,109.4696669763811
3004678,117.55230569909527
3006460,105.77501598847823
3008242,99.8760107703594
3010024,113.49080031920197
3011806,112.58779049490677
3013588,104.91361479699133
3015370,105.01457060846273
3017152,110.18322240916507
3018934,108.13645224564546
3020716,100.81459610852521
3022498,111.42264420828498
3024280,111.18378290083847
3026062,106.0190021615274
3027844,109.29785211743597
3001115,40.90775926013657
3002897,39.78690801143605
3004679,37.444848043703246
3006461,40.09948373078053
3008243,37.19018717337311
3010025,43.64667597513883
3011807,46.99839704652004
3013589,38.35266605698663
3015371,38.531022330147664
3017153,39.00972018793387
3018935,38.075919187675105
3020717,35.631435864016815
3022499,42.725403514457845
3024281,43.56561702399776
3026063,39.01880255909569
3027845,39.76389464119965
3001116,766.1846380141424
3002898,553.249793097321
3004680,498.80807740294193
3006462,547.8680331244561
3008244,567.1735724418048
3010026,694.4594227433099
3011808,1096.5578578694124
3013590,680.8291327391156
3015372,689.6247667668296
3017154,720.7084536669918
3018936,754.1381202849402
3020718,712.2750902006219
3022500,773.2593650870134
3024282,906.4029082175583
3026064,705.1068999952231
3027846,738.3420520588558
3001117,30.96917336251339
3002899,9.434766215224696
3004681,9.236450999679262
3006463,8.872189426063228
3008245,14.090324622972352
3010027,8.630599469529294
3011809,8.192553066274625
3013591,25.411031503332953
3015373,3.5047790563403822
3017155,4.25274795580857
3018937,9.819727060550896
3020719,8.52014948924114
3022501,11.751466064581464
3024283,7.241122078937299
3026065,7.525116996340588
3027847,13.825052539170528
3001118,4.279846391726293
3002900,3.7538331208520668
3004682,3.1525161851310544
3006464,3.819428699741516
3008246,3.6429603134349677
3010028,4.112689064508436
3011810,3.9990585700875236
3013592,4.129284080371894
3015374,3.8250015426524278
3017156,3.4552790066264714
3018938,4.115457317567619
3020720,3.50375218467822
3022502,3.920336240757535
3024284,3.9317566991717148
3026066,3.8067175839041933
3027848,4.2788576954713795
3001119,3.3219881339282877
3002901,3.3402764204316266
3004683,3.467574248893571
3006465,5.847402708887626
3008247,6.746744427166273
3010029,3.7351271255991327
3011811,3.5687480878239572
3013593,3.46528544955094
3015375,3.3060609721203087
3017157,3.3895256847260598
3018939,5.62977745686273
3020721,6.206710737599901
3022503,3.525086361693065
3024285,3.294503973387178
3026067,6.768880506116665
3027849,3.373955440770002
3001120,0.16993213250305006
3002902,0.1741739609378119
3004684,0.15078616922855229
3006466,0.22404164602096022
3008248,0.2553334692791163
3010030,0.07762842991735443
3011812,0.07223087060802388
3013594,0.1529544717269293
3015376,0.1503806927766416
3017158,0.13913231933811146
3018940,0.19154370726171377
3020722,0.22057450558944777
3022504,0.1142678515063068
3024286,0.11454920694045523
3026068,0.1578432859462747
3027850,0.17147539288403169
3001121,2.5945245579547325
3002903,0.4351004203964231
3004685,0.488930629072192
3006467,0.779575938705478
3008249,1.8827681021104645
3010031,0.07310969056307388
3011813,0.056304979902104146
3013595,0.43749367479571705
3015377,0.48956694784385263
3017159,0.4964754806773967
3018941,0.7723559630286521
3020723,2.0226584981366376
3022505,0.6155931067809993
3024287,0.5686151071511198
3026069,0.6371923359470636
3027851,1.954937109926604
3001122,1311.2889080146158
3002904,1328.486975296114
3004686,1414.2400542289322
3006468,1667.488290050568
3008250,1916.8828857306592
3010032,1556.448733644084
3011814,1520.8066361409867
3013596,1164.6905666197579
3015378,1163.1241157012648
3017160,1177.509835455706
3018942,1407.650868405631
3020724,1503.0325447783555
3022506,1219.7287033599125
3024288,1251.6153413939917
3026070,1544.1870884893594
3027852,1230.82193783018
3001123,0.004253285069426346
3002905,0.0003731262059126488
3004687,0.0
3006469,0.000559367190897878
3008251,0.002697804767297548
3010033,0.0014150148885710811
3011815,0.0
3013597,0.0
3015379,0.0
3017161,0.0
3018943,3.721224141923198e-05
3020725,0.0005607035858349883
3022507,0.0
3024289,0.0
3026071,0.0
3027853,0.0
3001124,155.2423352256302
3002906,121.4854405339767
3004688,124.9392771214937
3006470,157.1237500730911
3008252,231.37556189758206
3010034,159.01386166226044
3011816,172.80064496921196
3013598,131.10845873113996
3015380,127.2293157275622
3017162,124.82300645762909
3018944,160.93513210585704
3020726,190.65070535237018
3022508,142.70165561881348
3024290,141.2084255612742
3026072,157.63313785531057
3027854,139.13961783189396
3001125,3.881983484705522
3002907,3.311336200546999
3004689,3.2763087629912513
3006471,5.287141487211863
3008253,3.339165271315471
3010035,1.384528166062771
3011817,2.338583724091746
3013599,2.9178200655131925
3015381,3.090971831500287
3017163,3.5412697571906406
3018945,5.1870156008468955
3020727,3.8700949083254073
3022509,2.2866015535979147
3024291,2.7389869610011277
3026073,5.31063161689084
3027855,3.328289548666691
3001126,704.8033991721587
3002908,572.4214070792643
3004690,680.4311346636279
3006472,817.3146018721233
3008254,946.4956148983865
3010036,755.1097641037381
3011818,895.1653871196901
3013600,601.5466285999122
3015382,592.0411482876337
3017164,602.1357500881758
3018946,742.929549770089
3020728,763.4083935645252
3022510,635.3246895411779
3024292,653.8191869318588
3026074,708.8227392366276
3027856,687.8506496740121
3001127,265.24378847224364
3002909,198.1804836652358
3004691,214.47144221545318
3006473,274.05082271491193
3008255,356.11272410395287
3010037,242.67002937075299
3011819,241.97334044653826
3013601,233.20327715086384
3015383,195.0383145308857
3017165,192.8618796732974
3018947,251.25247247040838
3020729,268.6459529114063
3022511,220.37942783300727
3024293,222.5091257395054
3026075,241.72851970961563
3027857,225.22740490864126
3001128,149.97234340080686
3002910,127.52359291789249
3004692,148.46965688601048
3006474,147.7515573521978
3008256,203.24475607036686
3010038,144.5113917981971
3011820,156.42869528384875
3013602,126.89749343259867
3015384,122.68826172684078
3017166,140.36366663257246
3018948,153.53819420066017
3020730,168.31744544038793
3022512,137.70234160487905
3024294,140.92335989396284
3026076,150.67628314093847
3027858,142.99409062174524
3001129,105.6070123885004
3002911,117.79446949886716
3004693,109.42869171560771
3006475,163.81105799721217
3008257,193.57997668121354
3010039,391.7386198837805
3011821,114.70551899526765
3013603,113.66088927719841
3015385,110.19134785411478
3017167,105.60927999445572
3018949,137.66509925280135
3020731,151.3341825321019
3022513,189.88261844940885
3024295,118.27447903697896
3026077,148.47491741422476
3027859,119.82170873563702
3001130,27.035523601183385
3002912,25.958214229658626
3004694,33.88035261224494
3006476,61.78059239553337
3008258,34.22177181868975
3010040,18.50045947041875
3011822,21.460144264307804
3013604,23.380327294783118
3015386,24.531286189838156
3017168,29.247118172749904
3018950,46.91908565678676
3020732,31.67574062112678
3022514,20.696115098361762
3024296,23.622637031365144
3026078,32.14661414844448
3027860,25.042094190516195
3001131,2246.4545418382027
3002913,1804.3747496804392
3004695,1996.4549483219744
3006477,2361.8746451910233
3008259,2915.00851746557
3010041,2248.666188490272
3011823,2146.6347599787964
3013605,1834.6093647736197
3015387,1810.7245800663661
3017169,1840.896264466034
3018951,2207.9813956948124
3020733,2300.664696188354
3022515,1917.1185164285823
3024297,1922.9047510463713
3026079,2296.0624223969085
3027861,2018.366603129475
3001132,3.5270080318162935
3002914,3.919846965470741
3004696,4.0690325644757985
3006478,6.080310245353555
3008260,8.079888754705207
3010042,4.15249530762221
3011824,3.6308601591904774
3013606,3.8061613641017664
3015388,3.8374466685818676
3017170,4.12312998392717
3018952,5.8433797830557905
3020734,5.1648445370690625
3022516,3.737141553838589
3024298,3.6763922004823164
3026080,6.171945623248498
3027862,3.9033578224024517
3001133,0.12126609529433845
3002915,0.12074787085821814
3004697,0.12756355187082594
3006479,0.17095381209308966
3008261,0.20180230811762043
3010043,0.12965438993398634
3011825,0.05352511012851235
3013607,0.052925291627693834
3015389,0.04745713441540859
3017171,0.07315728716901858
3018953,0.06900654471101382
3020735,0.0777695336569783
3022517,0.0525682433995571
3024299,0.0511496441073708
3026081,0.1254356735404125
3027863,0.14290544286437132
3001134,13.872198792744305
3002916,9.504559603032208
3004698,15.067776462073406
3006480,17.015064367770318
3008262,16.09307022453822
3010044,13.090526350981833
3011826,9.991978824674751
3013608,10.389822898723159
3015390,14.013686305547893
3017172,11.751506744390767
3018954,15.992370099806683
3020736,14.197084535345958
3022518,10.116330512118784
3024300,10.429050106803098
3026082,16.965207750934923
3027864,9.554709919788996
3001135,17.409102035219544
3002917,9.574416648962485
3004699,10.294327843595616
3006481,15.398956435195467
3008263,21.954075882249526
3010045,13.59189544096121
3011827,12.944616904468603
3013609,11.917165160201895
3015391,10.111772477774652
3017173,10.611753640484622
3018955,15.87705277593315
3020737,16.91206280743859
3022519,14.095284751044483
3024301,11.413879520893241
3026083,16.798168005788288
3027865,12.427049379627618
3001136,0.07579211391763702
3002918,0.06319309029891185
3004700,0.0638167105998202
3006482,0.0953611612175335
3008264,0.11506240257918042
3010046,0.06489320031829231
3011828,0.012754194850023944
3013610,0.010470539137329158
3015392,0.006069727177320831
3017174,0.004395198561927115
3018956,0.01615893868457809
3020738,0.022508724912354183
3022520,0.010714034450861906
3024302,0.009737192117803042
3026084,0.06674521665708193
3027866,0.06849629881789575
3001137,148.13185910278779
3002919,136.15940106217053
3004701,145.6630808104467
3006483,182.96193745725193
3008265,224.43575895614785
3010047,156.3228917784468
3011829,136.50243469610882
3013611,123.53334288903791
3015393,120.18868039729769
3017175,121.99026544846511
3018957,158.61951434431822
3020739,167.76181926104962
3022521,137.0294775934664
3024303,137.46519523673058
3026085,151.08338176429518
3027867,141.27790305448448
3001138,0.001612111694748668
3002920,0.0
3004702,0.0
3006484,0.0
3008266,0.0
3010048,0.0
3011830,0.0
3013612,0.0
3015394,0.0
3017176,0.0
3018958,0.0
3020740,0.0
3022522,0.0
3024304,0.0
3026086,0.0
3027868,0.0
3001139,192.41263038086672
3002921,0.0
3004703,0.0
3006485,0.0
3008267,0.0
3010049,0.0
3011831,0.0
3013613,0.0
3015395,0.002193906320430671
3017177,0.0018239580763618043
3018959,0.0069564566079959545
3020741,0.007377001492668556
3022523,0.001760702840042004
3024305,0.0005982913919676847
3026087,0.0034967154101284773
3027869,0.008884281763011212
3001140,8.069538518704135
3002922,1.3168844124163483
3004704,1.2196773268695458
3006486,2.0372309626110763
3008268,1.9298174562405057
3010050,1.3297879212235895
3011832,1.8996695962605237
3013614,1.2074654784860308
3015396,1.8673721485983588
3017178,1.7003104581961725
3018960,2.7515580129665964
3020742,2.8368423085948513
3022524,2.0380083634260138
3024306,2.1883445268383928
3026088,1.8675690269492426
3027870,1.8956966078836448
3001141,33.39935188868048
3002923,17.336088703427198
3004705,36.713347671145776
3006487,43.27649122780985
3008269,19.821595257344335
3010051,8.407049912309802
3011833,11.33302809781943
3013615,16.943490380986884
3015397,19.07410753904183
3017179,24.987795251260593
3018961,33.51856244106087
3020743,21.304252031402687
3022525,10.682147842444037
3024307,16.987889052209415
3026089,33.49567897300446
3027871,15.53282603548506
3001142,1.1255608242015915
3002924,1.1332418817818726
3004706,1.1623615044144564
3006488,1.9631920853090226
3008270,1.9959465625033745
3010052,1.1319083707414168
3011834,1.0267726490740419
3013616,0.9496536039387564
3015398,0.9861486444409427
3017180,1.0784058540264465
3018962,1.6560410676671535
3020744,1.660441194360579
3022526,1.1222497116103063
3024308,1.0183507022032747
3026090,1.587328662074454
3027872,0.9753823171065511
3001143,46.55294680049252
3002925,55.65179830235226
3004707,45.68867296622568
3006489,49.14901193793785
3008271,67.99085821472438
3010053,48.987700632859294
3011835,55.6761873398765
3013617,39.90998192814734
3015399,51.06577799408054
3017181,39.33567470838948
3018963,47.91381113479716
3020745,51.93987468548903
3022527,44.62804482543365
3024309,45.750897109633314
3026091,50.96271101826434
3027873,53.15119112210405
3001144,128.40235057169892
3002926,105.09534859404756
3004708,98.79866871299866
3006490,147.79257321182578
3008272,173.757522015308
3010054,117.24935965091221
3011836,112.3669525185919
3013618,104.7036029762818
3015400,103.20282797255159
3017182,101.8131028063006
3018964,131.57497103512424
3020746,142.0055439581067
3022528,115.28914029608818
3024310,111.42484340081842
3026092,125.16844053752094
3027874,114.7503996134839
3001145,0.703790277840544
3002927,0.7789126615543892
3004709,0.7679181372503135
3006491,1.1554101444081486
3008273,1.4252466559833712
3010055,0.9157482973423781
3011837,0.24473047198537598
3013619,0.7950007148836741
3015401,0.7652891854604352
3017183,0.7598515222063789
3018965,1.1728248013142297
3020747,1.3137481501814998
3022529,0.814657610735043
3024311,0.6225463132227372
3026093,0.7883809813596617
3027875,0.8479887948191737
3001146,2.1904410341476415
3002928,2.0568684286181402
3004710,2.022494132655366
3006492,3.352916829066808
3008274,3.894094644707456
3010056,2.3207025437943147
3011838,2.0142742423310436
3013620,2.0059800387138527
3015402,2.0198229729925754
3017184,1.944026449924299
3018966,3.066702983974739
3020748,3.5310600774183043
3022530,2.1489249809559596
3024312,2.215123732710921
3026094,4.376946183823827
3027876,2.1762161972811396
3001147,58.52670487602165
3002929,54.94106281232238
3004711,82.33515549966245
3006493,65.4380254409517
3008275,77.80580359103705
3010057,53.14560261435732
3011839,57.65142532214281
3013621,52.53270669107386
3015403,53.730708107762865
3017185,62.88109126513737
3018967,64.30798736889541
3020749,69.29787016117676
3022531,53.507240460077234
3024313,56.918897319321836
3026095,63.83065573996661
3027877,57.231267723571186
3001148,33.00296144251032
3002930,30.030642356010446
3004712,30.289839683505278
3006494,37.77254803534834
3008276,47.112929150264165
3010058,38.223627678660286
3011840,34.5492387962202
3013622,28.136366675466224
3015404,28.982409790356897
3017186,29.953728082811477
3018968,39.39542015100724
3020750,42.75576110646704
3022532,34.533262063921796
3024314,33.98383874259449
3026096,32.9681891776623
3027878,30.889511754881244
3001149,579.6986739414338
3002931,373.18629796875877
3004713,427.2173638733413
3006495,517.4986738058801
3008277,646.5054310289083
3010059,436.0021342783346
3011841,899.820425128219
3013623,517.5151758330819
3015405,539.7846425722147
3017187,571.358771886226
3018969,695.1593107231978
3020751,727.6957129972378
3022533,562.9815122731029
3024315,762.3207156606367
3026097,756.1281584066163
3027879,582.639922221328
3001150,158.78042622452756
3002932,0.0
3004714,0.0
3006496,0.0
3008278,0.0
3010060,0.0
3011842,0.0
3013624,0.0
3015406,0.0012157225753439992
3017188,0.001313886014047978
3018970,0.00116204944578934
3020752,0.005554772000991792
3022534,0.003824189160714765
3024316,0.003358029576313216
3026098,0.004370547624697376
3027880,0.007814218445649139
3001151,0.836421485050785
3002933,0.6679207160341116
3004715,0.7563264724768324
3006497,0.9103482963025629
3008279,1.5361933435542614
3010061,0.7885859199438766
3011843,0.9832247691388375
3013625,0.7190158384738972
3015407,0.7010720734229526
3017189,0.745731268715696
3018971,0.7947990430963542
3020753,1.1919501052760066
3022535,0.7965046125099061
3024317,0.9045693442813336
3026099,2.023760593828657
3027881,0.7377666578285114
3001152,6.86350465880394
3002934,6.161064282023617
3004716,6.3636420475520765
3006498,9.877445001102103
3008280,10.737965921625614
3010062,7.342213144560755
3011844,6.699403957186807
3013626,5.539446645119127
3015408,5.300457155218637
3017190,5.7048387097221775
3018972,8.848550716058334
3020754,9.513979090329604
3022536,6.0711050157736315
3024318,5.987160692879894
3026100,5.829041210856379
3027882,6.34706149274952
3001153,0.33532194758944306
3002935,0.3621900217049476
3004717,0.3538859660402258
3006499,0.6348201199807111
3008281,0.6606263118599542
3010063,0.43641684776196343
3011845,0.13158454846230075
3013627,0.3392254016259908
3015409,0.3404106059300917
3017191,0.32922277923662163
3018973,0.5139557611984856
3020755,0.6000669060068127
3022537,0.3432051275397883
3024319,0.2916312490394796
3026101,0.3006754844003416
3027883,0.32507787950417194
3001154,4.097015115398506
3002936,2.096280567625206
3004718,2.139626215378593
3006500,3.28878379135636
3008282,3.6561716130440716
3010064,2.3422101975981438
3011846,1.9208959843457114
3013628,1.915053551074011
3015410,2.3097163469903528
3017192,2.2019780808974856
3018974,3.444408086802179
3020756,3.811148796005302
3022538,2.432800071731784
3024320,2.3090168558808366
3026102,1.026047760866496
3027884,2.5618082362522334
3001155,2625.872106002592
3002937,2594.164391988423
3004719,2765.170824562545
3006501,3614.000587339086
3008283,3919.0565735368123
3010065,2869.0643756248514
3011847,2675.391474622697
3013629,2620.931150664506
3015411,2582.1862424663136
3017193,2709.303237584205
3018975,3409.344221306696
3020757,3441.5519711611632
3022539,2732.1683134976397
3024321,2779.4764016969807
3026103,2742.775762755597
3027885,2930.2215817091387
3001156,0.0077826633976230295
3002938,0.007087991683538857
3004720,0.004419904792074099
3006502,0.002471106351982361
3008284,0.004063178566106306
3010066,0.007448064990644011
3011848,0.0040080757564527935
3013630,0.0015898395323578132
3015412,0.0025015898389699515
3017194,0.0007990323212948951
3018976,0.0
3020758,0.0003535816671975444
3022540,0.0008073736025054282
3024322,0.0028234828091702065
3026104,0.0023198245309515066
3027886,0.0036640308216253324
3001157,317.9142312029807
3002939,273.968389307383
3004721,264.6945307815533
3006503,355.00563811485176
3008285,478.39913530051854
3010067,313.4786613335352
3011849,304.0010562273314
3013631,261.27763366139783
3015413,252.83414757729892
3017195,248.84961675904052
3018977,313.6047568783284
3020759,353.6486876225976
3022541,284.03225751529015
3024323,278.71826943429784
3026105,276.68786012706374
3027887,295.5949105520055
3001158,5.18489712966364
3002940,3.411184485488158
3004722,3.670216736979978
3006504,5.7708672858771415
3008286,3.7585864977453767
3010068,1.9116402950375182
3011850,3.2486659898924377
3013632,3.0821235235838067
3015414,3.5243815363354813
3017196,3.8755621920242285
3018978,5.410659624339194
3020760,4.174527031605695
3022542,2.8297346351058423
3024324,3.195404014586872
3026106,3.284016298027705
3027888,3.841829670348593
3001159,1083.0690572710337
3002941,901.4539465300933
3004723,967.4056020096577
3006505,1298.5172992076486
3008287,1360.3117612399594
3010069,1155.3656369109192
3011851,1074.2913283529697
3013633,920.7951783669122
3015415,912.0846724304328
3017197,953.2121152020318
3018979,1167.897552223263
3020761,1149.712920118395
3022543,989.9206531838481
3024325,998.4416659481443
3026107,983.5911880595407
3027889,1089.1771745638855
3001160,966.8280908899869
3002942,530.2836376184787
3004724,560.0651863064616
3006506,736.3893631982687
3008288,873.5908504545749
3010070,675.9942937244011
3011852,642.1615746186466
3013634,636.298616301868
3015416,549.0665167323235
3017198,550.6845638042911
3018980,692.0979668061353
3020762,714.9524973429997
3022544,605.6675640673174
3024326,608.1905416983176
3026108,667.7634680654137
3027890,638.2075972337251
3001161,475.8140419634053
3002943,416.611561596282
3004725,575.8313667135076
3006507,549.5553879393095
3008289,614.1687553501373
3010071,461.1941024667356
3011853,407.5439431603133
3013635,403.0628793478222
3015417,404.39600951089466
3017199,446.45286277272425
3018981,482.30657026039916
3020763,501.0788515677589
3022545,434.8189677863001
3024327,433.2391189893365
3026109,425.10938572635877
3027891,467.5776548858658
3001162,170.8057071502469
3002944,167.33331785197797
3004726,141.429042518671
3006508,206.05869104776937
3008290,258.802738412038
3010072,318.9417919485888
3011854,197.57836956325818
3013636,145.6213070373221
3015418,142.68896683782688
3017200,132.70193489951967
3018982,181.10079228744607
3020764,199.39279805449814
3022546,230.01032495021786
3024328,171.41259548030405
3026110,151.82003340270958
3027892,162.8829363070195
3001163,96.07825867570155
3002945,76.29684003164706
3004727,97.19686837863624
3006509,178.99470519114234
3008291,119.24792561908839
3010073,81.23191313886691
3011855,94.4039471838052
3013637,83.47015219565931
3015419,83.53016977515115
3017201,93.82456746603766
3018983,145.8146503410254
3020765,110.32439480394339
3022547,80.96862303781592
3024329,86.1352705083351
3026111,85.07959243545493
3027893,90.4965327835796
3001164,4249.929491663822
3002946,3810.606243121109
3004728,3973.2790160589393
3006510,5130.909835368055
3008292,5521.97602060749
3010074,4467.801463449069
3011856,4270.873091309931
3013638,3725.8735442788616
3015420,3706.7979662122925
3017202,3806.6905573758836
3018984,4755.565838307411
3020766,4792.199258146152
3022548,4008.3851814717054
3024330,4022.499609816436
3026112,3953.658368559059
3027894,4264.709472885773
3001165,11.928921029529713
3002947,11.379243124660873
3004729,11.47590648653499
3006511,16.836783041233918
3008293,18.378899015740913
3010075,7.606732127430896
3011857,8.622459791360004
3013639,10.154892320736009
3015421,10.562206433412301
3017203,12.218119438251074
3018985,16.731175655525632
3020767,17.284255836839463
3022549,9.479981408544516
3024331,9.213754974810586
3026113,9.886518830134422
3027895,10.600630573906527
3001166,0.9284603098627352
3002948,0.8823695583176739
3004730,0.9066035096107917
3006512,1.4323906398902126
3008294,1.5223371430818136
3010076,0.9446739254123745
3011858,0.9600215056988389
3013640,0.8013026959892321
3015422,0.8262483974149505
3017204,0.8713564068621692
3018986,1.3698402661519562
3020768,1.4769590369885448
3022550,0.8647635335034635
3024332,0.9875696901128187
3026114,0.8174549584799505
3027896,0.8564359319348732
3001167,28.14299625059978
3002949,19.573092766073056
3004731,24.998228866624014
3006513,37.51384944459213
3008295,37.778544063570415
3010077,22.729734030697415
3011859,19.327012979797217
3013641,19.25192710439751
3015423,20.31720840467803
3017205,20.512826127512923
3018987,35.088076838609076
3020769,33.778658445374
3022551,21.370186270042637
3024333,23.655295562676287
3026115,24.084433874641572
3027897,22.095437449105958
3001168,32.122942057523716
3002950,21.141740436444085
3004732,18.37686359217957
3006514,31.274122411197
3008296,31.631823393328997
3010078,21.542192796053182
3011860,17.883972767345202
3013642,20.355366079866968
3015424,17.985484079940004
3017206,18.500222172642466
3018988,30.232233767097345
3020770,26.515352647752124
3022552,22.606637390147096
3024334,22.599164698431025
3026116,21.69074146423587
3027898,22.68042997096578
3001169,0.031904960982957524
3002951,0.02432472177812935
3004733,0.01836078484893081
3006515,0.032667792869390776
3008297,0.10933174147554649
3010079,0.09875172922348989
3011861,0.018553521203084723
3013643,0.01799611013639365
3015425,0.015708666167903496
3017207,0.01187926856737955
3018989,0.02416479348188123
3020771,0.026632566256393875
3022553,0.01666827033912916
3024335,0.015568545996251923
3026117,0.03143032944073086
3027899,0.031134192178064967
3001170,271.7582477870796
3002952,237.49714957548463
3004734,230.4469187983807
3006516,325.9073985852387
3008298,365.13757926350445
3010080,278.242352398607
3011862,255.90441170821575
3013644,232.02689345825362
3015426,232.25510719758813
3017208,225.50111169445196
3018990,291.43782999310366
3020772,299.6695655453821
3022554,246.28976119655485
3024336,258.2043446340349
3026118,254.8952397282558
3027900,273.21117388785296
3001171,0.04746928347586175
3002953,0.03455240753605578
3004735,0.01919633546722776
3006517,0.02924440295776538
3008299,0.047057597802977226
3010081,0.04033435493650966
3011863,0.03185473519498541
3013645,0.00726675983194202
3015427,0.018441236594746002
3017209,0.011335897948416085
3018991,0.015987896231580024
3020773,0.016250131215123864
3022555,0.028973193731327073
3024337,0.015862807680690188
3026119,0.05335080980303703
3027901,0.05479157010678001
3001172,232.59126741348666
3002954,0.0
3004736,0.0
3006518,0.0
3008300,0.0
3010082,0.0
3011864,0.0
3013646,0.0
3015428,0.012044075047311227
3017210,0.014248748294046472
3018992,0.012796852265145908
3020774,0.010415000105890927
3022556,0.010822148894166902
3024338,0.010571709605829422
3026120,0.01351994820236546
3027902,0.01952773427332412
3001173,13.925184759474654
3002955,2.4650250036927717
3004737,2.3791324787236285
3006519,5.346979803716656
3008301,5.444712530092207
3010083,3.8613100445026975
3011865,2.590027607806919
3013647,8.575740785039997
3015429,7.047277093750023
3017211,5.469313578751201
3018993,10.121229844328676
3020775,11.427342435353102
3022557,3.8875862737163493
3024339,7.0460729098232315
3026121,3.5838659364395036
3027903,12.28273626841864
3001174,38.739768417487454
3002956,24.326988872976244
3004738,42.137162015580344
3006520,43.43179189116625
3008302,24.893879020362927
3010084,8.24489343331546
3011866,11.115152154994414
3013648,17.7298338345565
3015430,18.60784287712934
3017212,27.2190731200125
3018994,29.66653122797329
3020776,11.193253770762817
3022558,13.491382295738427
3024340,15.746365892951507
3026122,19.323775107751544
3027904,21.96554223272946
3001175,3.9789817008348964
3002957,3.8410144632188583
3004739,4.389281608639304
3006521,7.080571191437282
3008303,6.364114855677953
3010085,3.9629298441575274
3011867,3.714679706384011
3013649,3.5778854796414783
3015431,3.5648112467497217
3017213,4.147764138277691
3018995,6.459218447581954
3020777,5.823988233679285
3022559,3.670171788966075
3024341,3.4499490914983775
3026123,3.3898817971556046
3027905,3.554046126562145
3001176,245.20198138541528
3002958,324.4529283910304
3004740,205.79055135526244
3006522,240.55238819226625
3008304,301.40216525308284
3010086,279.80382617207925
3011868,255.18145897649615
3013650,225.24718250767683
3015432,279.968262108386
3017214,205.58198930776803
3018996,258.4323456188827
3020778,270.5564416801435
3022560,247.11549471895046
3024342,244.2733849076287
3026124,241.21743965269204
3027906,316.6362228308323
3001177,266.0036204199112
3002959,228.56483644538
3004741,229.83496504741035
3006523,350.39743422481735
3008305,369.7006403461821
3010087,289.06580936608844
3011869,251.1300717065461
3013651,231.87829739330468
3015433,222.45737844587143
3017215,218.86809678715107
3018997,289.56694293785387
3020779,300.4412317036781
3022561,249.94835670668508
3024343,252.55445135466846
3026125,252.53660309728753
3027907,274.3480883328839
3001178,1.9277178147404956
3002960,1.7578791869905304
3004742,1.6489312789995123
3006524,2.5514611738204036
3008306,2.8806629390633307
3010088,1.5846137681366503
3011870,1.7821945751847166
3013652,1.7899818781849504
3015434,1.6876965266242159
3017216,1.6820145724194446
3018998,2.877568197745623
3020780,2.99021659580654
3022562,1.7383215464147883
3024344,1.8315977107115573
3026126,1.7515224377932839
3027908,1.9088490173451877
3001179,7.080885559468132
3002961,6.502977567537226
3004743,6.125261120136425
3006525,9.018710415476107
3008307,10.1592066836038
3010089,4.93691977683232
3011871,5.658749174870331
3013653,5.992451905490043
3015435,6.1718988951560645
3017217,6.173218239977558
3018999,8.68990882779842
3020781,9.354395339607104
3022563,6.163931730181737
3024345,5.947041885520481
3026127,6.047902160484344
3027909,6.588062567208465
3001180,296.3144200567072
3002962,317.8085021996578
3004744,370.2676955612988
3006526,420.61175476747945
3008308,440.7544410764031
3010090,341.6185051256123
3011872,294.9055574182731
3013654,300.89503153675605
3015436,304.9856803977746
3017218,311.3987156158436
3019000,370.8631343338214
3020782,389.923642862389
3022564,316.94026978144956
3024346,325.8756778356594
3026128,321.0771298426414
3027910,346.38128619973895
3001181,55.99564083323511
3002963,56.228075568745815
3004745,56.64577003249669
3006527,78.52809440743593
3008309,74.26122118354021
3010091,62.54114275673101
3011873,58.49176282432711
3013655,53.05036122640252
3015437,54.81267231556598
3017219,53.563708531506514
3019001,70.65825909411488
3020783,70.26160954132986
3022565,58.6466280618127
3024347,57.53529784292823
3026129,54.136350728208264
3027911,58.725254928328326
3001182,1805.0545627845925
3002964,1034.2331680356474
3004746,1224.308763349743
3006528,1419.595810751233
3008310,1753.575712255333
3010092,1260.4927590948712
3011874,2284.00295452633
3013656,1200.3764990406846
3015438,1265.8502421853198
3017220,1322.482548783991
3019002,1683.1541773370736
3020784,1711.2626585455992
3022566,1353.779049181365
3024348,2098.072102810915
3026130,1260.6206485493258
3027912,1380.4560766270763
3001183,93.06579949189546
3002965,15.257062399783221
3004747,22.577253343224296
3006529,47.742980966427844
3008311,61.063057749161935
3010093,39.176606440276004
3011875,24.547277948550843
3013657,29.709977756096368
3015439,22.575638611202706
3017221,21.940596414100497
3019003,37.231153604525694
3020785,58.09517428020185
3022567,45.963680366474755
3024349,39.62256594979082
3026131,28.49554059286868
3027913,29.68311378449786
3001184,10.931495760761303
3002966,8.926865827021565
3004748,8.67489910597214
3006530,14.276248273964837
3008312,13.49554747121609
3010094,8.157173416460683
3011876,9.759814207357907
3013658,8.431640011632112
3015440,8.167212620990869
3017222,7.745079562427182
3019004,13.506356949804251
3020786,13.271341361371205
3022568,8.756669734870066
3024350,9.479401804284114
3026132,8.91764827258619
3027914,9.598949511467866
3001185,2.5630129401847594
3002967,2.4765175094889647
3004749,2.541192680048326
3006531,4.462501472170551
3008313,4.624906776391401
3010095,1.952843589074072
3011877,1.6872216281159178
3013659,2.506369410004965
3015441,2.399125729131874
3017223,2.587805185391933
3019005,4.428674134235144
3020787,4.579331055936028
3022569,2.3100899782913693
3024351,2.4094713179805534
3026133,2.7064419263812076
3027915,2.8803998287078585
3001186,0.4673699013068034
3002968,0.2791825660700839
3004750,0.31373023401603833
3006532,0.5439093673212122
3008314,0.7188098753413196
3010096,0.6143182868695123
3011878,1.345487986996987
3013660,0.07860140477289872
3015442,0.08871180367765012
3017224,0.08684835584003363
3019006,0.1453787688057443
3020788,0.1638523959082342
3022570,0.11741348433892355
3024352,0.2025827151282392
3026134,0.040514890788731946
3027916,0.055330440949183934
3001187,4.624888996753309
3002969,2.811765228987318
3004751,2.5229400016526373
3006533,5.7913194478349
3008315,6.28728160132735
3010097,4.492487603339348
3011879,3.1328805926318197
3013661,2.386259423809347
3015443,2.507579479147054
3017225,2.491485488172921
3019007,3.901220747921277
3020789,4.387326226272492
3022571,1.5804685741229505
3024353,3.8126531299511797
3026135,3.539776089926026
3027917,3.826354694426781
3001188,1743.9582268005367
3002970,1704.0169814522153
3004752,1693.576539308059
3006534,2607.5054725137575
3008316,2733.7456910233645
3010098,1793.7910305465766
3011880,1862.5693030603097
3013662,1723.0763164781508
3015444,1696.9754967841181
3017226,1798.0550676746716
3019008,2330.3750764144784
3020790,2346.4050911715144
3022572,1719.256466202168
3024354,1875.6452441956314
3026136,1788.1097982470417
3027918,1929.2430616629802
3001189,0.0035070558051707285
3002971,0.0008606250012707591
3004753,0.0
3006535,0.0
3008317,0.0003618321049703686
3010099,0.0006484463512418369
3011881,0.0008074850455531828
3013663,0.0
3015445,0.000155094885950715
3017227,0.0
3019009,0.0
3020791,0.0
3022573,0.0
3024355,0.0
3026137,0.0
3027919,0.0023471805733572843
3001190,490.3402840883129
3002972,443.0066097368383
3004754,400.4736746864825
3006536,571.7354555646626
3008318,733.0905094597674
3010100,445.7788219439767
3011882,502.817577012447
3013664,429.5085307138188
3015446,417.93742711110787
3017228,422.3194157541381
3019010,545.0459151309461
3020792,607.2207577391279
3022574,437.99957137611
3024356,469.53624702517226
3026138,427.37456032456424
3027920,488.17979251512196
3001191,6.896184920895013
3002973,6.994830030309214
3004755,8.627857659814767
3006537,12.737101730265332
3008319,7.821617305261526
3010101,6.383980854915791
3011883,7.392608671773132
3013665,6.463931139045653
3015447,6.708506077241631
3017229,8.012776832957945
3019011,10.822560476974411
3020793,7.48007858918296
3022575,6.159769333868394
3024357,7.001903017615259
3026139,6.632294701780928
3027921,7.389946851658198
3001192,536.6681043485935
3002974,447.44597912753073
3004756,497.758371764817
3006538,725.1359289255082
3008320,717.8283023697742
3010102,523.9110511594296
3011884,524.4685319701165
3013666,501.93136886074717
3015448,469.1088299839928
3017230,486.13860753604604
3019012,636.3174305362836
3020794,630.4925050157545
3022576,496.14280391335774
3024358,560.8240304932084
3026140,519.2864334691212
3027922,607.6846861132357
3001193,564.2678684526799
3002975,431.27722097351926
3004757,433.92689452072017
3006539,594.7629950573651
3008321,705.5974149026191
3010103,478.70821105575857
3011885,496.30225085075654
3013667,485.25752798171425
3015449,403.50838281100715
3017231,418.3833947311734
3019013,555.2055720619893
3020795,567.2307873266876
3022577,430.69587745710425
3024359,466.9971787644169
3026141,508.7381811670564
3027923,483.6049840719522
3001194,192.5371134301115
3002976,153.78267570316498
3004758,179.15699124465263
3006540,215.5773819870429
3008322,244.98090273870937
3010104,178.00345315709595
3011886,175.29291076363089
3013668,142.12962910283935
3015450,144.143233647336
3017232,153.72054363537507
3019014,182.0349576268258
3020796,188.36566834537874
3022578,150.1669461950546
3024360,160.1887787273332
3026142,149.12726603359087
3027924,172.95146966310938
3001195,126.67060286695293
3002977,138.26744458891798
3004759,118.96795212416119
3006541,195.24381793022113
3008323,263.74638786584677
3010105,280.48113757210825
3011887,135.3060946447229
3013669,127.93944680376372
3015451,125.86053396235538
3017233,117.06906193611708
3019015,172.84561382962795
3020797,189.7549441512725
3022579,192.70494579099523
3024361,142.13291456520525
3026143,134.0727087165727
3027925,143.85471436885464
3001196,40.228679892047104
3002978,41.51093981971842
3004760,48.200786600202356
3006542,94.21605577437803
3008324,57.69130513845018
3010106,34.51250561727394
3011888,38.44561971785824
3013670,38.92532350565438
3015452,40.228404140577844
3017234,46.10370083566428
3019016,79.95228615082213
3020798,53.03989941851683
3022580,35.37698236983464
3024362,40.32785590783452
3026144,40.24547029367635
3027926,45.59041903776989
3001197,2635.881178853593
3002979,2285.4776542107543
3004761,2296.5771049294394
3006543,3263.754740397339
3008325,3501.5605553475057
3010107,2461.3798964179837
3011889,2585.2624104532715
3013671,2270.3752023402353
3015453,2325.839381374406
3017235,2355.6554863509496
3019017,3037.9655836265033
3020799,3060.333278363451
3022581,2325.2455377998026
3024363,2591.526628360519
3026145,2491.0976244155077
3027927,2748.7521193863067
3001198,8.490225911704366
3002980,9.609020234312197
3004762,9.51012069652431
3006544,14.40705973595275
3008326,19.434883269608992
3010108,8.583865258846155
3011890,7.2988918622056245
3013672,9.169987808463665
3015454,9.1829939206651
3017236,10.370547847908108
3019018,15.297261961504928
3020800,17.921300775268435
3022582,8.909486112540648
3024364,9.171813309493245
3026146,9.842155634343158
3027928,10.44569554647394
3001199,0.6126239669869061
3002981,0.5905163256049097
3004763,0.5715090372446553
3006545,1.1677875697300821
3008327,1.4574847017856152
3010109,0.7236501072729711
3011891,0.6521149911281143
3013673,0.6107714193405968
3015455,0.5684768881214973
3017237,0.5722020748985084
3019019,1.0696555674321118
3020801,1.291395021040604
3022583,0.6462189077313859
3024365,0.6658443552433683
3026147,0.6290474035178798
3027929,0.6921223616543116
3001200,20.043082007106797
3002982,14.959114201809337
3004764,21.341158716383138
3006546,25.711166144599193
3008328,25.174772220785147
3010110,15.133064862614098
3011892,13.603077510888236
3013674,14.71109584124327
3015456,18.310951187620976
3017238,20.593651319853606
3019020,25.64689154097552
3020802,18.529437603113475
3022584,13.683642140598371
3024366,13.524075566295837
3026148,17.18073879986733
3027930,15.076567327617491
3001201,24.71264872289736
3002983,14.758627629677136
3004765,14.264772120519979
3006547,25.44086181057044
3008329,25.22908906587222
3010111,14.388359638174537
3011893,17.851171222107666
3013675,13.19837035234631
3015457,17.139856872418605
3017239,15.31747333649264
3019021,28.98549341899186
3020803,26.575331700056328
3022585,18.81955654589164
3024367,19.728558721194748
3026149,19.12858536523579
3027931,17.23345225753751
3001202,0.023220357822142615
3002984,0.015642301240167338
3004766,0.010049155640485564
3006548,0.02742639237735361
3008330,0.03130982231821996
3010112,0.01617469005168397
3011894,0.015099139096333836
3013676,0.014200227354405884
3015458,0.012874999342664587
3017240,0.008226754971853103
3019022,0.025564830924304897
3020804,0.027263370162055326
3022586,0.009511810148195268
3024368,0.0007233932461437629
3026150,0.0014869704125322913
3027932,0.00316263586737916
3001203,161.56146300342547
3002985,155.56779323894602
3004767,148.75712243252988
3006549,232.4461880482605
3008331,288.90867663293983
3010113,172.408539746181
3011895,155.65153355247764
3013677,138.22583377679692
3015459,139.66366238451155
3017241,136.31590105428378
3019023,190.2870294065293
3020805,198.5864066100238
3022587,144.68368378489532
3024369,155.15561195281214
3026151,154.11448030662834
3027933,168.0813546553402
3001204,4.772811947353552
3002986,4.877823045129597
3004768,5.377004668303248
3006550,12.060787353945932
3008332,15.07620283647958
3010114,5.268540505726531
3011896,3.8629175474958974
3013678,5.210953287158844
3015460,4.860455985142664
3017242,5.108915364718219
3019024,11.146531040597496
3020806,12.431194132764226
3022588,5.05746470210375
3024370,5.02019148893453
3026152,5.477874263741196
3027934,5.959020179848288
3001205,14.051154517107697
3002987,0.3470481541619819
3004769,0.14454840165337637
3006551,0.15758402106533537
3008333,0.23941804784404372
3010115,0.0
3011897,4.513331921020084
3013679,0.2967133137871495
3015461,0.6755942285888393
3017243,0.7827980468320819
3019025,1.1228448666907462
3020807,1.0200798305140302
3022589,0.6292439234477125
3024371,2.6208736994187074
3026153,1.0182428133973174
3027935,1.1404759176538275
3001206,11.330803953272344
3002988,5.9090629961342485
3004770,3.0036114660051467
3006552,7.859896164472638
3008334,4.80318952640402
3010116,4.778855338121217
3011898,5.213314167974242
3013680,6.844715101020891
3015462,3.157276186948019
3017244,3.400070374881556
3019026,4.518588665910724
3020808,8.466196298329967
3022590,3.7902990269489574
3024372,3.8295209073443224
3026154,4.384292969522469
3027936,5.252752370626257
3001207,61.015128994855274
3002989,39.312216110543176
3004771,57.490463738908765
3006553,54.94271108980049
3008335,34.42787395559427
3010117,23.799876985961927
3011899,32.75834086175964
3013681,32.663258000499276
3015463,32.530382085987384
3017245,43.9689990824073
3019027,50.375383740221196
3020809,24.871663113077904
3022591,25.47258590367748
3024373,26.68422105289926
3026155,23.588943970811446
3027937,30.855715233436985
3001208,1.65400487471765
3002990,2.0393532032440236
3004772,2.0429957308400053
3006554,3.454224641483092
3008336,3.721358015393425
3010118,2.22029207475031
3011900,1.9799772325619547
3013682,2.0695736885069045
3015464,1.9818531195361597
3017246,2.0813718015920615
3019028,3.4462504387352375
3020810,3.6530414828382143
3022592,2.0870597077448676
3024374,2.008596944405515
3026156,1.8562373055961423
3027938,1.9737715296847622
3001209,67.45214143522365
3002991,141.95263438991893
3004773,55.94766748752391
3006555,86.24307411837292
3008337,87.69523173888751
3010119,53.9820366773296
3011901,65.46785300425945
3013683,64.79496398177486
3015465,117.51090787423595
3017247,63.33475253119672
3019029,86.08880348165174
3020811,89.09104887900837
3022593,65.53835202881562
3024375,71.85381281079866
3026157,66.99459065249546
3027939,129.76521406746227
3001210,143.70882973511777
3002992,127.17064679611201
3004774,123.77383911480895
3006556,201.97019428954096
3008338,207.70384855889293
3010120,146.70217167713335
3011902,136.66317947803643
3013684,120.52689490604035
3015466,115.79164917988584
3017248,116.02736202695023
3019030,162.02929825657318
3020812,168.9948434481253
3022594,132.05329542949832
3024376,131.4491592605746
3026158,129.8891554503269
3027940,146.59401174453265
3001211,2.538979694773415
3002993,2.5390070217936436
3004775,2.536786030700696
3006557,4.3414789062825685
3008339,4.623348078557284
3010121,1.9260597601496574
3011903,1.632739358773892
3013685,2.588575829661023
3015467,2.4797433912153384
3017249,2.526165329203886
3019031,4.213128091533657
3020813,4.333645630590851
3022595,2.1915627171573626
3024377,2.2511463956078455
3026159,2.4974627350681193
3027941,2.697164404918866
3001212,5.44381067897482
3002994,5.15008970432874
3004776,5.203041602094818
3006558,8.793532896930268
3008340,9.630620912940492
3010122,5.326000632680451
3011904,5.704595410343155
3013686,4.940820096607411
3015468,4.783289372786245
3017250,4.8383305541112875
3019032,8.051008903924622
3020814,8.532942540526689
3022596,5.111577092526129
3024378,5.4460221078606414
3026160,5.018276260455846
3027942,5.491029051138066
3001213,126.38404777640989
3002995,125.55898702829647
3004777,158.6940958837644
3006559,189.34805941928275
3008341,202.42695303744566
3010123,107.2285761362376
3011905,118.64141445459786
3013687,117.63429528153792
3015469,125.86850582714398
3017251,152.24263000154198
3019033,164.8484252279032
3020815,172.45322421812216
3022597,117.65374180608067
3024379,130.74232004769738
3026161,120.64967415090466
3027943,144.3671443740595
3001214,46.71226523410991
3002996,39.39161185144747
3004778,42.32850982830652
3006560,52.83129037664273
3008342,53.685724723740954
3010124,38.482491635797096
3011906,47.23474653057841
3013688,36.6349783028095
3015470,37.475451986205165
3017252,41.49763514835023
3019034,50.07758615658099
3020816,50.682721050941616
3022598,38.577345444088785
3024380,42.99688616923634
3026162,37.29129283671174
3027944,40.858074139048036
3001215,1911.7414070068392
3002997,1178.2262645742137
3004779,1267.785026446651
3006561,1730.8694728445316
3008343,2177.9192487930773
3010125,1422.2260290137322
3011907,3147.663222926967
3013689,1482.95927916027
3015471,1541.4852113802751
3017253,1593.1474618139273
3019035,2132.623254742417
3020817,2158.37490312624
3022599,1596.874774711757
3024381,2775.146302359996
3026163,1478.3056490398176
3027945,1714.9027634542724
3001216,37.60829916379136
3002998,49.7415941126222
3004780,33.63334950494078
3006562,67.33951726951254
3008344,69.66115743646728
3010126,47.77567173429642
3011908,36.882859945157726
3013690,38.35326846727991
3015472,37.242394400534884
3017254,33.543268569236346
3019036,67.93054001663309
3020818,74.9084150674067
3022600,48.4810160712348
3024382,47.13527580115227
3026164,38.05161423266263
3027946,51.764451009119114
3001217,9.649096347767584
3002999,8.784030236963012
3004781,7.828326351187992
3006563,20.399115127485686
3008345,15.102534711382463
3010127,9.02341653104513
3011909,11.009007745754346
3013691,8.392452407280574
3015473,8.459277403336527
3017255,8.60643029972046
3019037,19.912552383833873
3020819,14.966275108712297
3022601,9.370712241175228
3024383,10.138029483958716
3026165,8.863631033914645
3027947,9.909072202956642
3001218,4.7891180982632875
3003000,4.906428628207332
3004782,5.296408362537428
3006564,7.440046196280306
3008346,6.605949398064649
3010128,4.768994627517476
3011910,4.629589763103589
3013692,4.343772337547804
3015474,4.179354907947256
3017256,4.626026018085496
3019038,6.852390660732591
3020820,6.400899489733773
3022602,4.5033305959928525
3024384,4.573725238195363
3026166,4.60141896192028
3027948,4.905949276590757
3001219,0.42841101879646054
3003001,0.364362166227407
3004783,0.3276655400512943
3006565,0.405243053224974
3008347,0.4534773634328033
3010129,0.36292447491842444
3011911,0.3683918685258106
3013693,0.2801306146794468
3015475,0.28021897518393185
3017257,0.27477653784297756
3019039,0.30691091078165694
3020821,0.2995558905328514
3022603,0.2491793740715047
3024385,0.2891657885463174
3026167,0.22624997732393706
3027949,0.24666559387285433
3001220,4.243100650738262
3003002,2.899980368774152
3004784,1.4224266337268585
3006566,4.309792840654367
3008348,2.476304412102149
3010130,1.7622450408611325
3011912,3.471091428328343
3013694,2.9564113940170405
3015476,2.896651647115005
3017258,2.9835689900691875
3019040,4.2445214845694315
3020822,2.2855284529532516
3022604,1.681815143952824
3024386,3.2622741560293265
3026168,3.094746831610042
3027950,1.7988049887463378
3001221,2491.4353758435004
3003003,2167.4899782588386
3004785,2622.4363602396443
3006567,3615.9559301998474
3008349,2405.429669427684
3010131,2497.3904477372475
3011913,2370.9977326757057
3013695,2362.985852052965
3015477,2310.9019650176906
3017259,2484.699190476816
3019041,3088.5078066820693
3020823,2565.5207762442546
3022605,2459.499714786287
3024387,2479.7125342196227
3026169,2495.325499051753
3027951,2631.8925166611975
3001222,0.011145300805144238
3003004,0.004964522924972843
3004786,0.006905998951083898
3006568,0.000578963256072465
3008350,0.0018481383521730176
3010132,0.05873937889251385
3011914,0.0075766355284530365
3013696,0.0071159141226074555
3015478,0.0026120069696240443
3017260,0.003881324029353633
3019042,0.0
3020824,0.0
3022606,0.007531963016925863
3024388,0.005910106035011836
3026170,0.0054267263208876435
3027952,0.004366658174647622
3001223,171.20075701176415
3003005,151.62911218354506
3004787,142.779541731316
3006569,222.97421752807205
3008351,199.55227226411657
3010133,191.1264983451599
3011915,176.27122846283066
3013697,151.26751267821874
3015479,147.9067135500959
3017261,146.58824077983317
3019043,193.85551488163867
3020825,187.12116184388492
3022607,165.08211968468336
3024389,161.65899036875024
3026171,158.85807987441032
3027953,170.11993195966468
3001224,5.332566945435656
3003006,5.319724972704405
3004788,5.969325112835224
3006570,8.57669903724515
3008352,4.680569888313268
3010134,4.2289739309377365
3011916,4.7567219603193935
3013698,5.062951436526578
3015480,5.068541639421524
3017262,6.023725744465065
3019044,7.978848735641377
3020826,5.38799913034561
3022608,4.272532502382307
3024390,5.004479910586806
3026172,4.742898253517085
3027954,5.185991991619426
3001225,810.6183768881791
3003007,775.5526960055228
3004789,817.9289635605827
3006571,1257.8003783890965
3008353,830.6855243998585
3010135,942.0416663009288
3011917,877.0311214817721
3013699,826.5323215035196
3015481,821.1265017382538
3017263,862.3546501130527
3019045,1060.2028703988083
3020827,821.707870335976
3022609,873.3002876767441
3024391,866.0558016195514
3026173,877.3572002670826
3027955,965.3470223368807
3001226,345.4220395886975
3003008,277.32076741424294
3004790,290.2176526050144
3006572,476.4017646744358
3008354,373.35697553675544
3010136,330.41391546723065
3011918,315.1001994672115
3013700,325.74036233979285
3015482,275.0700303147107
3017264,292.8011511483357
3019046,371.22387815495523
3020828,330.7610265604123
3022610,306.13534561985915
3024392,308.59954131885246
3026174,341.1017732108139
3027956,326.24544040441276
3001227,292.0926538474445
3003009,264.6070898318501
3004791,307.8989326349313
3006573,427.9738851477578
3008355,340.24485336263723
3010137,314.54116829055994
3011919,311.63666888213146
3013701,284.40726493545407
3015483,285.9637342110672
3017265,338.31634327921415
3019047,367.65375348390097
3020829,336.67195703292174
3022611,308.72697715850046
3024393,305.805231225815
3026175,306.94445057928556
3027957,330.7045400004342
3001228,50.183265061561904
3003010,54.012435699298216
3004792,54.74437174128732
3006574,68.33977839136055
3008356,74.33299011615058
3010138,85.12612880200776
3011920,57.03447704376757
3013702,47.63024248703879
3015484,49.92462175114873
3017266,49.094014531524685
3019048,65.73329885980314
3020830,64.22839938326005
3022612,78.77504611713165
3024394,55.364986187833175
3026176,51.35324064073805
3027958,51.57009010729968
3001229,36.1147264820729
3003011,39.53631606608399
3004793,45.23294724159073
3006575,62.60753354094245
3008357,34.34823577744038
3010139,34.50314875896074
3011921,30.881613837249603
3013703,33.795347416359014
3015485,35.878804118187304
3017267,37.988406797226
3019049,55.243836108497526
3020831,36.060538052314854
3022613,32.38595148961446
3024395,35.11915837041943
3026177,36.242287801545835
3027959,35.951347348402436
3001230,3184.8558401394707
3003012,2898.219592150715
3004794,3164.038769859075
3006576,4576.437672827812
3008358,3074.551261996352
3010140,3196.3234422586916
3011922,3169.9112847536658
3013704,2967.7722674702836
3015486,2900.164791637862
3017268,3090.6510389768955
3019050,3896.053796919741
3020832,3216.849753052526
3022614,3136.1522617684836
3024396,3129.2575722233705
3026178,3206.4384008306865
3027960,3449.755398702046
3001231,10.067384256249468
3003013,8.264964408300058
3004795,10.354653017843098
3006577,10.751859689015665
3008359,5.917256205474339
3010141,4.0536861461654405
3011923,5.023103684230134
3013705,7.184792142761478
3015487,7.138981019903014
3017269,8.932004029348095
3019051,11.506218768026095
3020833,8.253773494982829
3022615,6.056500332658371
3024397,6.0656750114040205
3026179,7.551376365205576
3027961,7.9637254820901875
3001232,0.854802177072981
3003014,0.8830838538598126
3004796,0.924840360275721
3006578,1.4299466387847204
3008360,1.1473567924126142
3010142,0.9245039250864545
3011924,0.9422777999082165
3013706,0.8819124971337334
3015488,0.8911293812889092
3017270,0.8608456894697971
3019052,1.3615909305223528
3020834,1.1704618288073245
3022616,0.8484306590678834
3024398,0.999038642359384
3026180,0.9130332229183002
3027962,0.9867565206861265
3001233,14.733712613146528
3003015,11.072123601416807
3004797,12.84865298135547
3006579,17.932308288281057
3008361,11.550076762102854
3010143,9.845984042804025
3011925,9.51505146680624
3013707,10.258798054196326
3015489,13.158346465636944
3017271,13.809290287011699
3019053,17.332988076095972
3020835,10.739976559144369
3022617,9.516373654780754
3024399,11.89757812867911
3026181,9.363019403931519
3027963,12.99974991208588
3001234,19.089762974585955
3003016,11.238706716135836
3004798,12.805054924573431
3006580,20.871591143481744
3008362,15.067780679101526
3010144,14.399802774782772
3011926,9.585347520435894
3013708,11.230479591095849
3015490,11.60213955770278
3017272,12.092687423173322
3019054,18.27974442606502
3020836,15.132490263227808
3022618,14.06733998621938
3024400,12.090090445241103
3026182,13.591255906225088
3027964,14.54881676440639
3001235,0.14142500294807073
3003017,0.16894944432956785
3004799,0.16567014843452024
3006581,0.2837681178981531
3008363,0.296209108917912
3010145,0.2507445693884796
3011927,0.0982133743426545
3013709,0.14881071046966152
3015491,0.14541840889009852
3017273,0.14540798124077148
3019055,0.2441670795917776
3020837,0.22086751759931691
3022619,0.18201944545684748
3024401,0.1194047174939249
3026183,0.15101747306832033
3027965,0.1494919899863182
3001236,173.7163501659787
3003018,138.88655843299088
3004800,149.26783440844858
3006582,248.25896680808867
3008364,161.35405549564257
3010146,178.9670111754274
3011928,173.98287574872847
3013710,167.59623923292654
3015492,153.9436445960699
3017274,167.74166628201434
3019056,231.54438596671253
3020838,196.99101359650922
3022620,170.54772139250545
3024402,172.72561644260932
3026184,173.5173434574053
3027966,189.39148649125733
3001237,5.655152231875249
3003019,6.076601248809326
3004801,6.120080501610865
3006583,13.061826036325998
3008365,11.145767139364706
3010147,6.496871023270368
3011929,5.383854700304468
3013711,5.449948806756755
3015493,5.18382600311071
3017275,5.360468610917913
3019057,11.763012020854083
3020839,10.282280236764823
3022621,5.909507546407167
3024403,5.562031765927657
3026185,5.373958493604259
3027967,5.685581868123715
3001238,212.27127020146756
3003020,0.0
3004802,0.0
3006584,0.0
3008366,0.0
3010148,0.0
3011930,0.0
3013712,0.0
3015494,0.013554550331668571
3017276,0.018253250297076352
3019058,0.012709003598274456
3020840,0.0007213296077750467
3022622,0.012668993818721856
3024404,0.014714592665084422
3026186,0.021665996574367772
3027968,0.022408652628510006
3001239,8.84260716276591
3003021,2.7116429320393234
3004803,3.134954796824541
3006585,4.374748458320764
3008367,4.380352419595212
3010149,4.1799260915244405
3011931,4.461414776900347
3013713,2.4023685991212727
3015495,2.6922952630790333
3017277,2.6997558501218166
3019059,4.2206690209361435
3020841,3.3330898335988834
3022623,3.190261697515107
3024405,3.137101623040014
3026187,2.891489411943611
3027969,2.916465091605122
3001240,38.720881526916074
3003022,26.166324077308488
3004804,38.84428611824959
3006586,52.396094166494116
3008368,19.063237232172863
3010150,10.129570023003067
3011932,10.745596490230888
3013714,21.557605456179868
3015496,29.58624039590534
3017278,41.11023933205974
3019060,48.69731889276204
3020842,23.66127218370147
3022624,16.57544203189959
3024406,17.591447310317196
3026188,23.223299854106006
3027970,30.358391152787068
3001241,3.064973480287115
3003023,2.224722224407836
3004805,2.4419637077013543
3006587,4.210742002008504
3008369,3.9413055598177684
3010151,3.2897421025057816
3011933,4.5033863190252506
3013715,2.193357664265064
3015497,2.056224511989184
3017279,2.307727799710177
3019061,3.141259175616464
3020843,2.5566786054881443
3022625,2.2966535051533854
3024407,2.206376349626217
3026189,1.7186756280885824
3027971,1.828631871384232
3001242,127.82042218282572
3003024,162.1127966792242
3004806,115.24771646398693
3006588,195.15708107863625
3008370,127.5813223970335
3010152,135.12645093364742
3011934,142.8800111496527
3013716,119.91579841236809
3015498,150.5013615842583
3017280,118.1241280857763
3019062,156.07489663519175
3020844,129.63551839915633
3022626,129.33816622474066
3024408,129.51363180266978
3026190,124.9900563997682
3027972,161.77791509327267
3001243,180.3791523959757
3003025,153.26208825833575
3004807,181.21239518648153
3006589,280.02434158737066
3008371,182.37382932828686
3010153,181.42871242304219
3011935,171.5717690931768
3013717,171.92397259716563
3015499,159.51517804899888
3017281,164.34176809380634
3019063,229.16223811609402
3020845,185.0262745468436
3022627,170.285599552794
3024409,179.68404127718998
3026191,177.86902754142224
3027973,191.30590416069995
3001244,1.090825320762791
3003026,1.1517026000623785
3004808,1.1334109014816962
3006590,1.6457150868681232
3008372,1.613729499085938
3010154,1.0978579435173186
3011936,1.135730809114084
3013718,0.9640662682442542
3015500,0.9946889344057218
3017282,1.0620323268179686
3019064,1.58212393573448
3020846,1.578479241261704
3022628,0.9789141663877249
3024410,1.045720792483036
3026192,0.9867346668635789
3027974,1.1304941489373714
3001245,4.677950748082515
3003027,4.998910524119924
3004809,4.7633984368166695
3006591,8.348453983522132
3008373,6.556539966927473
3010155,5.025478761962173
3011937,4.374340563817223
3013719,4.72407911258196
3015501,4.815562985987142
3017283,4.7715665438120896
3019065,7.824497793551306
3020847,6.38903607916852
3022629,4.849743698498834
3024411,4.467606536631471
3026193,4.500198987996732
3027975,4.749861012638323
3001246,80.54716700955359
3003028,172.0517698052952
3004810,110.6609767138292
3006592,276.2382972641233
3008374,67.64977587287872
3010156,74.18486256081877
3011938,67.08818874872532
3013720,108.7813266992621
3015502,127.55118650968105
3017284,132.49408926842514
3019066,166.35128543562476
3020848,120.56634514688098
3022630,109.0170329288595
3024412,109.6155310079784
3026194,112.90660545754157
3027976,137.50926908124762
3001247,22.990439544030057
3003029,23.204397056103627
3004811,21.265546787694078
3006593,32.52723640192806
3008375,26.492594273548377
3010157,25.811356916091786
3011939,26.016653471077202
3013721,23.05541645595088
3015503,23.586644957870263
3017285,24.074707928137617
3019067,32.30430454126764
3020849,28.07816486224408
3022631,25.985503939355244
3024413,25.151623141087644
3026195,23.552006496388174
3027977,25.098903726602813
3001248,512.9308773696522
3003030,433.67802122095964
3004812,451.8112104448498
3006594,591.8792198688261
3008376,426.85163052252136
3010158,450.2408206863884
3011940,583.6685973316753
3013722,395.2250197450785
3015504,425.9730190264824
3017286,437.1536173007947
3019068,526.1907459937861
3020850,468.77933257702335
3022632,446.96356478402544
3024414,556.998105193737
3026196,425.07603382906154
3027978,471.40291940035405
3001249,34.1018624099784
3003031,8.487525147563941
3004813,2.5878390164786356
3006595,15.111938314443577
3008377,6.623529505248757
3010159,8.1771329746179
3011941,14.381675983297443
3013723,2.878889727719637
3015505,2.3886017617105555
3017287,6.741121425279224
3019069,10.224232264533734
3020851,9.272561527461995
3022633,3.541027113898744
3024415,12.032535792000912
3026197,11.782362538522603
3027979,6.667913081916378
3001250,4.084690396054036
3003032,4.1282614292796715
3004814,3.4517573300824576
3006596,5.777480730758804
3008378,4.625795263858344
3010160,4.5958943852057885
3011942,5.671843760708124
3013724,3.982354807258224
3015506,4.0847711507366755
3017288,3.666317733726121
3019070,6.038750368249544
3020852,5.492800042359135
3022634,4.534704106486892
3024416,4.777705692735249
3026198,3.9396900517692566
3027980,4.683321562158378
3001284,5.677754566967846
3003066,5.480099495530581
3004848,5.828484054963806
3006630,11.43423246168002
3008412,12.816522428839013
3010194,5.411846291731149
3011976,5.524416368568374
3013758,5.431898921316424
3015540,5.671873561549579
3017322,5.5566204299590884
3019104,11.002284933948813
3020886,11.697140710860674
3022668,5.262106204659965
3024450,5.4342457906512704
3026232,5.14874310387101
3028014,5.602650670573834
3001285,0.12382948087181407
3003067,0.16032780837740215
3004849,0.16349497969076707
3006631,0.3627750037793816
3008413,0.5301103290497111
3010195,0.22941736560403447
3011977,0.10034406821877086
3013759,0.14526022405520247
3015541,0.14390825408171723
3017323,0.1399433756648679
3019105,0.35498619750204236
3020887,0.4123615229161228
3022669,0.15635851739781648
3024451,0.12436188664395682
3026233,0.1367972444363895
3028015,0.15947625964793488
3001286,5.5973815111858976
3003068,4.293284879667734
3004850,3.824599746737322
3006632,6.05128052447296
3008414,6.711756417145303
3010196,3.8226111597456467
3011978,3.653960161265952
3013760,2.2096652328887454
3015542,4.096460264064722
3017324,4.019904896840181
3019106,8.174353562866873
3020888,7.941482646844722
3022670,2.3780027511273394
3024452,2.3932448129582276
3026234,4.429827604887266
3028016,5.004655208912868
3001287,3506.3449017864946
3003069,3827.5952449227807
3004851,3876.5088411511174
3006633,6299.353237874796
3008415,6551.080539518823
3010197,3448.6094935861033
3011979,3424.4823844188268
3013761,3458.8772199177256
3015543,3443.123781277022
3017325,3711.4985584895726
3019107,5095.698264934331
3020889,5409.265841212572
3022671,3397.783690306618
3024453,3579.1437932362683
3026235,3703.593057730292
3028017,4030.666533434484
3001288,0.004998406531563501
3003070,0.0008352545025642784
3004852,0.0
3006634,0.0009625212317800119
3008416,0.003914381904747962
3010198,0.0006720213956259015
3011980,0.0
3013762,0.0
3015544,0.0004493615280015007
3017326,0.0
3019108,4.924459772999215e-05
3020890,0.0014462645335616162
3022672,0.0
3024454,0.0
3026236,0.0005811440762434362
3028018,0.003143302460690644
3001289,413.12340986991563
3003071,396.4160237604604
3004853,395.64511065820426
3006635,540.3654711260414
3008417,1067.9972220132352
3010199,418.4409699468888
3011981,394.3870738122316
3013763,396.6567696142477
3015545,389.94883048671164
3017327,387.79832208419793
3019109,505.10470083600535
3020891,599.6425381234629
3022673,397.1944821223619
3024455,407.2875908098008
3026237,415.43590033128595
3028019,458.9221621601218
3001290,5.1625037814025845
3003072,5.703180034658268
3004854,7.267949916965417
3006636,13.662297968197443
3008418,9.207414913054883
3010200,4.830684756003194
3011982,3.821381448749418
3013764,5.510313185427677
3015546,5.670473671908031
3017328,7.0369442908899345
3019110,11.940143006422536
3020892,8.2801435355031
3022674,4.2574197042331585
3024456,4.447671414348631
3026238,4.977707404169613
3028020,5.529080952323746
3001291,1016.5259848851798
3003073,1012.9507488135363
3004855,1148.496738493498
3006637,1532.3331423913735
3008419,1784.4959186842807
3010201,1013.2838472782237
3011983,1014.7969457497311
3013765,1023.1555374762629
3015547,1019.1949689779044
3017329,1060.1774541629054
3019111,1395.629954654871
3020893,1442.1969727798923
3022675,1000.3044006295664
3024457,1051.1035655819403
3026239,1091.4059684007095
3028021,1254.476402913512
3001292,688.4974459064539
3003074,554.1141853030599
3004856,615.3717481621334
3006638,855.9508350730844
3008420,1129.38560413711
3010202,595.1255921382235
3011984,552.2459745435627
3013766,666.1542858575282
3015548,562.5022852052665
3017330,581.1747084771906
3019112,785.7370090737763
3020894,835.9467369559985
3022676,575.0492477294965
3024458,598.5967192509011
3026240,707.9631574270687
3028022,672.716418780221
3001293,542.3054907901077
3003075,464.10253055690197
3004857,770.0515347978626
3006639,693.0860666261852
3008421,885.1899972369471
3010203,469.5101723963362
3011985,509.4713360551141
3013767,522.5265210658761
3015549,529.1395860448855
3017331,685.4058744828785
3019113,742.1324152532724
3020895,797.2139970593485
3022677,528.0263512780253
3024459,549.8573320397833
3026241,562.0886406412017
3028023,631.5578062234546
3001294,65.39283051531257
3003076,80.9275248577065
3004858,73.26634016476042
3006640,123.76286670260947
3008422,182.5829842632971
3010204,97.09797831271139
3011986,53.829773093852054
3013768,75.72906838190573
3015550,74.90252367246593
3017332,70.0269715690961
3019114,115.5192582848988
3020896,129.020566589511
3022678,108.61676329992837
3024460,72.23083260311545
3026242,79.76347662585276
3028024,82.61247783433636
3001295,63.461116650130236
3003077,67.39574193127855
3004859,78.55894269147903
3006641,145.67496873878423
3008423,91.47016662911581
3010205,46.258896655993816
3011987,52.21170795444302
3013769,60.98383940837243
3015551,62.992909742872904
3017333,71.08965003072069
3019115,124.65611318122872
3020897,91.28093042311205
3022679,53.671333205185334
3024461,59.358547966312166
3026243,61.52430354471795
3028025,69.25400066071602
3001296,4790.150411956692
3003078,4846.02592808313
3004860,5563.656506660601
3006642,6960.043304440416
3008424,8399.073574372975
3010206,5084.5364643687
3011988,4396.658798719755
3013770,4890.255994323949
3015552,4856.424303877881
3017334,5113.710222583472
3019116,6836.366017736433
3020898,7207.114844775172
3022680,4892.48334884656
3024462,5031.221258607185
3026244,5256.412209189485
3028026,5926.899999478125
3001297,8.221997302800341
3003079,9.273854422025396
3004861,10.342127137496403
3006643,16.228161019138344
3008425,19.965976570435583
3010207,8.467740760180169
3011989,7.3863084460962405
3013771,9.147856045511737
3015553,9.614281437031375
3017335,10.691091658552553
3019117,16.900231049618345
3020899,21.32821858178689
3022681,8.712349450300584
3024463,8.398260347125094
3026245,9.33321485001461
3028027,9.675830612392746
3001298,0.3872831258779041
3003080,0.3788769194940609
3004862,0.3581450110509685
3006644,0.6953071665314264
3008426,0.7171491106621343
3010208,0.15406996351961594
3011990,0.16435778249917318
3013772,0.4278387469572665
3015554,1.7592494023851781
3017336,0.3813288590668991
3019118,0.6739910724279584
3020900,0.7406934334317196
3022682,0.3027421545107775
3024464,0.33999969659853263
3026246,0.407595218279673
3028028,0.4525985784809358
3001299,18.40227091814477
3003081,15.68881303791008
3004863,20.039125674092826
3006645,27.047186242757636
3008427,24.896116708663616
3010209,12.308845257857017
3011991,12.208663608227196
3013773,15.435489567804263
3015555,17.609189372123524
3017337,16.6045623436313
3019119,22.35735227040583
3020901,25.55624543435754
3022683,11.773882806540108
3024465,14.99353832506012
3026247,16.041181853526584
3028029,14.84299945814445
3001300,18.20503901472964
3003082,13.056947955001561
3004864,11.330719835689692
3006646,18.02368271956673
3008428,26.60798025126982
3010210,11.017984413802353
3011992,11.521904183195488
3013774,10.699614164435358
3015556,9.375569646012398
3017338,9.996750604851476
3019120,20.951730262655328
3020902,24.581247071183586
3022684,12.243867703595678
3024466,12.93145165212835
3026248,12.836270521593585
3028030,11.073909178741147
3001301,0.012051116973371913
3003083,0.0
3004865,0.0011856757773123286
3006647,0.0029247829859706614
3008429,0.007727032549930111
3010211,0.0009625233235670893
3011993,0.0
3013775,0.0
3015557,0.003965983549631366
3017339,0.0
3019121,0.0
3020903,0.0
3022685,0.0
3024467,0.0
3026249,0.0050235457264659064
3028031,0.0
3001302,281.89429312277963
3003084,272.9955689369117
3004866,278.4496959027214
3006648,418.8104778839108
3008430,532.5867989893976
3010212,279.8427009046855
3011994,254.39501535553458
3013776,272.7941480705978
3015558,266.026146395363
3017340,278.51903753321477
3019122,377.78310596197554
3020904,414.7077501382452
3022686,274.178968492827
3024468,278.5669751683442
3026250,300.7734452408463
3028032,335.1749626584973
3001303,0.6334470879926271
3003085,0.8164418141069582
3004867,0.8283623777108468
3006649,3.0927582097271924
3008431,3.9694200323395528
3010213,0.9376364110989154
3011995,0.26548101123802254
3013777,0.8535663967081976
3015559,0.7890467904423559
3017341,0.8273460425842195
3019123,2.464643697715225
3020905,3.3117081730780105
3022687,0.8052963516729866
3024469,0.6058832504617228
3026251,0.8043396833666497
3028033,0.8627124007807806
3001304,19.701989919297812
3003086,3.7895235559490335
3004868,4.605668649063506
3006650,8.445094434394813
3008432,8.09570099461981
3010214,3.0275348976402605
3011996,8.844309602586565
3013778,3.321283322900758
3015560,3.9635531943391524
3017342,5.2187443092903
3019124,8.742252622105601
3020906,8.29056270380735
3022688,5.253680622416149
3024470,7.6078037220711865
3026252,4.060706881849818
3028034,4.318470818166628
3001305,10.661998260931442
3003087,3.643007151607329
3004869,2.6225641113251115
3006651,5.79297778989784
3008433,8.206272299480426
3010215,4.015953900170147
3011997,3.7577532098135684
3013779,2.5566172460013648
3015561,4.304434404263882
3017343,3.2519044460764266
3019125,10.075554095713136
3020907,9.987085721223695
3022689,4.409884653100331
3024471,3.9733801475287116
3026253,3.847853355586434
3028035,3.8906961832884477
3001306,50.08934499231461
3003088,33.92866914671731
3004870,52.56660775360363
3006652,75.07944002082577
3008434,37.07626169160941
3010216,14.904839193954283
3011998,19.145090715443473
3013780,28.072497690140096
3015562,28.699902584149655
3017344,40.2440815684276
3019126,55.828195616706495
3020908,28.24821646335366
3022690,19.119241734666023
3024472,23.230300777362626
3026254,26.19112111030384
3028036,29.31364324062257
3001307,1.2215542161109314
3003089,1.7172112252998861
3004871,2.2443652749874055
3006653,5.114624608625623
3008435,5.249829790150858
3010217,2.201949186989546
3011999,1.3271661793724
3013781,1.452210868385558
3015563,1.5319735042379878
3017345,1.7297430728212262
3019127,3.3389152737967063
3020909,3.4531779097061794
3022691,1.558604720654662
3024473,1.3380007472219113
3026255,1.2336067890712983
3028037,1.3815486465914593
3001308,266.831750104161
3003090,626.7073336164143
3004872,230.4916790276121
3006654,352.7960784019837
3008436,405.53557706128663
3010218,253.35661605055773
3012000,263.5437291020442
3013782,252.2121604231297
3015564,390.05053867605875
3017346,243.07555551771884
3019128,308.7405109511571
3020910,331.7482897577215
3022692,252.7794512436
3024474,259.60024476905903
3026256,273.235226561252
3028038,446.7070802725745
3001309,347.8813114946991
3003091,289.8473567239833
3004873,318.7554880692928
3006655,453.29244970343115
3008437,607.650328567132
3010219,288.84705368870044
3012001,293.3813321191848
3013783,295.7608865756269
3015565,293.64887913777625
3017347,313.41213966967115
3019129,428.9167131205704
3020911,463.5482086570119
3022693,308.07386897652833
3024475,319.84884704889396
3026257,329.95908367691146
3028039,382.73391860205703
3001310,2.4340997772482855
3003092,2.5913418671633366
3004874,2.6080922017467816
3006656,5.2198190687557755
3008438,5.169979759095214
3010220,2.2259575626293366
3012002,0.5307368830223876
3013784,2.833257591176412
3015566,2.7266887627254683
3017348,2.7312520323782277
3019130,5.4229416729538515
3020912,5.4960842769431935
3022694,2.4316667684002655
3024476,2.4615264964024672
3026258,2.9494613195433144
3028040,3.243229747941962
3001311,5.032711360254981
3003093,4.686968735366615
3004875,4.967704953824388
3006657,9.491572578798387
3008439,11.819138302986678
3010221,4.506661862522292
3012003,4.977117650321472
3013785,4.6948751818278955
3015567,4.68855276030649
3017349,4.992120739147709
3019131,9.52844017352472
3020913,10.448297898846128
3022695,4.460249419269438
3024477,4.597806274978612
3026259,4.4669299372440365
3028041,4.996863773104537
3001312,227.78985520207834
3003094,251.26772594855177
3004876,527.5932302405487
3006658,320.6875373746637
3008440,477.5409299071568
3010222,247.90788899689485
3012004,234.26994732016496
3013786,236.66736327488525
3015568,246.6648970763971
3017350,314.6098245955207
3019132,308.32231477273734
3020914,329.663746905575
3022696,234.43271241207307
3024478,243.43315395594598
3026260,253.55692267675076
3028042,286.2767055405658
3001313,56.534014710243675
3003095,57.3382252530724
3004877,64.17707695160315
3006659,86.4181873496339
3008441,93.89903647296569
3010223,51.474217078353355
3012005,55.05966509477952
3013787,54.810331782458384
3015569,57.166452765592624
3017351,59.72859493282969
3019133,76.9884715285466
3020915,81.32455842203798
3022697,53.988606958759526
3024479,56.83380670220851
3026261,57.38441716124021
3028043,62.23221230730351
3001314,1267.6476085776478
3003096,759.2892691901307
3004878,868.1789089025492
3006660,1318.4506951616495
3008442,1555.801092355763
3010224,863.8283145691672
3012006,1563.3171056282229
3013788,781.3763555498514
3015570,848.4951929839049
3017352,882.5812156260581
3019134,1204.4766739776371
3020916,1262.2795670961375
3022698,835.0253929760376
3024480,1292.0270129239864
3026262,840.2174049524834
3028044,969.8438813665281
3001315,85.82480244323467
3003097,62.08942793127051
3004879,56.94895935135918
3006661,88.82672534291017
3008443,109.287901633611
3010225,47.61833290254648
3012007,45.06442337938376
3013789,63.86324770968613
3015571,47.8403127662344
3017353,56.14609604351765
3019135,72.83721105108377
3020917,112.92185023605589
3022699,61.749275815977846
3024481,66.55719483786258
3026263,72.01799795268225
3028045,75.05110238069975
3001316,8.85861205470569
3003098,8.497484366635012
3004880,7.969276987254595
3006662,21.08641769703177
3008444,13.943095345756278
3010226,4.505851510646726
3012008,4.558842994831934
3013790,8.084730509977549
3015572,8.023903406809792
3017354,8.753500645989954
3019136,21.179015889880855
3020918,14.83253590581217
3022700,7.605436390341635
3024482,7.878503768772075
3026264,9.284416857139329
3028046,10.543518328748398
3001317,7.756358358126987
3003099,7.68780495086213
3004881,8.012019462996003
3006663,14.11315026199703
3008445,17.924857711978657
3010227,8.378687934138195
3012009,8.012983241466172
3013791,8.086643852370758
3015573,7.446541347018607
3017355,8.025075625384838
3019137,13.354594233835963
3020919,14.90911919007562
3022701,8.380289763423825
3024483,7.934449617562554
3026265,8.143684894282975
3028047,8.870886286503417
3001318,0.2801361005246677
3003100,0.2752758924332384
3004882,0.27219790725703535
3006664,0.5138622561566627
3008446,0.7263331641541809
3010228,0.10120073961192493
3012010,0.11851433234869914
3013792,0.24884604696963075
3015574,0.2384309266006215
3017356,0.22971020039535062
3019138,0.444754026737001
3020920,0.5583817963243125
3022702,0.2012335903915107
3024484,0.19591457603196605
3026266,0.23630768569931226
3028048,0.24413795718737064
3001319,4.817236928570746
3003101,2.3314610315229736
3004883,2.609377438778735
3006665,7.485455012648221
3008447,8.873578546120676
3010229,3.8176819647458475
3012011,2.9994484609028618
3013793,2.5263533051630773
3015575,2.5510386993614955
3017357,3.962360671330103
3019139,7.117440178949344
3020921,6.872149816588885
3022703,2.9298489721048093
3024485,2.6706638257236612
3026267,3.1864580969664633
3028049,4.5316549516250815
3001320,2795.6603824238114
3003102,2498.246003536539
3004884,3164.9929529515375
3006666,3891.1848083403897
3008448,4854.218159942511
3010230,3053.6541407166064
3012012,3263.6977863312736
3013794,2983.5450459086824
3015576,2885.5825385418357
3017358,3212.5853121135315
3019140,4280.154285881295
3020922,4564.059578324302
3022704,3050.39265066304
3024486,3147.6695231321987
3026268,3073.3414776466147
3028050,3194.7732237362757
3001321,0.0064420770121938345
3003103,0.0007691442276951298
3004885,0.0032910899450438957
3006667,0.0020045876226948236
3008449,0.002946160280918137
3010231,0.006558180659355483
3012013,0.0019018010749790916
3013795,0.0018451703062579618
3015577,0.0
3017359,0.0011666387478500185
3019141,1.821493428059577e-05
3020923,0.001748868390216272
3022705,0.0007415275643066414
3024487,0.0003970607174121822
3026269,0.00034610512586357014
3028051,0.0014173763339332646
3001322,406.2419520876717
3003104,355.8261300494643
3004886,375.3772510292029
3006668,478.13674073068586
3008450,920.8365400937091
3010232,421.3515697253988
3012014,428.0374026156732
3013796,378.5858893985471
3015578,358.48664100387214
3017360,375.0109150514642
3019142,482.9687478543381
3020924,554.0959904776928
3022706,389.6157267261051
3024488,398.82154632397186
3026270,394.748963222007
3028052,410.7386401292644
3001323,5.240641433335277
3003105,5.890762625735299
3004887,6.299248973756842
3006669,11.96695615832885
3008451,7.8435554461242845
3010233,4.644086072521834
3012015,4.99099091450204
3013797,4.74502425820699
3015579,5.224782948942832
3017361,6.091140833904764
3019143,9.809457128607141
3020925,6.94879254012099
3022707,4.251468386739077
3024489,4.679769371313028
3026271,4.4762499312536965
3028053,5.062775743778147
3001324,1014.3327520414167
3003106,908.9745928154122
3004888,1188.162874633236
3006670,1471.6683315893067
3008452,1761.7165151050315
3010234,1004.6578801579976
3012016,984.8112745362296
3013798,1017.7615613577733
3015580,973.8906863582878
3017362,1079.6154853611472
3019144,1345.4858621259873
3020926,1409.7398985957063
3022708,1027.779167334721
3024490,1054.2600211838728
3026272,1064.024139864818
3028054,1146.6680933960813
3001325,650.3307844415216
3003107,464.0087641004972
3004889,501.0635305640662
3006671,670.9578082675425
3008453,983.6789277606863
3010235,573.3359350239881
3012017,529.9689249368502
3013799,618.1711447591243
3015581,510.24125491916334
3017363,556.1218699537709
3019145,743.1069648816423
3020927,799.3686723202292
3022709,562.2591092235181
3024491,575.5134252389144
3026273,639.8082370267824
3028055,590.0948104813887
3001326,283.32007401950113
3003108,231.34020079826698
3004890,343.4834157877037
3006672,355.5896327520491
3008454,518.1044332245638
3010236,282.2811730695235
3012018,279.3320977504509
3013800,276.302069417703
3015582,267.437447946222
3017364,338.30653367166656
3019146,380.19788028306334
3020928,412.88105128257047
3022710,293.0120666310111
3024492,297.66738637918417
3026274,288.08221343244526
3028056,310.75749454443104
3001327,243.22564380821666
3003109,203.74454731112596
3004891,206.6595150606837
3006673,345.3127016634351
3008455,469.6357428625729
3010237,554.7870627037522
3012019,266.38597075666104
3013801,221.0819922054337
3015583,207.31523785996072
3017365,210.96556066880245
3019147,297.55789207596905
3020929,336.6621075617914
3022711,334.7324485313732
3024493,233.4360113375567
3026275,235.72798528114257
3028057,228.62905887143356
3001328,74.43816692665574
3003110,68.46276878246555
3004892,85.28855657681224
3006674,152.0628571613479
3008456,93.49156457653851
3010238,57.303508736009825
3012020,64.79365803424206
3013802,67.49362698434523
3015584,68.27852679424487
3017366,80.87697045485756
3019148,120.30604102656481
3020930,93.10930710267026
3022712,63.27577276428237
3024494,70.07799601441987
3026276,70.74828091375439
3028058,73.06135236384142
3001329,3581.206620525345
3003111,3533.2555757148407
3004893,4032.631251150442
3006675,5356.826056741459
3008457,6978.939480746318
3010239,3962.1326615111298
3012021,3676.285379782929
3013803,3781.5212357446776
3015585,3640.129865385524
3017367,4004.2220131796953
3019149,5221.2503963583695
3020931,5520.7186195096465
3022713,3884.678550896298
3024495,3928.549610034426
3026277,3984.7815227331644
3028059,4308.713376140774
3001330,11.60714702839772
3003112,10.179508636588206
3004894,12.293815953773688
3006676,14.39029672548699
3008458,22.788780610292946
3010240,10.041230535067898
3012022,10.468946980031241
3013804,11.282738941460442
3015586,10.674562511649588
3017368,12.758952296378672
3019150,17.805347950616238
3020932,19.660090950640015
3022714,10.34509901550294
3024496,11.110911582177442
3026278,10.955074424965693
3028060,11.425258321176209
3001331,0.4470203586526102
3003113,0.4346990683091934
3004895,0.36214849991390236
3006677,0.30070847353189856
3008459,0.3247810897461573
3010241,0.16073595578937575
3012023,0.15076138651587465
3013805,0.3340062304936959
3015587,0.3546111936066299
3017369,0.35482916124533564
3019151,0.41747925364170646
3020933,0.5136575218842853
3022715,0.30142316104719313
3024497,0.31437979691206275
3026279,0.3982951270553907
3028061,0.443148729233567
3001332,35.01546333775409
3003114,28.708004057668532
3004896,37.40098762822924
3006678,48.32250297411948
3008460,49.40449406343502
3010242,31.970707371671267
3012024,36.69363639546075
3013806,28.50058815663833
3015588,32.2126891708306
3017370,33.56107054411145
3019152,48.52170204313154
3020934,42.83165662378346
3022716,33.2932066275444
3024498,32.787379150145426
3026280,30.306616001672534
3028062,32.75008914082887
3001333,31.61825347723152
3003115,26.46368632527178
3004897,28.651336728389907
3006679,41.330954041078535
3008461,51.68150377853477
3010243,29.72485217685608
3012025,23.756422829762315
3013807,26.707812738640143
3015589,25.47643384622849
3017371,26.434344037875288
3019153,42.2902941887432
3020935,47.34978552739103
3022717,29.04599063915207
3024499,27.370674732995628
3026281,25.481144403077014
3028063,26.201743477853366
3001334,0.07339937616143662
3003116,0.07898905660135962
3004898,0.06585089592264479
3006680,0.14625353440423167
3008462,0.17783509948253795
3010244,0.07833546348808708
3012026,0.07681852880986005
3013808,0.10330694674162484
3015590,0.08170938060704291
3017372,0.08085369257703075
3019154,0.11776808421146105
3020936,0.15543881382169789
3022718,0.10394411508666845
3024500,0.08916956941443381
3026282,0.147693890771074
3028064,0.14887767805164434
3001335,277.7550734788411
3003117,245.9694694142016
3004899,258.90188345321826
3006681,348.3286739360908
3008463,501.85704815540026
3010245,274.699753870542
3012027,263.4328521254702
3013809,263.95966799344967
3015591,252.16398060454955
3017373,267.6547229720102
3019155,367.3253701854781
3020937,395.0295806160581
3022719,273.394153922375
3024501,276.3943888459334
3026283,274.90883556002456
3028065,296.53849076361763
3001336,2.5244418216852496
3003118,2.4381567366236547
3004900,2.6423810315150313
3006682,8.20289003012478
3008464,10.295365997800287
3010246,2.9290051428376374
3012028,2.6702507876786665
3013810,2.432333321659956
3015592,2.38695550214014
3017374,2.3651699952165255
3019156,7.274169161881218
3020938,8.948723050876778
3022720,2.8355788166525495
3024502,2.4918571690585605
3026284,2.4443759319211265
3028066,2.635410265547352
3001337,12.722300748207308
3003119,1.4740962740661023
3004901,1.7980463566619604
3006683,3.1399754412483283
3008465,2.539469873165328
3010247,1.241059547138908
3012029,3.60535305856907
3013811,1.3208751509628134
3015593,1.9945472556157533
3017375,2.464358868558195
3019157,3.961827827773974
3020939,3.7743784223723886
3022721,1.595289520168592
3024503,4.459528435783024
3026285,1.909180279506951
3028067,1.8774152733232636
3001338,13.680358433925297
3003120,5.751562384063319
3004902,6.371055920924739
3006684,10.674495444168707
3008466,12.846416478964542
3010248,6.869398028933367
3012030,5.673573904364434
3013812,6.086747159922773
3015594,6.218531421499976
3017376,6.865884738113327
3019158,11.829108756857016
3020940,12.445710077407007
3022722,7.059332575055289
3024504,6.970935123097957
3026286,7.028933724743656
3028068,7.424671004673382
3001339,87.28251674859473
3003121,61.34153787004298
3004903,76.4206776193398
3006685,96.19286251043604
3008467,49.9158802200511
3010249,32.32976921308446
3012031,44.430753381852156
3013813,43.18128584347998
3015595,49.137653994363944
3017377,70.6123289669709
3019159,69.49649765630078
3020941,44.08414543669116
3022723,30.972602411880285
3024505,36.77276105367969
3026287,43.114583288413485
3028069,39.34445357924887
3001340,1.8909757117325203
3003122,1.7094024199743216
3004904,1.9140851323271637
3006686,3.7632157580718104
3008468,4.252668668856951
3010250,2.151724791201391
3012032,2.3814921993464555
3013814,1.6070971292661467
3015596,1.6524305335700007
3017378,1.776664771994301
3019160,3.174616743107029
3020942,3.342320678131627
3022724,1.6358932392249759
3024506,1.6475878609573342
3026288,1.3221192843957053
3028070,1.4385156098087208
3001341,107.48691534528909
3003123,118.17961460393384
3004905,95.79080121392815
3006687,127.76031479370495
3008469,166.85823892060185
3010251,101.44100919836403
3012033,100.65972737566891
3013815,103.7427948207287
3015597,129.19991783884763
3017379,104.88641681617639
3019161,138.53430992510664
3020943,147.78508506975632
3022725,108.39338765637352
3024507,109.28393504662694
3026289,108.73788171383804
3028071,143.30498208119462
3001342,254.23818836203944
3003124,230.93245675948023
3004906,243.85937165061978
3006688,321.7167061855315
3008470,475.80080385738194
3010252,267.31350409102293
3012034,241.5441177356158
3013816,248.41867741695546
3015598,236.12849877373387
3017380,252.4390799442035
3019162,351.87497233751407
3020944,385.2281279673571
3022726,267.2871950481527
3024508,261.0905506316851
3026290,271.9272313708944
3028072,290.273599506228
3001343,2.066135961485864
3003125,1.8173331926012548
3004907,1.8702962092718038
3006689,3.037726021450606
3008471,2.011852430661533
3010253,1.3810655300182255
3012035,1.8579049449265408
3013817,1.882394329470088
3015599,1.74595435896915
3017381,1.7549319648015924
3019163,2.8394055280891215
3020945,2.9811250472464166
3022727,1.662427209873762
3024509,1.8976916309920417
3026291,1.801001844460709
3028073,1.9628763495824841
3001344,5.494014243286361
3003126,5.243818212589393
3004908,6.053515587339927
3006690,8.45470837469919
3008472,10.003231007997126
3010254,5.828162488720363
3012036,6.347490739066411
3013818,4.1410230474351994
3015600,4.157977822465482
3017382,4.488209689475116
3019164,8.238030895010619
3020946,9.39829988935539
3022728,4.676944555066002
3024510,4.677075765322711
3026292,4.276221505659377
3028074,4.579257776288964
3001345,145.13715239405678
3003127,143.49989230921005
3004909,180.848827975697
3006691,206.66414306728223
3008473,227.41695074687894
3010255,135.13951490663794
3012037,132.53776666124972
3013819,147.80288887643056
3015601,148.28150690460143
3017383,179.45853480094897
3019165,204.74259704195492
3020947,223.9902843243558
3022729,151.97517417249136
3024511,155.56225427683373
3026293,157.57844391485023
3028075,163.19056932109015
3001346,131.68806300095642
3003128,131.08218455789688
3004910,133.26628100612245
3006692,169.4971078484077
3008474,229.8735859979786
3010256,145.5678401374314
3012038,130.53141053112196
3013820,132.34812657287856
3015602,130.26328254447967
3017384,135.59084725851557
3019166,178.6723513196923
3020948,191.3264289582886
3022730,137.44295372092287
3024512,139.54097835820167
3026294,138.1950956779141
3028076,143.64730902274246
3001347,1699.7737732494359
3003129,961.3359853095775
3004911,1143.4135913664002
3006693,1487.5810824336947
3008475,1861.1646327375045
3010257,1176.580314397426
3012039,2225.0507207192204
3013821,1163.5220600887305
3015603,1197.4821529035864
3017385,1326.9492678592785
3019167,1721.0199556801208
3020949,1795.9413420936198
3022731,1267.5605789964561
3024513,2016.6719587668656
3026295,1213.5436796655943
3028077,1296.8491147500306
3001348,48.58552128363902
3003130,0.0
3004912,0.0
3006694,0.0
3008476,0.0
3010258,0.0
3012040,0.0
3013822,0.0
3015604,0.024677321371641765
3017386,0.016241317826164847
3019168,0.03271806589449152
3020950,0.04285018989389087
3022732,0.016026053084819945
3024514,0.028249678044885738
3026296,0.048441418562931014
3028078,0.06448954589030588
3001349,3.692174768089243
3003131,3.248757576601244
3004913,3.418085573296048
3006695,8.192203277300976
3008477,6.272294609792522
3010259,2.941578565053876
3012041,2.79670726487398
3013823,3.621087758838956
3015605,3.3496185962325513
3017387,3.439647765284969
3019169,8.195326373055842
3020951,6.736696046723677
3022733,3.4492154108527315
3024515,3.4706728380523053
3026297,3.5183654165613114
3028079,3.979415517953003
3001350,3.6047167323154974
3003132,3.2969007677318416
3004914,3.469326728257092
3006696,5.625631348252721
3008478,6.409199851082782
3010260,3.492152541571604
3012042,1.929059544328241
3013824,3.557554921399333
3015606,3.3859820259340907
3017388,3.422935945939498
3019170,5.466189144059171
3020952,5.466820842150409
3022734,3.330255546585768
3024516,3.2140819135871808
3026298,3.715904064509614
3028080,3.9974667235400516
3001351,0.07261919956046238
3003133,0.07486742324000435
3004915,0.07756149123803842
3006697,0.09679950599598575
3008479,0.11549664443997011
3010261,0.080018290795065
3012043,0.021546336540094583
3013825,0.019696017674791642
3015607,0.014085293227122792
3017389,0.016156759906531603
3019171,0.018768184973545293
3020953,0.025950863556533765
3022735,0.01813046241451938
3024517,0.02123683530602469
3026299,0.07518293291029161
3028081,0.07980591210267625
3001352,4.29850169584818
3003134,1.1570606326076132
3004916,1.146377456667882
3006698,2.0566184976782362
3008480,2.3916518784858956
3010262,2.0178139684972067
3012044,2.622697397797363
3013826,1.6562473763319197
3015608,1.6477976488740973
3017390,1.5133139507341145
3019172,2.9409792745921144
3020954,3.693611661425269
3022736,2.910450638839359
3024518,3.1046770213868435
3026300,1.6084596861878087
3028082,1.6667074186651576
3001353,1884.5838146169717
3003135,1771.330612850954
3004917,1806.7454159136316
3006699,2328.3116462590942
3008481,2292.8937043294923
3010263,1937.753985305416
3012045,1922.8624211651277
3013827,1755.832740630766
3015609,1696.9612559754235
3017391,1812.7400933762735
3019173,2074.6935710220205
3020955,2064.7447628505856
3022737,1821.4696680041334
3024519,1845.9656077388524
3026301,1834.4638739840836
3028083,1914.322657893521
3001354,0.003740164317024693
3003136,0.00042533429275586786
3004918,0.002409174419178372
3006700,0.0011049310416608655
3008482,0.0011725534169198225
3010264,0.004501992563374486
3012046,0.003709594633604646
3013828,0.002410220085042311
3015610,0.0
3017392,0.0007894386814972497
3019174,0.0
3020956,0.000758331924488134
3022738,0.0012830073782844316
3024520,0.0029162999827058067
3026302,0.0024742912623036597
3028084,0.0029160929169008347
3001355,143.70008389811977
3003137,112.9389370490835
3004919,115.09838408408443
3006701,133.606947523902
3008483,170.1845137996763
3010265,126.60908713116906
3012047,123.58082143959325
3013829,114.0597335093703
3015611,110.2714090966241
3017393,113.41473732491296
3019175,130.789626509783
3020957,150.0029393215374
3022739,119.07488537879927
3024521,116.24029694872031
3026303,117.97073618003681
3028085,123.15089430142355
3001356,5.293201341991613
3003138,6.252673018611816
3004920,7.677700284069286
3006702,11.274368997247896
3008484,5.857538317950078
3010266,5.075475154179102
3012048,2.246979805782786
3013830,5.931495680893604
3015612,6.02575549431623
3017394,7.200712178704573
3019176,9.911312934397364
3020958,6.082034986184586
3022740,4.747251816460191
3024522,4.8132006465729065
3026304,5.44962742674515
3028086,6.084907812127923
3001357,761.3552554476005
3003139,604.0084964562415
3004921,594.589781814593
3006703,754.7445139160341
3008485,761.6140746632847
3010267,679.7349323175582
3012049,587.3647790068723
3013831,590.6589960945731
3015613,568.922320323643
3017395,592.2488762257523
3019177,667.8582382759749
3020959,664.2356569964201
3022741,614.9168900057356
3024523,612.2250651354534
3026305,623.8170637889467
3028087,674.0072303328471
3001358,341.36935311153917
3003140,271.41266545605527
3004922,259.4147792121234
3006704,363.0936446170542
3008486,426.7955489791296
3010268,291.1329036064921
3012050,273.5857097661337
3013832,305.8952017209931
3015614,252.19641207886082
3017396,268.47515906216773
3019178,314.47643019646404
3020960,323.573643211149
3022742,278.73762374742637
3024524,277.6579330394806
3026306,323.11134746583247
3028088,297.6066806522973
3001359,154.8233241971413
3003141,128.12035726690286
3004923,133.40945849234834
3006705,171.10226268843905
3008487,173.64351794059746
3010269,139.07007679000233
3012051,125.49265019424992
3013833,134.80675315910986
3015615,129.41469970146565
3017397,151.25877728161626
3019179,152.6257810870287
3020961,156.72257196397194
3022743,137.14297298318812
3024525,137.08511676075238
3026307,141.21342286847798
3028089,143.50769506180927
3001360,45.35022093370811
3003142,38.40177762461329
3004924,40.072772434838534
3006706,60.08927073064999
3008488,56.134107564293636
3010270,71.12508173463081
3012052,58.673770011917156
3013834,38.25097537998091
3015616,34.94052132829018
3017398,37.447347778551965
3019180,46.49166324868071
3020962,49.20712970193062
3022744,55.380282712125386
3024526,42.09348201017224
3026308,40.12602779134095
3028090,38.82557008263522
3001361,48.68805161649838
3003143,45.34153267745069
3004925,54.76780904799629
3006707,109.66526129853305
3008489,44.74387418535616
3010271,39.29131445425323
3012053,42.22410307880144
3013835,43.53988283523535
3015617,44.03132567380762
3017399,49.88942510918852
3019181,73.79685292620651
3020963,42.16936379916964
3022745,39.98305842636322
3024527,43.03766654804114
3026309,43.84390778588889
3028091,46.80398622991158
3001362,2589.415719967188
3003144,2437.148858957067
3004926,2215.9844346402606
3006708,2761.6559961043386
3008490,2763.339821092232
3010272,2421.921979488992
3012054,2159.3037712455057
3013836,2264.8793829400506
3015618,2216.9504239411995
3017400,2321.3946235045155
3019182,2648.2707104543674
3020964,2659.803783599624
3022746,2358.337643416881
3024528,2363.6208068177098
3026310,2486.3684317913317
3028092,2628.703091504949
3001363,6.138588392360813
3003145,5.4300238100150935
3004927,6.1654593547272825
3006709,7.536591071459337
3008491,3.783912725972762
3010273,3.7488170233313105
3012055,4.3998438552048995
3013837,5.524607789559461
3015619,5.554036620932583
3017401,6.09805830589453
3019183,7.498504166113709
3020965,7.065334016177734
3022747,4.549775771774335
3024529,4.708277618052425
3026311,4.820156190501415
3028093,5.177877926653753
3001364,0.6050913541972132
3003146,0.6421821349309115
3004928,0.5659216705395831
3006710,0.8230814077459317
3008492,0.7510946527979806
3010274,0.6286953329451881
3012056,0.6247369313363947
3013838,0.6131568688791447
3015620,0.5718734893126532
3017402,0.5989568379501098
3019184,0.894496539834611
3020966,0.9699154154000414
3022748,0.6111874331010414
3024530,0.680516944723576
3026312,0.6932136070915013
3028094,0.8345418073495408
3001365,26.096226886112714
3003147,26.73631368434099
3004929,23.102113971663943
3006711,32.60048991727147
3008493,27.636317766873855
3010275,23.924645391061024
3012057,26.034448883774616
3013839,18.43078047705534
3015621,19.2435058258268
3017403,22.83167812257484
3019185,32.313310212566044
3020967,29.509720710518696
3022749,23.327297660426414
3024531,25.845138509332475
3026313,22.238991996921524
3028095,22.650021594270584
3001366,22.997857818291077
3003148,13.844323883222955
3004930,16.57358008961458
3006712,21.97162714197699
3008494,20.84954250277015
3010276,15.634966928918027
3012058,17.699230943364075
3013840,15.121783908390862
3015622,17.043533386715012
3017404,14.936708723183221
3019186,20.785395209527845
3020968,23.4388565001156
3022750,19.329554662865217
3024532,19.268606139729584
3026314,18.84675621470521
3028096,20.217966488383706
3001367,0.0024938797002629666
3003149,0.0
3004931,0.0008053184699948994
3006713,0.0
3008495,0.0
3010277,0.003855458515219372
3012059,0.002238804214948475
3013841,0.0017345127887032376
3015623,0.0
3017405,7.547127837687408e-05
3019187,0.0
3020969,0.0
3022751,0.002215360835857364
3024533,0.0016270332537912113
3026315,0.0021273395404854335
3028097,0.0013262256655558573
3001368,179.60454674781295
3003150,146.1911716819862
3004932,152.16394174828437
3006714,194.1887365404339
3008496,192.956146505099
3010278,168.44381702300083
3012060,155.90825881036153
3013842,154.2596897837919
3015624,150.8024308803554
3017406,156.16297584775825
3019188,186.32024736386646
3020970,187.71330194285352
3022752,160.82396604982353
3024534,160.7723531451494
3026316,168.71328643917403
3028098,170.61795908649938
3001369,0.5685769737045742
3003151,0.4493216326255555
3004933,0.4606987974562475
3006715,1.0209272083409866
3008497,1.0085155653299132
3010279,0.4143477196732372
3012061,0.4969570605706733
3013843,0.25176476142748877
3015625,0.22219456879127716
3017407,0.22425798699321534
3019189,0.5572188445554838
3020971,0.6110430598233474
3022753,0.2342534787900085
3024535,0.2769320906887349
3026317,0.21747558949750356
3028099,0.23192250763319813
3001370,233.84855135894597
3003152,0.0
3004934,0.0
3006716,0.0
3008498,0.0
3010280,0.0
3012062,0.0
3013844,0.0
3015626,0.00813765375545865
3017408,0.011650576694422288
3019190,0.009728128977539358
3020972,0.004568738154588769
3022754,0.007492063150782993
3024536,0.008386704863026083
3026318,0.012082371809320723
3028100,0.018621757883224854
3001371,6.7383063522273146
3003153,3.5007068600397666
3004935,4.361063386601303
3006717,5.076086851710919
3008499,4.8520570909608605
3010281,4.15667323961507
3012063,3.6893598389205167
3013845,3.762535267168401
3015627,3.9688822845583736
3017409,3.9014113511180852
3019191,5.373016693698343
3020973,5.139999973067314
3022755,4.158416526873978
3024537,3.9175393783438426
3026319,3.8287432037349856
3028101,3.869750759230378
3001372,70.1352859525891
3003154,68.95096473720754
3004936,79.75063109839503
3006718,81.72176977792061
3008500,31.129612621953566
3010282,31.043645684691437
3012064,34.439910077171
3013846,40.257626185942804
3015628,45.84745410070519
3017410,68.0764082182778
3019192,66.32904624188448
3020974,33.72128443456123
3022756,24.32429123323772
3024538,32.54276845750805
3026320,43.32778043880828
3028102,47.29950222008949
3001373,2.5950631844669707
3003155,2.697043078124254
3004937,3.355843732054985
3006719,5.211091268579179
3008501,5.03291691582216
3010283,2.9893479063135113
3012065,2.9207730884274254
3013847,2.5663766962636823
3015629,2.429738556733364
3017411,2.7573244257619542
3019193,3.9089269109887845
3020975,3.5760908422048936
3022757,2.565270065916217
3024539,2.415403704360069
3026321,2.185452493001661
3028103,2.274617793461604
3001374,110.0252267755559
3003156,131.37264560156294
3004938,82.76783746625814
3006720,122.89522481583151
3008502,148.46623288859095
3010284,127.33450022541268
3012066,119.11760426302025
3013848,100.89298106039013
3015630,121.97347585131759
3017412,97.36944749723428
3019194,106.26535957299205
3020976,112.1202853120032
3022758,107.51026593881868
3024540,106.18463771031723
3026322,104.51264745244112
3028104,140.03307135479952
3001375,162.72613976257708
3003157,128.7233702763041
3004939,128.50932579607044
3006721,169.76304070753696
3008503,178.4500642507362
3010285,161.75337817756437
3012067,133.64343120038066
3013849,138.46268928000964
3015631,124.9856755285216
3017413,135.8011621715627
3019195,162.22639915279044
3020977,163.38254829965194
3022759,146.22789112301317
3024541,144.57245608638587
3026323,154.5266757281919
3028105,157.32113282488595
3001376,0.8511101905399512
3003158,0.8693967279886131
3004940,0.8990622706084294
3006722,1.5390116849189661
3008504,1.519216816681703
3010286,0.8144292453747722
3012068,0.2619582355367167
3013850,1.012799277252107
3015632,0.9455194606983358
3017414,0.9761435209525002
3019196,1.456253152241026
3020978,1.5133646323812784
3022760,0.8907872948204725
3024542,0.8889805674094733
3026324,0.9462730648760083
3028106,1.053718473836029
3001377,5.016841255078067
3003159,4.5758905743143
3004941,4.676323121200576
3006723,6.342169573219853
3008505,6.882022763429606
3010287,4.51148458735172
3012069,4.288796911020708
3013851,4.658442100245044
3015633,4.242686359559399
3017415,4.483417671157265
3019197,6.452140725270915
3020979,6.819614503858805
3022761,4.780947077610441
3024543,4.828712094855689
3026325,5.224121320937022
3028107,5.349728414213284
3001378,151.0890328697802
3003160,132.4439401614866
3004942,199.37225090355994
3006724,160.58108158406242
3008506,181.47170569146792
3010288,132.59432308747162
3012070,123.27731455007381
3013852,144.6786915261873
3015634,142.1505304071012
3017416,167.84873753127684
3019198,161.01127475369057
3020980,170.42826019699848
3022762,143.6376834983954
3024544,144.50436605414745
3026326,150.83975323151734
3028108,155.60609018981555
3001379,29.89083912662653
3003161,26.66005750502325
3004943,27.19164090660745
3006725,32.627669354232246
3008507,35.28085724533499
3010289,28.140484787244386
3012071,27.753614595499972
3013853,26.676333791263016
3015635,26.027299932957913
3017417,28.343244252641924
3019199,32.794775653294785
3020981,32.78077474868454
3022763,27.714565056726837
3024545,27.229593920530252
3026327,26.447487181801765
3028109,27.450729588793184
3001380,562.1708065885542
3003162,365.79224330578813
3004944,408.1765545101898
3006726,448.37808687442765
3008508,443.1382654874926
3010290,435.3543095660904
3012072,647.1907907641054
3013854,435.58636478481975
3015636,430.9769591189842
3017418,480.72326624766
3019200,535.7369167581236
3020982,551.0972387129823
3022764,473.1431196606839
3024546,590.4834777302918
3026328,462.4160236328405
3028110,482.96158140288327
3001381,40.733340760054595
3003163,7.378225714313289
3004945,6.819084902780897
3006727,12.96130088162298
3008509,9.172881147398195
3010291,10.169839767859457
3012073,5.847430963876395
3013855,3.956320639264865
3015637,3.721935434990266
3017419,10.934494572094613
3019201,22.19329331982263
3020983,13.836157924461517
3022765,6.193189268642047
3024547,19.45386806137453
3026329,20.621488343285396
3028111,13.62926022775391
3001382,1.580792746423197
3003164,1.8440477043758665
3004946,1.592850303172969
3006728,4.458368234203415
3008510,1.968308860014455
3010292,2.0240317062390605
3012074,1.530029354457781
3013856,1.6539024132666207
3015638,1.6301756288521496
3017420,1.1998549569198056
3019202,1.3356624026436235
3020984,2.168879633213661
3022766,1.7881106241589286
3024548,1.486532969670643
3026330,1.5464367588472931
3028112,1.697860015625859
3001383,1.748127686090404
3003165,1.623146986110143
3004947,1.603045217076545
3006729,2.4310903642721713
3008511,2.621328659227762
3010293,1.5037863827014857
3012075,1.3866895036022353
3013857,1.4992759784403524
3015639,1.6114073555690112
3017421,1.4921847451221542
3019203,2.0904890509698633
3020985,2.4900410572080034
3022767,1.728920240698003
3024549,1.6975535690254333
3026331,1.7679752274393685
3028113,1.578172732926177
3001384,0.007205555630786629
3003166,0.0028596012726706606
3004948,0.004227740481443182
3006730,0.0013584185433443844
3008512,0.000845119615973985
3010294,0.007825025867157442
3012076,0.005901240809561834
3013858,0.005546744019996777
3015640,0.0018048663542621192
3017422,0.003112901312995206
3019204,0.0
3020986,0.00014194289294305938
3022768,0.003067317697094767
3024550,0.003201997755841639
3026332,0.004123009622896009
3028114,0.0022626921498305193
3001385,3.326799484634716
3003167,1.941894963377756
3004949,1.974563826588853
3006731,4.173972005192021
3008513,2.432270964596397
3010295,3.5586559357168093
3012077,2.134607136554349
3013859,3.937678469949103
3015641,0.6611709221739293
3017423,2.1722091818442664
3019205,1.0705215239702361
3020987,3.4594822262497154
3022769,0.9728489862477617
3024551,3.03107998260289
3026333,1.029213116641676
3028115,1.6067779384904288
3001386,1360.888257659916
3003168,1273.1241475839452
3004950,1295.2760943460742
3006732,1546.7307641625855
3008514,1482.99715150294
3010296,1268.7350486964326
3012078,1238.7857066864956
3013860,1310.4012283026461
3015642,1252.6046006181487
3017424,1419.06803544399
3019206,1485.5686247795911
3020988,1493.9948102257822
3022770,1315.0837932770949
3024552,1316.5412629464352
3026334,1339.1915532069293
3028116,1344.835170191029
3001387,0.18107304504924274
3003169,0.06546559712165295
3004951,0.07258753567477226
3006733,0.09188127801694795
3008515,0.0969582024682228
3010297,0.08324762960715433
3012079,0.07923928101286694
3013861,0.18717248926650096
3015643,0.1306139941248606
3017425,0.1365709101195515
3019207,0.1366899663416422
3020989,0.13866657408488173
3022771,0.13249026255516363
3024553,0.12906561163495303
3026335,0.1744998436729266
3028117,0.1728931193210844
3001388,291.3125626191291
3003170,258.9560010956322
3004952,257.8184656298251
3006734,236.61474757563136
3008516,272.593119844741
3010298,277.96820676393963
3012080,257.83433014887856
3013862,253.07963320740114
3015644,236.30109735697388
3017426,242.85222186849208
3019208,261.01895754863295
3020990,268.770298241362
3022772,260.1249773514854
3024554,254.36193886916158
3026336,259.933036524993
3028118,261.1357519234407
3001389,8.318552086705003
3003171,8.324802953645724
3004953,9.455387301974582
3006735,11.905229346857288
3008517,7.2373681626926425
3010299,6.063058331571743
3012081,7.336164666859491
3013863,7.137999221405349
3015645,7.052496943015523
3017427,8.839906132596374
3019209,10.904653047459815
3020991,6.763092446447811
3022773,5.755066077596584
3024555,6.825311472664006
3026337,6.108445889883897
3028119,7.008468567868769
3001390,574.5263054761317
3003172,452.8155935517371
3004954,446.9235791393274
3006736,460.2102651032462
3008518,499.0416615358161
3010300,471.2314392879377
3012082,462.50128869515925
3013864,481.61760218017406
3015646,450.2070942856056
3017428,475.37400486661363
3019210,510.2570748608193
3020992,501.68715076731314
3022774,477.201363364957
3024556,478.9420547077189
3026338,495.6307162610321
3028120,518.1560696888052
3001391,524.4372151969345
3003173,426.06807777201954
3004955,474.8871347569254
3006737,449.9887422113928
3008519,519.358186813377
3010301,433.34771387696463
3012083,414.02357726748755
3013865,481.9688100982316
3015647,411.0714047220825
3017429,442.7487326034957
3019211,475.0779188037124
3020993,480.7823753578364
3022775,449.00696853953536
3024557,448.8270984389803
3026339,459.3074678175927
3028121,459.2879899807567
3001392,135.83702693369423
3003174,116.46178559499778
3004956,145.82980841196286
3006738,131.77034905903315
3008520,149.3547095346822
3010302,127.85051740624517
3012084,106.4604023982413
3013866,111.58463312721305
3015648,106.48174747327307
3017430,120.78493567772819
3019212,118.03554582447954
3020994,122.32307100279888
3022776,108.03778426104492
3024558,108.95265033482379
3026340,114.25375345445862
3028122,117.01968307471049
3001393,45.10511207338319
3003175,39.222608122183715
3004957,50.26379897689444
3006739,46.0359671623356
3008521,51.95048879818711
3010303,42.16927017291288
3012085,42.51599539031423
3013867,41.26643839345078
3015649,37.124505583526336
3017431,48.678280617728426
3019213,46.39305678275162
3020995,48.82811641294603
3022777,40.925512370392894
3024559,41.57890843830694
3026341,39.75816391049218
3028123,37.80570609548955
3001394,61.43469253939593
3003176,57.216861935443085
3004958,76.35275046947909
3006740,75.96000973888842
3008522,54.01668727232097
3010304,49.05245006509798
3012086,54.83791968801245
3013868,52.86322046652331
3015650,53.41985358748915
3017432,62.62179351964539
3019214,67.97759183311656
3020996,53.200529946728075
3022778,48.0843675154814
3024560,56.023627446248206
3026342,52.44228936084567
3028124,57.551452065191164
3001395,2243.1023933768192
3003177,1845.4299129275976
3004959,1915.0855643548648
3006741,2034.5022235707431
3008523,2225.2990336722382
3010305,2030.9934068721032
3012087,1859.5077418932613
3013869,1947.6441554610117
3015651,1838.2456187400887
3017433,2030.852303605867
3019215,2131.7298059056543
3020997,2132.3767218338744
3022779,1999.4510037191505
3024561,1950.1279521172382
3026343,2097.96495586195
3028125,2146.8255397091452
3001396,22.806499371802175
3003178,21.902588765083042
3004960,23.691598789333096
3006742,21.24515966154632
3008524,20.688411525415653
3010306,20.89356146495096
3012088,21.435566531941628
3013870,21.121650434598283
3015652,20.698841128723533
3017434,21.173723034221403
3019216,21.4340654478131
3020998,18.348788227238703
3022780,18.608817362002622
3024562,20.39668039977889
3026344,20.133022303970577
3028126,20.676436914067704
3001397,0.3671755766990208
3003179,0.3658402297070931
3004961,0.3720839987639141
3006743,0.5444025961298744
3008525,0.509811436876861
3010307,0.36380606205300703
3012089,0.15917374925053374
3013871,0.3782723971497954
3015653,0.34614302041598144
3017435,0.37082984650172324
3019217,0.49889583788138836
3020999,0.5378245533280159
3022781,0.37069970712237943
3024563,0.4731482527284512
3026345,0.3844930369643342
3028127,0.4162119243698825
3001398,14.1986960676101
3003180,9.710181892606835
3004962,10.292857449731605
3006744,13.37397688778467
3008526,14.53580809147094
3010308,10.796500614237283
3012090,8.93697963726449
3013872,9.903186978290778
3015654,9.841292201693879
3017436,10.823127926424684
3019218,12.777522311866534
3021000,10.56035407452095
3022782,10.593758244026468
3024564,8.746973400188303
3026346,9.018005822865277
3028128,10.131062751024933
3001399,21.60814438801732
3003181,11.740338472409563
3004963,14.277290632326379
3006745,15.020681536383568
3008527,17.81039274929648
3010309,15.521502860108143
3012091,13.603420290927026
3013873,10.77934649686623
3015655,11.130375411731727
3017437,13.131807691065953
3019219,15.30227523949226
3021001,13.500769960505062
3022783,12.568675196981687
3024565,12.816322108009167
3026347,13.073620763717074
3028129,12.989235576988882
3001400,0.18641034713143
3003182,0.19229188402280847
3004964,0.1927387100020376
3006746,0.27351074808835263
3008528,0.11187134641498099
3010310,0.10599572738539392
3012092,0.08791990700811665
3013874,0.24038021883634744
3015656,0.20803863972025413
3017438,0.20524549247390347
3019220,0.25776645576717655
3021002,0.33773726225187045
3022784,0.2862692144333297
3024566,0.30382128579341483
3026348,0.2203366343118267
3028130,0.2131148373295281
3001401,132.48591953034702
3003183,114.25375218225145
3004965,111.28332910399575
3006747,137.599190512938
3008529,145.25205131406025
3010311,129.46953598027252
3012093,117.21757301669766
3013875,116.03153101656453
3015657,107.99376920788775
3017439,111.47693024829591
3019221,131.89748692767003
3021003,133.0150117113848
3022785,116.0404469516593
3024567,113.92856864151344
3026349,116.14297107873467
3028131,114.25897324731245
3001402,11.869124762247516
3003184,10.772821241111934
3004966,11.445197871719678
3006748,16.64872460917482
3008530,18.633080583394165
3010312,12.508940296190337
3012094,11.959751534681475
3013876,10.919397771091292
3015658,10.068692489283594
3017440,11.406879478405807
3019222,16.500391681892015
3021004,17.732459936212276
3022786,11.327858634265295
3024568,11.872307556469144
3026350,11.322077189300643
3028132,11.129770912386997
3001403,12.376853701358534
3003185,0.896824706543614
3004967,1.2764771802575046
3006749,2.038729190164774
3008531,1.22035586607141
3010313,0.6455392927681043
3012095,0.007891346342078028
3013877,0.7845528514946015
3015659,1.5297221021780925
3017441,2.1649072557228224
3019223,3.1855755716763174
3021005,2.264754854636006
3022787,0.8632498510712657
3024569,0.7970244820779774
3026351,2.4197297396699575
3028133,1.144009521016151
3001404,8.615200677622536
3003186,3.2773635240466947
3004968,3.391033360825217
3006750,1.4407669817929836
3008532,4.4800025540719455
3010314,2.557229299669002
3012096,2.9515439100699226
3013878,1.021367347461217
3015660,4.703708120442436
3017442,3.181452374816337
3019224,1.4615428917408293
3021006,3.0495672788487265
3022788,3.0260110404080813
3024570,5.582165729274558
3026352,2.846085260196865
3028134,5.2895582259384355
3001405,53.5926782257018
3003187,49.37108209116146
3004969,87.33518672986538
3006751,97.80362465168548
3008533,46.15572820101601
3010315,26.450903842192506
3012097,39.98882074176918
3013879,39.06876715246737
3015661,37.313696370902775
3017443,63.28781148734968
3019225,72.79682602091788
3021007,36.96591064730316
3022789,24.223741681335202
3024571,30.72356915942846
3026353,32.7092462164426
3028135,36.03466051696466
3001406,4.260705877350342
3003188,4.10110785927236
3004970,4.6625772070152
3006752,6.245272356863073
3008534,5.31844947384475
3010316,4.109195169131275
3012098,3.8763317702622806
3013880,4.152585668980051
3015662,3.9062476313202112
3017444,4.418848843608841
3019226,5.3375721517013055
3021008,4.8178846951864225
3022790,3.768700356828095
3024572,3.5962323073228952
3026354,3.6368981574780297
3028136,3.54260954100677
3001407,818.98972710142
3003189,706.8626293674533
3004971,552.1483136677374
3006753,374.0787597648395
3008535,902.8805804410562
3010317,460.42089175751335
3012099,756.9949870062032
3013881,448.93247747518825
3015663,417.2699014289986
3017445,511.20609812849693
3019227,407.69513981497465
3021009,430.03915542112844
3022791,461.270868066023
3024573,475.247882077571
3026355,467.7297321136729
3028137,449.94540137364606
3001408,163.4061558598747
3003190,127.31862692405245
3004972,139.39698072800243
3006754,154.93128830250387
3008536,177.0624105693254
3010318,146.71664078993382
3012100,138.53499763614005
3013882,142.78293899244002
3015664,127.0211707474124
3017446,136.05149513561057
3019228,161.89926746818864
3021010,167.29180626576985
3022792,145.08482853823364
3024574,148.5765929172428
3026356,145.41490576610747
3028138,148.88455480774513
3001409,3.3198896910142426
3003191,2.9202880106793128
3004973,2.9280532838556907
3006755,4.186891443540346
3008537,5.01619998800622
3010319,3.325818201112385
3012101,3.3519244646440627
3013883,3.1942713782701753
3015665,2.8829482945281737
3017447,2.9658958609165382
3019229,4.065528579516852
3021011,4.3351340147233985
3022793,3.2634009378355486
3024575,3.142893054391235
3026357,3.1238157954326886
3028139,3.1265941745076304
3001410,4.7137107216838325
3003192,4.465034937008394
3004974,4.26110511789509
3006756,5.591431228263427
3008538,6.269683576081974
3010320,4.685670278202015
3012102,4.34948757434353
3013884,4.616587151220984
3015666,4.260159674963464
3017448,4.212159081829533
3019230,5.400461978683734
3021012,5.888648844535301
3022794,4.286132010355156
3024576,4.431594912603301
3026358,4.561458289751706
3028140,4.576425438325619
3001411,352.43924593964977
3003193,274.00835134735684
3004975,385.9776944119424
3006757,274.13420719898426
3008539,383.4876926850432
3010321,334.82381266465603
3012103,373.59426212692364
3013885,311.7113314837509
3015667,288.447633008393
3017449,366.72815859370957
3019231,314.09923467049157
3021013,332.1607380265893
3022795,303.90644607786516
3024577,318.65473951826306
3026359,314.8459387572418
3028141,307.75332541688636
3001412,30.209717537844885
3003194,26.372017396032277
3004976,29.756724620973074
3006758,29.920499493323433
3008540,30.481370177384605
3010322,22.683307891731545
3012104,25.29017739662252
3013886,28.56748794358459
3015668,27.391128564693236
3017450,31.075425280774
3019232,32.77508835528064
3021014,31.28290541413374
3022796,24.920057131909946
3024578,26.68140399485635
3026360,28.263051215962975
3028142,28.09318849476115
3001413,1657.5139381943682
3003195,995.0957863759819
3004977,1205.3738326950959
3006759,1130.851293528433
3008541,1320.135113709838
3010323,1217.5589395046952
3012105,1110.7097219567654
3013887,1390.4947689530766
3015669,963.2330414003176
3017451,1135.3782306275018
3019233,1156.804472301186
3021015,1156.9697811088595
3022797,1062.804738823719
3024579,1056.3720508006998
3026361,1418.3023624889267
3028143,996.9168537255888
3001414,199.59257112657167
3003196,0.0
3004978,0.0
3006760,0.0
3008542,0.0
3010324,0.0
3012106,0.0
3013888,0.0
3015670,0.016421020482256587
3017452,0.00784651360578924
3019234,0.017496897044974768
3021016,0.021919439821397022
3022798,0.01747215984740591
3024580,0.01856116650167706
3026362,0.036063004166849676
3028144,0.021637244081539664
3001415,5.050054653196075
3003197,5.384817689828979
3004979,10.830094923261498
3006761,7.1276982914661895
3008543,6.264241866885482
3010325,5.242324755627956
3012107,2.942103255135665
3013889,6.196287670871229
3015671,6.8903454321815865
3017453,10.329759120621421
3019235,6.880108959481433
3021017,6.592255391670117
3022799,5.700709824176067
3024581,6.412565928483478
3026363,7.568026195948445
3028145,6.284852220597166
3001416,2.2117961729466113
3003198,2.3125054019962064
3004980,2.3190564728868632
3006762,2.8963739645993996
3008544,2.5249931289939394
3010326,2.2578675877098333
3012108,1.7628832414759035
3013890,2.284665437754731
3015672,2.319227549938235
3017454,2.1895713271114254
3019236,2.803910664641912
3021018,2.3546861568806388
3022800,2.022934957254569
3024582,2.134368890305227
3026364,2.1151110215749847
3028146,2.1426434723491945
3001417,0.027507052674236185
3003199,0.039521652737775116
3004981,0.018943592149475722
3006763,0.012132787832894171
3008545,0.01712672712669914
3010327,0.03031358533999039
3012109,0.021226923085201133
3013891,0.026018542214777594
3015673,0.018082893764446294
3017455,0.013398757677872936
3019237,0.007919854191486013
3021019,0.003979917065515907
3022801,0.015810998774232757
3024583,0.01586200945574742
3026365,0.049309307755221445
3028147,0.03790892650687026
3001418,5.690401057481297
3003200,2.617274116793195
3004982,2.9617389797559768
3006764,5.101006331922208
3008546,3.621036819704886
3010328,5.869191789838497
3012110,4.099606632669553
3013892,2.868122586264061
3015674,2.794508968425493
3017456,4.670635450594581
3019238,5.397222379128856
3021020,5.257138583811913
3022802,4.7661090404466995
3024584,2.757574648880155
3026366,3.961634854404687
3028148,5.3771089122597315
3001419,3607.4156693516693
3003201,2608.9939136911785
3004983,3507.347469945369
3006765,3750.238076135209
3008547,3473.431442465975
3010329,3098.4654652189747
3012111,2966.32085368268
3013893,3204.98100765913
3015675,2785.616970981299
3017457,3255.392271205439
3019239,3328.4810652389083
3021021,3090.255866645562
3022803,2911.793902906178
3024585,2951.9884518392187
3026367,3244.103155993698
3028149,2977.0306885771206
3001420,0.00815956823684958
3003202,0.005115780454680639
3004984,0.005014912158667713
3006766,0.0007550884590745923
3008548,0.001322848334546241
3010330,0.017015634223327452
3012112,0.0030272732031319215
3013894,0.007597247788160624
3015676,0.0033495162534204863
3017458,0.0028131098487195042
3019240,1.6105142585137584e-06
3021022,6.018699064463222e-05
3022804,0.007237138093659866
3024586,0.002648485930529878
3026368,0.005274538780141516
3028150,0.005092738054051793
3001421,847.2121906155429
3003203,659.459151059296
3004985,782.0142076643637
3006767,797.965733219769
3008549,770.7603516884288
3010331,740.8243996943684
3012113,700.0150608742123
3013895,714.2184441317022
3015677,607.6361375941916
3017459,670.9504976269756
3019241,665.31361339382
3021023,635.6195865551628
3022805,650.416383071325
3024587,649.2700048771907
3026369,724.7115047252595
3028151,670.5097725351843
3001422,15.071743634595947
3003204,13.433324545375557
3004986,16.846399294807156
3006768,16.859132680244336
3008550,9.856459475095374
3010332,10.3009583742051
3012114,11.909323137868322
3013896,12.358750328377916
3015678,13.227013811920004
3017460,15.981381041391096
3019242,16.01588339963828
3021024,9.762830153227709
3022806,10.150141102998962
3024588,11.672302966060455
3026370,12.625783817732247
3028152,12.94979768508776
3001423,1224.7208341112466
3003205,793.9769631088308
3004987,968.6061208462803
3006769,1072.0970345408596
3008551,866.0085982030068
3010333,923.22361528286
3012115,907.6518140468767
3013897,1037.131836945651
3015679,896.1446171208275
3017461,1034.6303254171155
3019243,1038.015545752777
3021025,932.1527822598018
3022807,952.4897437692929
3024589,951.9688550280003
3026371,1069.4486333521215
3028153,1025.2913538230603
3001424,1405.705096745185
3003206,1034.1751925139895
3004988,1329.718623706856
3006770,1378.9904948930441
3008552,1330.5716660295004
3010334,1282.5572442954726
3012116,1151.983254462338
3013898,1280.3012153364364
3015680,1067.3302101323425
3017462,1267.1919756519185
3019244,1293.678644716898
3021026,1207.462669958984
3022808,1154.868177729486
3024590,1160.250852405779
3026372,1300.2051165325108
3028154,1189.4411567070986
3001425,315.56962413734703
3003207,223.32238594790815
3004989,315.81406096061215
3006771,302.95938576535235
3008553,258.9383147460345
3010335,263.07116837294643
3012117,254.34446332763284
3013899,248.57249252223144
3015681,218.52342866883023
3017463,271.29978755262886
3019245,248.68548897119274
3021027,236.5895110426662
3022809,236.66958409604695
3024591,235.80245700151508
3026373,254.3879444010092
3028155,249.059329336366
3001426,246.95190405895843
3003208,190.44062809799115
3004990,261.24721818773713
3006772,235.9939444171081
3008554,233.97724375514835
3010336,229.44852019526533
3012118,204.74407106846033
3013900,225.46470857610962
3015682,185.1553989397352
3017464,246.9960220952295
3019246,225.97260371403027
3021028,218.22182540463325
3022810,209.07448109959216
3024592,204.84679878433485
3026374,231.44698544049163
3028156,200.4222299104417
3001427,179.31998385574207
3003209,135.67708727728294
3004991,204.27887113904012
3006773,183.37952331759132
3008555,113.91638882971954
3010337,121.72219541072242
3012119,127.34635452262164
3013901,149.53560194453237
3015683,132.9261717463793
3017465,161.65463207989333
3019247,158.70001318860082
3021029,126.8478531814694
3022811,126.22423757297899
3024593,135.30895504834
3026375,155.37910612201065
3028157,145.25352825298492
3001428,4379.012746261321
3003210,2952.866239698878
3004992,4003.7495295907843
3006774,4084.4494951923266
3008556,3775.9952004485676
3010338,3920.029155589929
3012120,3576.4699475755438
3013902,3886.4164833717464
3015684,3309.1848156695355
3017466,3871.337675586285
3019248,3901.186379028177
3021030,3585.2379263125863
3022812,3499.920967325593
3024594,3516.7121237356914
3026376,4020.397189392108
3028158,3685.920617649577
3001429,35.856723708299
3003211,34.8633043698552
3004993,42.94934146449858
3006775,39.23944723064168
3008557,31.58298933953364
3010339,34.090705840675476
3012121,30.809743088746842
3013903,38.77916342936451
3015685,34.993661763565434
3017467,38.190380934264596
3019249,37.9233642597531
3021031,33.5876601493853
3022813,33.14421437026573
3024595,32.993092645659566
3026377,37.26835158713667
3028159,34.9436783757526
3001430,0.8370241043869772
3003212,0.7387897022165731
3004994,0.8766188407082032
3006776,0.8882477595426179
3008558,1.075438224105665
3010340,1.06386145266999
3012122,1.0642923092488792
3013904,0.7967175834080015
3015686,0.6984666243953024
3017468,0.750812875447291
3019250,0.8010353104700405
3021032,0.8204113551341337
3022814,0.751809594052362
3024596,0.7554564250523166
3026378,0.7028138506753526
3028160,0.6850789666854732
3001431,24.027023818278476
3003213,15.27910190816425
3004995,20.24683282021623
3006777,21.79622350142316
3008559,20.58051326753107
3010341,17.85813084547284
3012123,19.377994115168747
3013905,15.655764685791764
3015687,17.156252107758295
3017469,19.34224538451743
3019251,19.983687551640788
3021033,16.209203556541407
3022815,14.878831370921866
3024597,14.747896431806607
3026379,19.540671443090805
3028161,19.209609277283942
3001432,38.27624741817338
3003214,20.802296773171154
3004996,30.39267818397938
3006778,31.04453294289564
3008560,35.35293041781207
3010342,25.60158276996316
3012124,29.16943235650953
3013906,27.77736461198535
3015688,25.48442157091978
3017470,29.445639994764303
3019252,26.248411265036765
3021034,24.289014634308188
3022816,25.978768027481816
3024598,28.697797322000127
3026380,29.07379050257968
3028162,25.15308261263915
3001433,0.015412737363590617
3003215,0.007414677214546331
3004997,0.0076536026192357874
3006779,0.0
3008561,0.06872860154357317
3010343,0.09847620845451051
3012125,0.008567955008633858
3013907,0.01201901058523294
3015689,0.003109918061739178
3017471,0.0039068099716046455
3019253,0.0
3021035,0.0
3022817,0.011300145921644099
3024599,0.005989204516239788
3026381,0.007348958883962739
3028163,0.004490430577429164
3001434,279.1840711143009
3003216,208.85151198022712
3004998,230.03961167999117
3006780,256.69213806850865
3008562,268.03446300205746
3010344,255.6859090093715
3012126,235.32353765020318
3013908,234.8557689304125
3015690,203.98153810733277
3017472,222.71259556826774
3019254,245.5921890391942
3021036,231.19598008485835
3022818,216.28290216405992
3024600,218.6335129314451
3026382,246.04987699972062
3028164,226.32111862258685
3001435,8.051004760821757
3003217,9.375089314405107
3004999,8.591153079830285
3006781,14.289130602999345
3008563,14.016968790518476
3010345,7.540193730953779
3012127,3.5865641211730246
3013909,9.97816361144107
3015691,8.983939956090966
3017473,9.873989569544442
3019255,14.43953666170434
3021037,13.322822388912785
3022819,8.725567282588154
3024601,7.698583967092354
3026383,10.933013903248828
3028165,10.67288869683473
3001436,46.29781301143333
3003218,27.47299527780453
3005000,35.93327278752411
3006782,32.2726363691585
3008564,24.7816819110772
3010346,26.00527224254971
3012128,22.941341085538664
3013910,43.086327982507925
3015692,28.372938541050036
3017474,40.35488993240447
3019256,37.78519081423687
3021038,29.106518805033577
3022820,27.534905812190704
3024602,28.468765152081062
3026384,46.41516197097306
3028166,30.45917092471986
3001437,17.068281592933385
3003219,8.757394283336307
3005001,9.257527985200314
3006783,10.072254140606033
3008565,8.82976328233493
3010347,9.545822019388154
3012129,8.397534850425629
3013911,8.599919690580153
3015693,8.921532135315502
3017475,9.76159827958139
3019257,10.37043414651039
3021039,9.157356456197418
3022821,9.071767122230343
3024603,8.924834885607787
3026385,10.065181008593063
3028167,9.84906440554388
3001438,99.08044505981643
3003220,64.81523917858378
3005002,135.37600591054047
3006784,121.57957927432516
3008566,50.97838190818661
3010348,47.346588981395634
3012130,67.04701869488018
3013912,69.81973684355167
3015694,68.78074204994816
3017476,95.73230036454906
3019258,93.87416109645731
3021040,35.036875645328024
3022822,41.49690768642809
3024604,56.653078323165545
3026386,58.19872088379251
3028168,60.663592958616256
3001439,13.717140709993194
3003221,12.77982122813428
3005003,16.611462263541643
3006785,17.363373504506765
3008567,13.941534194701127
3010349,13.517909413709257
3012131,12.567590772581994
3013913,12.512993072320887
3015695,11.630120954125324
3017477,14.613770424403492
3019259,14.624078361021793
3021041,11.012181836413442
3022823,11.730373723816752
3024605,11.238853575731587
3026387,11.216325023322144
3028169,10.925637969193332
3001440,443.49975765701646
3003222,330.7420520385219
3005004,684.5964152350651
3006786,373.64321956293065
3008568,306.95601210610243
3010350,350.0172198785276
3012132,349.5551305354025
3013914,349.7419351082879
3015696,304.9496198318041
3017478,463.9924188662737
3019260,321.2139065476274
3021042,308.8486816734208
3022824,318.5023822775784
3024606,323.1924072562851
3026388,363.11745684059787
3028170,333.35561473555333
3001441,317.93327648135687
3003223,207.87645205913358
3005005,265.13654978682877
3006787,288.43329387438416
3008569,278.08465654349567
3010351,260.189363038207
3012133,245.4187779502264
3013915,261.4783121378018
3015697,224.35603377849034
3017479,241.0800737217569
3019261,277.93536967617916
3021043,263.2573782830392
3022825,246.74909935268116
3024607,241.98011478610127
3026389,275.23712319778946
3028171,261.55782991788396
3001442,16.11182299677264
3003224,14.204382901759994
3005006,15.032135831375527
3006788,18.384529569420263
3008570,16.412000751608176
3010352,15.162058582584065
3012134,15.280940748069789
3013916,14.72598221134047
3015698,13.080227777547748
3017480,14.22595742875348
3019262,17.41656045683571
3021044,15.753106731758905
3022826,13.728285678294727
3024608,14.100824586053596
3026390,15.1448575458705
3028172,14.308637233193565
3001443,9.808038309836279
3003225,8.739523635367577
3005007,9.262516569556155
3006789,10.838757550017398
3008571,9.451614144311664
3010353,8.73925684948784
3012135,8.496068131847169
3013917,9.388614750537657
3015699,8.726555640765477
3017481,9.012286282273761
3019263,10.452291992741538
3021045,8.959877996547611
3022827,8.156367210203568
3024609,8.13757291819578
3026391,9.144828638593705
3028173,8.76845619483344
3001444,572.6725177046043
3003226,438.3175081105556
3005008,736.2972159813193
3006790,477.7505593131346
3008572,457.89286816402836
3010354,510.34151990713
3012136,476.04484451933826
3013918,496.1896338912399
3015700,422.1280583601029
3017482,608.7568025407002
3019264,448.07909694155893
3021046,441.6447547068083
3022828,448.20800815117497
3024610,453.1725101718792
3026392,509.0481066027863
3028174,459.4615203888616
3001445,125.5257120265233
3003227,104.94186902668667
3005009,121.63981593809679
3006791,124.09441103409449
3008573,106.20426449892074
3010355,110.14560578008646
3012137,101.57819641540918
3013919,117.67730158824634
3015701,104.3168031872216
3017483,115.64859908379204
3019265,119.56402278094713
3021047,107.5524415763524
3022829,104.39908043871094
3024611,105.50478656336186
3026393,119.27593641728636
3028175,110.50569177705135
3001446,6112.679771699572
3003228,2604.822521361883
3005010,3443.9287793704975
3006792,3569.2181403707305
3008574,3305.606887962755
3010356,3341.825849308598
3012138,3211.8104256192896
3013920,4675.754203464285
3015702,2671.8602799732034
3017484,3343.0585610424787
3019266,3381.7948451518164
3021048,3064.4750189706338
3022830,3050.6500315582525
3024612,3038.1279752502264
3026394,4697.212084691403
3028176,2887.888392180441
3001447,270.9826652645377
3003229,0.0
3005011,0.0
3006793,0.0
3008575,0.0
3010357,0.0
3012139,0.0
3013921,0.0
3015703,0.01062840624480701
3017485,0.009823377303781442
3019267,0.0
3021049,0.0011064245365046113
3022831,0.010267914191776148
3024613,0.009091877437698521
3026395,0.018534529247639816
3028177,0.018320967833449883
3001448,25.03491899383427
3003230,20.32971430754805
3005012,35.839771236952636
3006794,27.769895861093346
3008576,20.595828617997466
3010358,24.737132080916727
3012140,26.516885310017695
3013922,23.02063600619959
3015704,21.162547123489883
3017486,33.46097369216751
3019268,23.883296078533565
3021050,20.19374729601783
3022832,22.625952101941508
3024614,21.76168492428168
3026396,23.03164673921559
3028178,21.855744682230554
3001449,2.4065892402645583
3003231,2.2166504267077687
3005013,2.56448446368796
3006795,3.102311190502672
3008577,2.588028324999265
3010359,1.8059164383603026
3012141,1.8676596802191465
3013923,2.0542557624020468
3015705,1.8935625693241558
3017487,2.3579184637018824
3019269,2.9548148784773622
3021051,2.4959943680927794
3022833,1.9806981590378474
3024615,2.2701439901169542
3026397,2.3099986465433755
3028179,2.425636980749079
3001450,0.04228341689913337
3003232,0.04681722767202273
3005014,0.06251508904184515
3006796,0.0049399993711101995
3008578,0.0062995443946100875
3010360,0.003291344184772109
3012142,0.001462438741584206
3013924,0.007774866514396378
3015706,0.005908642664085739
3017488,0.015457507180340599
3019270,0.011552894983746507
3021052,0.0034657639078647853
3022834,0.00032182332594336615
3024616,5.227112765603511e-05
3026398,0.03701996487317072
3028180,0.043286829897617424
3001451,4.1151245556095555
3003233,1.1909280896745191
3005015,4.487038588584661
3006797,3.2577397566144626
3008579,2.8754487525764163
3010361,2.4296230756052157
3012143,1.819919534403527
3013925,1.6286101411080554
3015707,3.0450316333209706
3017489,3.6865107617512742
3019271,3.2614335550470237
3021053,3.787138899321216
3022835,1.8540877650887653
3024617,2.1068638585037402
3026399,4.368062858306576
3028181,2.5575706896609414
3001452,1992.3088147729784
3003234,2047.3463397238402
3005016,2441.4942187753422
3006798,2707.7982225627766
3008580,1915.579499042213
3010362,1229.916307741527
3012144,808.9054921346257
3013926,1912.927404849919
3015708,1514.2898514140368
3017490,2252.026131603494
3019272,2239.347100282334
3021054,1834.8095332995736
3022836,1714.530128601334
3024618,1797.406326614885
3026400,2033.8261356649073
3028182,1916.5420399690295
3001453,0.0
3003235,0.0
3005017,0.0
3006799,0.0
3008581,0.0
3010363,0.0
3012145,0.0
3013927,0.0
3015709,0.0
3017491,9.022118213402236e-05
3019273,0.0
3021055,0.0
3022837,0.0
3024619,0.0
3026401,0.0
3028183,0.0
3001454,433.3381971099719
3003236,404.10660148223224
3005018,547.5879361667867
3006800,508.46299159706024
3008582,363.4264171919131
3010364,246.43923170708695
3012146,212.7610235217561
3013928,379.62217739406634
3015710,288.11718631222175
3017492,395.39283384809727
3019274,398.87853529312315
3021056,345.93051063702205
3022838,335.3204633427882
3024620,336.54040397214277
3026402,385.2863918806068
3028184,390.1062614260417
3001455,5.505292950586956
3003237,5.815277760825622
3005019,8.666904664385637
3006801,10.50198181370689
3008583,4.274257034520234
3010365,2.463761641371924
3012147,2.3589109091406777
3013929,5.322889808396294
3015711,4.733026116379636
3017493,8.374241559649645
3019275,11.066993684810972
3021057,5.295197562230103
3022839,4.08823707665244
3024621,4.537656938094607
3026403,5.467559330497045
3028185,5.810956735081404
3001456,467.3198895212593
3003238,389.6945229546881
3005020,490.14251747654976
3006802,544.1936078685471
3008584,357.890324746934
3010366,223.35628161494523
3012148,154.1669114248036
3013930,368.4055302376574
3015712,302.27406478417174
3017494,408.35057717435524
3019276,431.027554048373
3021058,347.0564621393125
3022840,334.96856596536946
3024622,345.17632105484904
3026404,395.79497636909764
3028186,412.0718899971958
3001457,654.1006583844623
3003239,531.7418979894416
3005021,873.4687650453424
3006803,785.9471941792099
3008585,538.0142334388687
3010367,334.5868521202628
3012149,287.6814739073996
3013931,573.4536904714196
3015713,428.5453592445067
3017495,623.7888793092379
3019277,615.1485958274721
3021059,516.696215902684
3022841,489.2352098860422
3024623,496.47819172113503
3026405,619.2585637865204
3028187,569.4576646100377
3001458,156.24547454925215
3003240,139.48863792879945
3005022,218.55636351224186
3006804,192.401856048166
3008586,137.87233087946197
3010368,90.17551240138937
3012150,69.29237030875942
3013932,144.04923712283167
3015714,114.56264179434316
3017496,177.87207011453378
3019278,164.3167249649099
3021060,131.33792131205664
3022842,135.18769862664814
3024624,134.3719127338052
3026406,155.85214231675806
3028188,143.1441567661397
3001459,114.22125928846934
3003241,111.63274758464489
3005023,203.4842841540393
3006805,146.0262987537177
3008587,101.64170679970641
3010369,65.03018543542383
3012151,50.36346199337694
3013933,106.86396416892438
3015715,84.46154237200425
3017497,155.0865090571536
3019279,125.69310900183218
3021061,104.39497682113615
3022843,95.28251851244379
3024625,95.19250200674566
3026407,114.50760275281569
3028189,108.75622865206113
3001460,82.31224220021055
3003242,94.801126916609
3005024,162.30622515601524
3006806,181.39590887790578
3008588,75.18302584947305
3010370,42.805765287396326
3012152,29.77024844911695
3013934,80.4943856090469
3015716,74.79799569435133
3017498,112.9832196806774
3019280,132.78696883542958
3021062,76.99143032571561
3022844,64.62510330931046
3024626,74.42191895700596
3026408,86.90579750003144
3028190,86.57321430914972
3001461,1989.6026236639239
3003243,1673.2522153485459
3005025,2185.050024101753
3006807,2308.3201414846058
3008589,1642.1335712225691
3010371,1030.3894306458699
3012153,788.5235562847851
3013935,1714.1315730099857
3015717,1327.4651854165586
3017499,1932.7839911521962
3019281,1991.8854066405063
3021063,1641.3277660699084
3022845,1585.2199763021497
3024627,1600.1067586606575
3026409,1895.2042134299074
3028191,1814.9688835222103
3001462,15.949077567929052
3003244,19.80612868941613
3005026,27.125348985122642
3006808,26.361594693390202
3008590,15.381351911836697
3010372,11.265934083701685
3012154,6.339078159289691
3013936,20.716995281393036
3015718,18.778035558997587
3017500,26.07793216186309
3019282,26.65797268083575
3021064,19.14828511876142
3022846,16.786794295716753
3024628,16.783824184038554
3026410,22.19579237766678
3028192,21.457825145876388
3001463,0.8502138647895521
3003245,0.8325503265122499
3005027,1.232762775158156
3006809,1.3541828861794094
3008591,1.095219422246613
3010373,0.4326108385174257
3012155,0.027054389840364387
3013937,0.9128437823060306
3015719,0.7167864038483112
3017501,1.2086991527007167
3019283,1.5414369127260379
3021065,1.1209479390521075
3022847,0.7513035121178063
3024629,0.6879662539953214
3026411,0.9922557071905777
3028193,0.9784829296114976
3001464,23.90874186126635
3003246,18.167975531806988
3005028,27.987940292661282
3006810,29.4919998294486
3008592,15.920371657690291
3010374,11.026247109421211
3012156,6.715620217455977
3013938,19.421118818627708
3015720,18.186187368647783
3017502,29.66861236292296
3019284,27.846792948135263
3021066,17.601819289868445
3022848,16.66874450664668
3024630,17.33073234837113
3026412,20.518526451883734
3028194,24.534850344431675
3001465,19.401425784944305
3003247,10.023789606816619
3005029,14.24796714098575
3006811,14.181837668000364
3008593,7.994341056473794
3010375,6.42289739316378
3012157,5.63888201758877
3013939,9.527827461386472
3015721,12.007473213295462
3017503,15.954733345863367
3019285,18.38065117606686
3021067,10.63120899582894
3022849,12.060159535804809
3024631,9.848891226404303
3026413,15.157106953927885
3028195,14.24067114486062
3001466,0.008890530448130972
3003248,0.0028640583447117063
3005030,0.01536843193375788
3006812,0.0
3008594,0.0003641838564104586
3010376,0.0
3012158,0.0
3013940,0.0015155180835842252
3015722,0.0
3017504,0.0016479538163642633
3019286,0.0
3021068,0.0
3022850,0.0
3024632,0.0
3026414,0.00018628463063055612
3028196,0.0
3001467,109.9169118217618
3003249,89.06490839956253
3005031,123.68003472907219
3006813,125.39201782053613
3008595,89.31330243023342
3010377,54.50256299415468
3012159,44.07385205300621
3013941,85.29154357657393
3015723,62.18045060492344
3017505,95.3395301095117
3019287,102.9340761616757
3021069,83.2209699093426
3022851,74.46800371035869
3024633,69.35489126545447
3026415,83.37864675618049
3028197,76.47961791221582
3001468,0.0
3003250,0.0
3005032,0.0
3006814,0.0
3008596,0.0
3010378,0.0
3012160,0.0
3013942,0.0
3015724,0.0
3017506,0.0
3019288,0.0
3021070,0.0
3022852,0.0
3024634,0.0
3026416,0.0
3028198,0.0
3001469,30.538892334892978
3003251,14.390723451076212
3005033,20.78642554758941
3006815,21.664117338715215
3008597,9.145955683841485
3010379,6.16346206927437
3012161,5.422928823107914
3013943,27.48645235743649
3015725,12.065058906244957
3017507,20.508584704657764
3019289,20.32408040749121
3021071,11.714228230117913
3022853,9.346071108424681
3024635,10.980417717411646
3026417,29.368994628566174
3028199,13.994744925704813
3001470,11.16847181917558
3003252,2.3652447523569795
3005034,2.937874034483272
3006816,3.801942662038312
3008598,2.0738619480825133
3010380,1.105681062745023
3012162,1.3417711436943704
3013944,2.1474917141818564
3015726,2.3871303612162174
3017508,3.727717037844029
3019290,4.965697745159003
3021072,3.187824881547981
3022854,2.4202278879873798
3024636,2.8281073857489165
3026418,3.182500687779388
3028200,3.2426640406138993
3001471,153.3543032539243
3003253,233.67488104473924
3005035,372.48041835366877
3006817,471.1097085988949
3008599,160.41758268875958
3010381,95.52170064367694
3012163,65.24567745607135
3013945,220.75228708363616
3015727,170.5196828398832
3017509,305.31964932986034
3019291,357.9043804997186
3021073,152.7064382040521
3022855,123.25918059589242
3024637,146.51887251766445
3026419,193.633561611916
3028201,182.96755599051292
3001472,8.5064504816318
3003254,9.659594104788376
3005036,12.73255789559056
3006818,15.647246619317599
3008600,8.900921474597542
3010382,5.339909390500265
3012164,4.592919558713892
3013946,10.326189311465514
3015728,8.702973602656598
3017510,15.426717300165592
3019292,16.47134115317942
3021074,9.273613805851033
3022856,8.770096200373555
3024638,8.309601487614529
3026420,9.537313455520922
3028202,9.455431108764325
3001473,197.28937777024262
3003255,174.80763218938947
3005037,379.2560141355475
3006819,237.38588889610537
3008601,133.19724528237836
3010383,78.2685659407763
3012165,81.91068461335102
3013947,147.30837270467308
3015729,116.05558658548985
3017511,246.36974356524468
3019293,158.53023824551366
3021075,128.40043054517653
3022857,123.44701357878425
3024639,134.53064894203285
3026421,157.1775882358444
3028203,150.31938937868335
3001474,119.70301683885977
3003256,95.2784843663237
3005038,122.88712585357105
3006820,130.24144871785177
3008602,107.85537717545294
3010384,58.54330974888226
3012166,55.343716792736
3013948,101.9991585462313
3015730,72.76593017200172
3017512,100.65201418343634
3019294,127.07700438103548
3021076,103.6416899492163
3022858,90.29725262797295
3024640,95.42194200413842
3026422,113.28672259212613
3028204,105.0206440620745
3001475,4.051608404924843
3003257,3.9292637382192033
3005039,4.580168750585657
3006821,5.65218044189857
3008603,3.595534080346488
3010385,2.254875952538582
3012167,1.7459634357353677
3013949,3.99738863089708
3015731,3.032677119849835
3017513,4.402582271340592
3019295,5.238567485404741
3021077,3.776625854158647
3022859,3.380569141394935
3024641,3.6457680775785417
3026423,4.38610315289123
3028205,4.326103638757397
3001476,4.250685659642351
3003258,5.87188962169265
3005040,5.544561367759523
3006822,6.0987296715512285
3008604,4.0125643713369685
3010386,2.90324633259929
3012168,1.8936973698046315
3013950,4.834990263797404
3015732,4.1742651428138595
3017514,6.691247104983202
3019296,7.636577417491419
3021078,4.876368175983715
3022860,4.4335969476770245
3024642,4.304225779879654
3026424,5.33165416260615
3028206,5.343554442192516
3001477,177.5702842299603
3003259,162.53944379566792
3005041,345.4808643381186
3006823,191.6223098942385
3008605,151.9262930389384
3010387,85.811502742327
3012169,83.2002722355662
3013951,154.50521923124663
3015733,122.14961238556354
3017515,235.88984543885854
3019297,171.1566371498268
3021079,143.8327591149683
3022861,128.9450465897469
3024643,140.46840911914825
3026425,166.07190609636203
3028207,161.67350784382995
3001478,36.522126200381166
3003260,35.91551040963793
3005042,48.340220977240826
3006824,46.54811806840024
3008606,34.5436529701933
3010388,18.049145440769525
3012170,15.170676650325772
3013952,35.395784841961536
3015734,29.04733440633451
3017516,39.61276705352629
3019298,39.30160283170526
3021080,31.956045227378088
3022862,27.77779011013959
3024644,29.189303986612487
3026426,36.25375858270582
3028208,34.68879125131369
3001479,2619.870625666938
3003261,1317.5219091920549
3005043,1931.0062114129933
3006825,1904.7479409149685
3008607,1237.8520622322637
3010389,813.2568820052269
3012171,541.0335561375838
3013953,2083.814091593227
3015735,1034.1837771470884
3017517,1507.925071071584
3019299,1546.7171599500218
3021081,1214.5151665089345
3022863,870.4152438193073
3024645,1180.4589533045892
3026427,2217.0863068186814
3028209,1238.0518294514534
3001480,17.780367171155625
3003262,0.0
3005044,0.0
3006826,0.03627354753503156
3008608,0.0
3010390,0.0
3012172,0.0
3013954,0.0
3015736,0.3365151905155042
3017518,0.607402669663517
3019300,0.8799319055037501
3021082,0.7669743917873703
3022864,0.4101016757968214
3024646,0.4929669127350588
3026428,0.5668477821993194
3028210,0.5647525864089865
3001481,3.7640602390835767
3003263,4.353083645219565
3005045,8.411459252317961
3006827,6.335917325848911
3008609,3.4550685671087513
3010391,2.3576485858092506
3012173,1.8783862220491152
3013955,4.413471742282186
3015737,3.465573099002562
3017519,8.598494234065825
3019301,6.808970930778611
3021083,4.764464255164001
3022865,3.5512915834040726
3024647,4.7331810568716115
3026429,5.476991577653707
3028211,4.074454111163245
3001482,3.1488623116078753
3003264,2.5668817786303655
3005046,2.8760307011133057
3006828,4.003087903361457
3008610,4.874234685162357
3010392,2.606409692038143
3012174,2.288618170365367
3013956,2.2038006173313134
3015738,2.2250383106219735
3017520,2.5641557616650195
3019302,3.8210115770066664
3021084,4.34102232102203
3022866,2.2746137925877377
3024648,2.3029637607735567
3026430,2.5215576356368783
3028212,2.6779810179393166
3001483,0.003908870252668979
3003265,0.0007092171094878679
3005047,0.00686549094391698
3006829,0.026052233242341138
3008611,0.013664038877086122
3010393,0.006217329068557972
3012175,0.0
3013957,0.002979534627895983
3015739,0.0008478825448877364
3017521,0.0
3019303,0.012380831428131697
3021085,0.012597944256484599
3022867,0.005175687091933251
3024649,0.00033496756599382536
3026431,0.0002163570845088302
3028213,0.0011959977216067631
3001484,2.8333463050994645
3003266,0.1784434110273565
3005048,1.3507064511116476
3006830,1.4682815184722384
3008612,0.20378171995523617
3010394,0.0
3012176,0.0
3013958,0.053365777885735065
3015740,1.2022976131848575
3017522,0.17171792857072485
3019304,0.34734037736356793
3021086,0.463220510598141
3022868,0.2104751227383125
3024650,0.1992147745275632
3026432,0.30459512070550865
3028214,1.5738026106979248
3001485,766.3484121003461
3003267,595.4747530010069
3005049,661.3352504319378
3006831,781.522262144017
3008613,1031.5310741623027
3010395,537.3684835877027
3012177,608.400683007936
3013959,577.2463973702957
3015741,568.1522998975257
3017523,642.5520411868443
3019305,707.0624782979899
3021087,741.2501208982445
3022869,571.6198210945225
3024651,602.639866279286
3026433,651.7586385827059
3028215,677.8020397126392
3001486,0.002493998977633988
3003268,0.0
3005050,0.0005864187531537079
3006832,0.00037173150594498657
3008614,0.0033663032645134387
3010396,0.0
3012178,0.0
3013960,0.0
3015742,0.0
3017524,0.0
3019306,0.0
3021088,0.0
3022870,0.0
3024652,0.0
3026434,0.0
3028216,0.0
3001487,245.48892264578777
3003269,181.80280507299938
3005051,203.05318221463563
3006833,244.88797620920468
3008615,281.25951278782287
3010397,189.6978626747676
3012179,189.87191016529619
3013961,194.10167166281215
3015743,172.22407565840263
3017525,185.35667415004073
3019307,230.3430492531412
3021089,248.37823236983706
3022871,187.05550773997422
3024653,186.63192874752818
3026435,201.78992828118177
3028217,211.10629571302874
3001488,4.458694303469977
3003270,4.135262008102354
3005052,5.629943976395519
3006834,7.745862174382272
3008616,5.657114313297607
3010398,3.3659037064466975
3012180,3.3479363839500125
3013962,3.7608045116869686
3015744,3.835697149914782
3017526,5.14771022200438
3019308,7.08068703371563
3021090,4.763809784120225
3022872,2.791816579792473
3024654,2.8523259114993444
3026436,3.216667556445253
3028218,3.6975203210929375
3001489,315.11577865008803
3003271,235.48797654665103
3005053,265.7420890635804
3006835,292.1740206943704
3008617,399.2497531797273
3010399,210.67855910836764
3012181,231.8758940304322
3013963,227.64062298231215
3015745,201.41421738704935
3017527,221.34174885240586
3019309,266.5921048591356
3021091,264.13903410890356
3022873,203.18937331551305
3024655,210.7635784055218
3026437,243.51468971272206
3028219,249.04061120993921
3001490,267.30927496520945
3003272,187.47501537283406
3005054,215.5236087601212
3006836,274.6450776903197
3008618,354.9868181109239
3010400,191.28309900033904
3012182,205.14543032468995
3013964,180.64344744124529
3015746,160.184622694046
3017528,173.79035897863568
3019310,206.99011074369557
3021092,221.9546598174692
3022874,171.91606144391312
3024656,175.26776232466264
3026438,192.04384326261015
3028220,196.70259258631958
3001491,91.33724040593142
3003273,58.66842856092322
3005055,100.24600029020337
3006837,89.28188808597899
3008619,111.7221653938804
3010401,71.21176862359887
3012183,69.0024413355416
3013965,68.53120429716698
3015747,62.11919193146582
3017529,83.47080369455864
3019311,79.87459363281373
3021093,87.14536470687115
3022875,64.58553313036047
3024657,65.60211120114123
3026439,70.46726090163385
3028221,68.34758659109558
3001492,31.92703770398805
3003274,23.37872335858425
3005056,34.999392328781745
3006838,36.7368562271517
3008620,45.10949138614578
3010402,23.17704842117804
3012184,24.73702547901983
3013966,24.58815232926771
3015748,22.216399779054942
3017530,33.52246508872978
3019312,35.00118340620924
3021094,38.7149182589965
3022876,23.032208335742286
3024658,23.717012070545163
3026440,24.531166513150012
3028222,23.4377186781572
3001493,31.61178996697591
3003275,27.20591180324836
3005057,38.782668789567886
3006839,41.36843040633439
3008621,39.82298476049835
3010403,21.75036696487624
3012185,20.562011471332248
3013967,25.80839687610111
3015749,27.82689360594324
3017531,34.28110811558539
3019313,41.60149992129827
3021095,36.76604689407349
3022877,22.345522042465845
3024659,24.3900365690332
3026441,28.709184239457567
3028223,31.390332858692826
3001494,1380.9957968025556
3003276,1028.7892465451826
3005058,1299.501215985271
3006840,1346.7825186784437
3008622,1733.1771374203051
3010404,997.8111730656005
3012186,971.4769632018437
3013968,995.5115509480329
3015750,938.0702515618174
3017532,1069.2747813117278
3019314,1201.6730490403586
3021096,1266.7983286381984
3022878,977.5668045233934
3024660,1016.2622567209072
3026442,1142.6769554673574
3028224,1226.0905537032274
3001495,3.353269919546183
3003277,3.2366333361475
3005059,3.9554025377111413
3006841,4.766689181876572
3008623,4.460893036780811
3010405,3.3772041815705705
3012187,2.5183949694631536
3013969,3.024601285430906
3015751,3.2230049554318967
3017533,4.351154927533269
3019315,5.362234525027136
3021097,4.91851699964959
3022879,3.211307037655081
3024661,3.0391061971805655
3026443,4.112187125303919
3028225,4.2939414648137735
3001496,0.48875204174087267
3003278,0.45343752813207244
3005060,0.414128099506142
3006842,0.5850124105925008
3008624,0.6440153467118074
3010406,0.185488043357501
3012188,0.17013883586461886
3013970,0.39412972161665855
3015752,0.367757447430939
3017534,0.3662070976448704
3019316,0.5807849924122711
3021098,0.6297976298650129
3022880,0.27795753546128804
3024662,0.3049726021670904
3026444,0.3577497148807193
3028226,0.44335454168591726
3001497,11.761095485358439
3003279,8.411978252837779
3005061,7.0534547982282705
3006843,9.943004734100889
3008625,8.636413012429822
3010407,5.409810053608033
3012189,5.93363719360532
3013971,5.1714996373764075
3015753,5.471440359170135
3017535,7.037324855145445
3019317,11.35511118923783
3021099,7.771596571510284
3022881,5.030088667039359
3024663,7.8682267799261565
3026445,5.81040542171811
3028227,8.772981514309057
3001498,13.982418949648235
3003280,4.413121267042841
3005062,5.16338710507032
3006844,7.198113026852826
3008626,7.675364370328469
3010408,4.159910649468124
3012190,6.6159604337599225
3013972,4.792076666652253
3015754,5.237971424190094
3017536,7.839590383784118
3019318,8.25336952580491
3021100,8.382542325962142
3022882,5.057068500462584
3024664,5.169487337958695
3026446,5.555585476534067
3028228,7.613207137178432
3001499,0.17257178937473486
3003281,0.1651752834082659
3005063,0.1528588917799497
3006845,0.14541721637229876
3008627,0.16148806789513262
3010409,0.06735451573166391
3012191,0.054062613649506604
3013973,0.12478947739771558
3015755,0.11263237743369992
3017537,0.12365475517091369
3019319,0.10864164832850531
3021101,0.108406807315632
3022883,0.06796385682243702
3024665,0.06831082574101068
3026447,0.12875842876946972
3028229,0.15560089730511162
3001500,74.12735902198729
3003282,51.007406191975036
3005064,64.65110932724251
3006846,75.47243445364516
3008628,96.67466208960894
3010410,49.3082859314676
3012192,54.69251163662298
3013974,47.26855966460899
3015756,44.64186576899044
3017538,51.003895270187606
3019320,66.13131274908034
3021102,69.4275093097261
3022884,46.17999051274118
3024666,50.14110252363932
3026448,53.09916568607
3028230,53.72568350016197
3001501,0.05374357082705924
3003283,0.05795025157900574
3005065,0.0506127897260123
3006847,0.1221510463494913
3008629,0.016613911074540213
3010411,0.0011927728984662228
3012193,0.004307253139492498
3013975,0.0010648850009293076
3015757,0.0
3017539,0.006430714630207602
3019321,0.0037398241875460903
3021103,0.009773477133084048
3022885,0.0017930243360024104
3024667,0.0005348973997432938
3026449,0.022132637792049183
3028231,0.030707999344749947
3001502,14.574213009934942
3003284,3.554065801266026
3005066,3.8369579937781153
3006848,5.446642100237355
3008630,5.334583037160577
3010412,1.4756258885149645
3012194,0.1784698039627954
3013976,5.377659798511847
3015758,3.6445828940403255
3017540,4.855199971372703
3019322,6.4972524558372795
3021104,5.5171486664262614
3022886,4.572757176473438
3024668,2.965828373406715
3026450,8.404472255768376
3028232,4.266295340863402
3001503,13.663975331752527
3003285,0.18948221388205796
3005067,0.16915029536848378
3006849,0.3070332620645293
3008631,0.3584038116205392
3010413,0.0
3012195,0.0
3013977,0.14771504358584073
3015759,0.46094120036019975
3017541,0.5319764124063037
3019323,0.7854513245662123
3021105,0.6879753400090661
3022887,0.5277815328477204
3024669,0.5472034968384962
3026451,0.5091612642324513
3028233,0.6215028508563131
3001504,27.723744207513608
3003286,19.428896125773463
3005068,26.24183038232853
3006850,37.74849822682797
3008632,13.635773718958943
3010414,6.510260758237993
3012196,10.205663579235932
3013978,14.436498622902286
3015760,15.505823185719402
3017542,20.229982931233476
3019324,22.50302028104598
3021106,16.7224392596635
3022888,7.3268737444467815
3024670,6.444529248915761
3026452,9.084790355872428
3028234,9.756529642975915
3001505,0.24581218379453063
3003287,0.2644490220972994
3005069,0.25800546565667465
3006851,0.37498040173177066
3008633,0.22765859941831135
3010415,0.13908575576164303
3012197,0.1296733760687412
3013979,0.24901864264452014
3015761,0.20852213138769726
3017543,0.23822124022762825
3019325,0.31236532261566935
3021107,0.21197731960668245
3022889,0.16552393951733133
3024671,0.16757691863518046
3026453,0.18174821386856596
3028235,0.19078291626483435
3001506,237.70552467961764
3003288,210.96309597138534
3005070,447.2800236937349
3006852,257.7090842006753
3008634,288.4033845061959
3010416,195.46537930561362
3012198,163.31044412460935
3013980,197.3993730922014
3015762,181.9257324522039
3017544,273.9139475499694
3019326,209.86139853916407
3021108,221.6931774839886
3022890,187.65672363280927
3024672,194.08576504637597
3026454,211.0096852677208
3028236,213.5490770257704
3001507,116.57147622851926
3003289,78.623936032313
3005071,100.80445335228187
3006853,116.71884622464576
3008635,141.54064105713962
3010417,72.30922378662585
3012199,91.55294081809559
3013981,82.18988203156405
3015763,67.60352627263727
3017545,83.39118774072678
3019327,106.49713744630272
3021109,111.48763721465075
3022891,77.47773402082983
3024673,73.70675704488927
3026455,89.59664137073099
3028237,84.24195201976961
3001508,2.0342878858900635
3003290,1.7701068833090294
3005072,1.8892186080546238
3006854,2.7202040468495703
3008636,2.8778200354285204
3010418,1.6963998585801452
3012200,1.482835070878157
3013982,1.5844446135299461
3015764,1.5803932266030871
3017546,1.7238862102077614
3019328,2.483888655987976
3021110,2.3216863357460134
3022892,1.3230309025681621
3024674,1.3907370375750698
3026456,1.4980093906716216
3028238,1.7104819656990395
3001509,1.1502312677654036
3003291,1.264649478707568
3005073,1.1739473214372713
3006855,3.239629724071675
3008637,1.9488009826637962
3010419,0.9361303668428421
3012201,0.2538696820195565
3013983,1.0079261516248428
3015765,1.0623854618103807
3017547,1.1410186060309888
3019329,1.5927844705648868
3021111,1.9117000012672296
3022893,1.161956880838715
3024675,0.9828468092450802
3026457,1.4176628786291339
3028239,1.4932203592233002
3001510,136.68839307664896
3003292,117.8123111059666
3005074,212.55553195204038
3006856,161.44287386642785
3008638,154.38928647384964
3010420,116.71386614785489
3012202,106.46277576332545
3013984,110.9693466097068
3015766,105.98144129323593
3017548,149.03581470277632
3019330,129.24367891174094
3021112,136.5929606104413
3022894,106.52363852323941
3024676,109.82859433420658
3026458,118.05019594528453
3028240,121.70088769855103
3001511,21.71980199245465
3003293,17.991218058668192
3005075,20.871517871663517
3006857,24.37205157347867
3008639,30.586441954419545
3010421,17.381997593367622
3012203,16.68053472703745
3013985,19.34843326171854
3015767,18.53081179597203
3017549,22.468896530123278
3019331,28.672525625353643
3021113,29.575689622406404
3022895,17.711455483368947
3024677,17.16850674593852
3026459,19.64286537751916
3028241,19.79626292508902
3001512,969.9551871180821
3003294,326.21111226083354
3005076,476.6029417758773
3006858,454.75528905520656
3008640,537.7094111214193
3010422,282.80875404759087
3012204,302.769341758025
3013986,497.14305608428896
3015768,324.124985573527
3017550,355.13453085394104
3019332,406.19611080670666
3021114,418.68115676666844
3022896,330.0425154078191
3024678,341.2210920972694
3026460,541.1151027278923
3028242,370.80434626732676
3001513,23.252261929253397
3003295,0.0
3005077,0.0
3006859,0.0
3008641,0.0
3010423,0.0
3012205,0.0
3013987,0.0
3015769,0.3593388980804317
3017551,0.3395580614695231
3019333,0.5122093118745364
3021115,0.6517509698188424
3022897,0.35625973398825667
3024679,0.29860665854218815
3026461,0.3706874032285406
3028243,0.4225765742564602
3001514,1.9693006002599536
3003296,1.5228384404690445
3005078,3.727234409335653
3006860,2.1917912059456164
3008642,2.308108996316527
3010424,1.363527272522761
3012206,1.421406590345218
3013988,1.4198603152228715
3015770,1.2613157900621028
3017552,1.3231275485427287
3019334,2.1532366017333318
3021116,2.3707322181778827
3022898,1.3401620054781072
3024680,1.4551249353633888
3026462,1.6656128387440496
3028244,1.785688501359477
3001515,5.689146227392979
3003297,5.17719429924391
3005079,5.971367430582731
3006861,10.28833122359658
3008643,11.30760745572325
3010425,5.4478795566729135
3012207,4.857688901006184
3013989,5.496988557282662
3015771,5.101659785003348
3017553,5.699003734936867
3019335,9.668667769262308
3021117,10.564740120396168
3022899,5.246355391217624
3024681,4.917270829857741
3026463,5.484937512046052
3028245,5.3958750721787565
3001516,0.39487870886880927
3003298,0.204472409785479
3005080,0.17303751830174852
3006862,0.2484647497924971
3008644,0.3496500501308691
3010426,0.25027274215298645
3012208,0.36453352950635187
3013990,0.26085946910601054
3015772,0.19703219636442384
3017554,0.20096453656148547
3019336,0.30412005691058625
3021118,0.3353166830413599
3022900,0.24302349390098602
3024682,0.28996657542126275
3026464,0.2298731675821087
3028246,0.2216949302909348
3001517,4.590341450446313
3003299,3.099438982371042
3005081,2.8609765084271683
3006863,5.7133210546006525
3008645,6.155667075352004
3010427,3.8879265565941616
3012209,0.9211823086620652
3013991,2.3142274503279308
3015773,2.2755395704577523
3017555,2.2670527395382596
3019337,1.5145490783440325
3021119,4.276527939119858
3022901,2.968030787402572
3024683,3.2493332094170264
3026465,3.1101505188407472
3028247,1.2801821240580102
3001518,2907.61868453349
3003300,2428.7876695043105
3005082,3312.3659601415534
3006864,4007.626497970208
3008646,4910.381945164785
3010428,3016.24043256945
3012210,2695.2733390047338
3013992,2621.6012311709546
3015774,2331.774601677161
3017556,2637.984477615012
3019338,3192.3975099297218
3021120,3363.4023819851486
3022902,2461.9030653017353
3024684,2453.686398573107
3026466,2651.390208124991
3028248,2506.1881182703246
3001519,0.15563530308610887
3003301,0.16518445769483955
3005083,0.16389402193848882
3006865,0.22491539333167596
3008647,0.30310400488100425
3010429,0.07120163038412801
3012211,0.06578893234861248
3013993,0.1459749103334441
3015775,0.1308343882031178
3017557,0.1397626132945547
3019339,0.19797295422168734
3021121,0.22070234621547277
3022903,0.08660994039191457
3024685,0.08646286456993955
3026467,0.12572478487074046
3028249,0.11958135764496867
3001520,650.6089114008233
3003302,492.1036563849496
3005084,635.4855304619106
3006866,709.7490669967848
3008648,990.3624339907478
3010430,638.5035778917726
3012212,593.7846049961258
3013994,558.0179529568682
3015776,482.3068232467278
3017558,520.1263065239544
3019340,610.8072120265198
3021122,651.7027884014827
3022904,519.7660063498839
3024686,517.07326580668
3026468,563.0580820293063
3028250,540.4052381724781
3001521,12.987318739325097
3003303,14.414269228679494
3005085,20.73215347020374
3006867,25.881798133829335
3008649,16.151511931296145
3010431,10.528026046850975
3012213,11.579681712273775
3013995,12.532838290131368
3015777,13.574333615901594
3017559,17.358007252144564
3019341,23.3003533082227
3021123,16.22219961056254
3022905,9.874189393033829
3024687,11.047233249191938
3026469,11.997354580989827
3028251,12.673501819031008
3001522,911.4503589963537
3003304,685.8490419760745
3005086,838.6870728216113
3006868,947.0286111743444
3008650,1168.435115079582
3010432,807.8349281616988
3012214,780.5833826856906
3013996,705.7567750474878
3015778,617.9007294360304
3017560,681.5808917292163
3019342,813.3037522128024
3021124,837.7674378865316
3022906,664.8552022511968
3024688,668.1332500185993
3026470,715.1678103254886
3028252,697.4742761564554
3001523,995.635286164018
3003305,774.1351248954103
3005087,1026.058404964455
3006869,1175.3378920829164
3008651,1555.0180086351236
3010433,933.908607714578
3012215,841.327899098436
3013997,901.1568006931712
3015779,754.7454612409133
3017561,845.1886556173376
3019343,1012.2068373218535
3021125,1073.2950903333651
3022907,818.1512006649582
3024689,822.5079855244045
3026471,900.4883018190425
3028253,849.6526359864309
3001524,325.9295156701661
3003306,247.17716874309875
3005088,315.5854917716528
3006870,335.79313131570507
3008652,442.2019691893394
3010434,267.0232650057631
3012216,264.48758407383303
3013998,242.35027118391955
3015780,215.84289289045253
3017562,261.4332381090089
3019344,269.7082870343823
3021126,295.4029569693899
3022908,236.03238321501658
3024690,237.45930278845654
3026472,250.59758491190019
3028254,245.46293571492586
3001525,242.80106643752342
3003307,183.12684190746066
3005089,249.68026677582841
3006871,268.77811956092586
3008653,360.15986186547065
3010435,226.183551375594
3012217,204.1694643918303
3013999,197.13302786549153
3015781,161.89037853702737
3017563,201.12536210207713
3019345,219.06145673942152
3021127,249.71316538840048
3022909,190.88911766741373
3024691,186.75109927969552
3026473,201.0403828397181
3028255,177.94127372902827
3001526,113.15413715619644
3003308,103.21473838163006
3005090,171.08845596834968
3006872,228.4398014049666
3008654,154.85407751947716
3010436,73.52736773888897
3012218,82.60727781268879
3014000,92.88690579834379
3015782,90.59380749783831
3017564,108.9813771112156
3019346,134.39060287135746
3021128,116.71087457958771
3022910,76.3734447045328
3024692,87.15427393034356
3026474,97.53703794399432
3028256,97.95298598784632
3001527,3963.03466713199
3003309,3078.1780418459325
3005091,3947.257271854914
3006873,4593.390999784631
3008655,5644.200428382479
3010437,3766.7611780441825
3012219,3389.1198064624623
3014001,3355.7582064901326
3015783,2982.615394245627
3017565,3318.985916841335
3019347,3916.6992518590673
3021129,4098.482956750103
3022911,3191.750021542793
3024693,3181.1765454424944
3026475,3498.141174341677
3028257,3264.372896013622
3001528,30.37706196682485
3003310,27.9843670333223
3005092,38.16229710776859
3006874,39.79973261901918
3008656,49.14508795187993
3010438,33.86057605573859
3012220,29.315823685286386
3014002,27.623183920498416
3015784,26.310338172814948
3017566,29.928092261446
3019348,38.35754773436256
3021130,41.58705375341136
3022912,27.627709986262033
3024694,27.713219645537464
3026476,28.923355947139896
3028258,27.46750581813954
3001529,2.2226099472205783
3003311,1.962998953707836
3005093,2.2237941449659195
3006875,3.798602598136115
3008657,4.321211037731126
3010439,1.9976167269913325
3012221,2.8378018434885335
3014003,1.855998085683624
3015785,1.6981501116207838
3017567,1.7304446246488123
3019349,3.1537543097774745
3021131,3.352225640963613
3022913,1.7956249300728138
3024695,1.9939651849998405
3026477,1.6801835444887143
3028259,1.6572113267573243
3001530,23.23712522954888
3003312,15.653561395373321
3005094,20.818523433813297
3006876,19.79602459249605
3008658,21.440881843607297
3010440,14.415089875619815
3012222,13.405889326742788
3014004,15.817262140671597
3015786,13.944107570510248
3017568,15.883606867397035
3019350,23.050266707145283
3021132,18.479620684577558
3022914,12.383569533902744
3024696,13.648677583211812
3026478,15.532850201683573
3028260,14.120206137321274
3001531,35.045088961447654
3003313,28.16511719621578
3005095,32.54266469462252
3006877,34.73473819386344
3008659,42.89615597653144
3010441,28.27938540883534
3012223,21.904540865213388
3014005,27.28375560610697
3015787,25.65199618342164
3017569,29.091194040251626
3019351,36.872421804098934
3021133,42.0496424614408
3022915,26.053054851919807
3024697,24.22068017897789
3026479,26.423853830245957
3028261,24.794727725786725
3001532,0.12220213435867627
3003314,0.08461814096712104
3005096,0.06946072279418379
3006878,0.10703922028923947
3008660,0.1471299176212836
3010442,0.12664298192432202
3012224,0.04301063716078904
3014006,0.027888148279108807
3015788,0.014639012873695916
3017570,0.014274526011102026
3019352,0.0257209952424389
3021134,0.031216921334992803
3022916,0.021386379756499513
3024698,0.022700348655740707
3026480,0.09172864592871842
3028262,0.07441496672701459
3001533,216.79419747920937
3003315,168.52605557648704
3005097,194.01029170218828
3006879,245.48039248239476
3008661,330.75115522453547
3010443,202.49507531565314
3012225,176.9866077549569
3014007,182.51096821853807
3015789,162.65427846022135
3017571,169.26613194410137
3019353,218.54455673740327
3021135,234.57506456883752
3022917,175.04782250224608
3024699,173.18914816330835
3026481,191.03731474495086
3028263,180.8414672015364
3001534,5.45618695886759
3003316,4.665124619791934
3005098,4.967337656398402
3006880,13.424807054751126
3008662,16.05046784288867
3010444,5.105630754503957
3012226,4.702856345150539
3014008,5.092564825303437
3015790,4.509226801230843
3017572,5.24302255251183
3019354,12.197008294157774
3021136,13.968060089898193
3022918,5.163368163296684
3024700,4.8508910007274215
3026482,4.905093180027052
3028264,4.865958369770458
3001535,46.351776200308784
3003317,28.355453967632787
3005099,44.53554227287583
3006881,53.227601692798224
3008663,45.855995059036
3010445,23.10035776233167
3012227,22.281122674788282
3014009,38.85810353455866
3015791,29.57648290973022
3017573,42.30496572366634
3019355,48.20898820766442
3021137,44.12693543320222
3022919,25.06194813590108
3024701,26.756385754089397
3026483,42.90913954960322
3028265,30.84191758358912
3001536,15.40551834940081
3003318,6.2414609248225075
3005100,7.745834457641023
3006882,11.290239279390319
3008664,11.840993860167027
3010446,5.98903128465177
3012228,5.259868955076013
3014010,7.316022358141218
3015792,7.224940464361173
3017574,8.151860449495375
3019356,13.02509722336925
3021138,13.458808703842562
3022920,6.910024464972996
3024702,6.821935888429311
3026484,8.31911888440352
3028266,8.021167167006213
3001537,143.67009607817386
3003319,114.39211644103989
3005101,151.50269896808948
3006883,195.42659911750067
3008665,107.54117430265268
3010447,47.38659296420534
3012229,54.1740971461054
3014011,88.06949014349145
3015793,72.69026653494382
3017575,103.44189381901406
3019357,122.07209332011762
3021139,83.86074799027743
3022921,44.708627763767254
3024703,56.56056794727569
3026485,70.29278042211332
3028267,66.50653131243666
3001538,4.050496399646358
3003320,4.105830373027867
3005102,4.566971130164945
3006884,8.653473938684444
3008666,8.844812320282367
3010448,4.587169603647536
3012230,3.5684783117829117
3014012,3.8673068519167573
3015794,3.7285770563247262
3017576,4.393921006387296
3019358,7.224848193323457
3021140,7.1108643139364816
3022922,3.8464198829988803
3024704,3.3598982230751044
3026486,3.3800731509482884
3028268,3.152191901151182
3001539,281.8468133375143
3003321,250.95031137529824
3005103,436.89111183915026
3006885,320.6879229314423
3008667,357.35852449704015
3010449,269.15652951125304
3012231,236.79654437593294
3014013,249.79345302862149
3015795,219.5935298246139
3017577,305.5684214678849
3019359,265.84698358076287
3021141,284.8716207280531
3022923,238.971376368477
3024705,239.42607954966078
3026487,258.37826056402884
3028269,239.8948417566013
3001540,263.71819650932434
3003322,196.82821800680617
3005104,228.60542954691377
3006886,271.35235953510306
3008668,384.26486676844996
3010450,229.15599432364516
3012232,214.8800433531326
3014014,210.3080252691658
3015796,169.55306450878743
3017578,188.03953361922808
3019360,241.7201302124424
3021142,262.8307593093304
3022924,207.6084544206242
3024706,211.690543813692
3026488,219.49016487389756
3028270,209.58682629488035
3001541,9.58732964385912
3003323,7.9416828028618776
3005105,9.258409220322084
3006887,13.655823591048815
3008669,15.190734120703945
3010451,8.731891882717136
3012233,7.8149519941552015
3014015,8.474590983791797
3015797,7.68737598106123
3017579,8.442847495272892
3019361,12.672334952390807
3021143,13.653866141747644
3022925,7.972348794008558
3024707,8.398828774295296
3026489,8.346192954816901
3028271,8.260085154385626
3001542,8.958645345567449
3003324,7.469947180388967
3005106,7.821905803470614
3006888,14.122696776035182
3008670,13.937738249031367
3010452,7.965665712918267
3012234,7.677233792169052
3014016,7.769286769605716
3015798,7.065440441391819
3017580,7.351271061220262
3019362,11.802955718849182
3021144,13.203652560181885
3022926,7.382839977775762
3024708,7.535617118958449
3026490,7.53633606880215
3028272,7.431193051506007
3001543,381.06136089091234
3003325,309.94773748472886
3005107,522.446485376376
3006889,420.61873413546573
3008671,547.3195531303262
3010453,374.7110542282109
3012235,339.77366764354133
3014017,329.63613156821754
3015799,287.57995261512013
3017581,370.4258074882584
3019363,350.4657299717863
3021145,384.675370203297
3022927,305.78250006269906
3024709,309.5788624655151
3026491,338.07811252387455
3028273,314.60437816563245
3001544,80.72893371632416
3003326,67.94104335883715
3005108,77.24126417358794
3006890,97.40372476823553
3008672,112.01711379447107
3010454,68.12573617765024
3012236,70.36915151531758
3014018,69.27719217250898
3015800,62.15254550843355
3017582,66.77912036887453
3019364,79.07413755661166
3021146,82.43393756799941
3022928,63.162311438854196
3024710,64.76257084853923
3026492,68.8507527899113
3028274,64.13962989396204
3001545,4106.62523536704
3003327,2009.1703096720337
3005109,2678.8369069960513
3006891,3111.948139315842
3008673,3632.341415427711
3010455,2485.869698247101
3012237,2089.8364781389523
3014019,3019.6536112684603
3015801,1849.49776148163
3017583,2252.164099502358
3019365,2709.0755230499763
3021147,2795.876082678277
3022929,2121.1838320144093
3024711,2095.7398523092256
3026493,3046.419717839066
3028275,1986.8613620668323
3001546,27.998547752082263
3003328,0.18301061047714343
3005110,0.08298325512944554
3006892,0.4956663536283634
3008674,0.7629935299287434
3010456,0.16666920842851937
3012238,0.0
3014020,0.2650191237517854
3015802,0.8383564419472315
3017584,0.8092626828173769
3019366,1.6264696043621043
3021148,2.251857785554821
3022930,0.9457253841089487
3024712,0.935053004064514
3026494,0.8943744370520684
3028276,0.9031035699107571
3001547,16.273020012874344
3003329,13.372535975583531
3005111,23.931671507547662
3006893,20.006966170836748
3008675,25.80881816862085
3010457,14.809763747535039
3012239,14.875121244983603
3014021,14.746707776790592
3015803,14.076300456769689
3017585,22.352690813590623
3019367,19.377826888898948
3021149,21.6339642627006
3022931,14.611195302418205
3024713,13.249357650620226
3026495,14.857846575240453
3028277,13.51351098378344
3001548,4.333427312618855
3003330,4.183278646709562
3005112,4.388711373785732
3006894,7.800308885501675
3008676,9.569265078346305
3010458,4.325378619142164
3012240,4.597478852910901
3014022,3.6507905984537175
3015804,3.660491523122218
3017586,3.8013661411942388
3019368,6.479257691744208
3021150,7.964152236314796
3022932,3.953385167656861
3024714,4.135351621073767
3026496,3.926640298644063
3028278,4.70463515445117
3001549,0.007505947077461403
3003331,0.00320792374692918
3005113,0.0001289917002471699
3006895,0.0019592272202831064
3008677,0.0036695160452985226
3010459,0.0015947260808307445
3012241,0.0009751404545345722
3014023,0.0
3015805,0.0
3017587,0.0
3019369,0.0016140668078417483
3021151,0.0012132898235156268
3022933,0.0
3024715,0.0012165262383708176
3026497,0.0012035719629551048
3028279,0.0073256312852914935
3001550,4.13900628448476
3003332,2.8034680553820146
3005114,1.166681649647537
3006896,4.5902916129296205
3008678,3.498765168941013
3010460,1.8706706273003764
3012242,3.5962182154904987
3014024,1.4979397403084302
3015806,1.735398591364716
3017588,1.926287377433031
3019370,3.501468116158904
3021152,5.440818981938584
3022934,2.031563665806131
3024716,3.392347771065044
3026498,2.704342196375615
3028280,1.8412121144033868
3001551,3003.8317918788143
3003333,3099.019734890842
3005115,3399.401316001205
3006897,4604.143000629715
3008679,5305.852525022518
3010461,2858.7174991480133
3012243,3181.7534508730328
3014025,2658.138836260982
3015807,2711.6432031261706
3017589,2799.7710794873387
3019371,3727.222123698302
3021153,3984.8073152770935
3022935,2745.9393365596393
3024717,3062.5172295906887
3026499,2875.418087305487
3028281,3227.9343174659784
3001552,0.007807328618653715
3003334,0.004399068760477977
3005116,0.00014827828113268807
3006898,0.0018013069586428117
3008680,0.004244350576178607
3010462,0.0010466266027750913
3012244,0.0006254442864850348
3014026,0.0
3015808,0.0
3017590,0.0
3019372,0.001317027759128825
3021154,0.0009166061930388805
3022936,0.0
3024718,0.00044298300740499354
3026500,0.0005777795520909453
3028282,0.007809521520702291
3001553,554.9607806194473
3003335,479.7825886568103
3005117,551.1856723385176
3006899,751.7697767620242
3008681,1108.4420763315563
3010463,521.5253584209937
3012245,604.9024072137386
3014027,486.3617725054899
3015809,493.2970054257191
3017591,499.9840419312373
3019373,632.784378826327
3021155,734.4620453088964
3022937,509.5220326763224
3024719,562.6022694289483
3026501,513.6624525357761
3028283,595.313657223042
3001554,10.748670637423325
3003336,10.555325305262206
3005118,13.901376398175628
3006900,20.569739270571848
3008682,11.56352729531504
3010464,4.998350031503321
3012246,5.008568818104438
3014028,9.346542013637238
3015810,10.100150274511206
3017592,12.363299196127967
3019374,17.583454339604852
3021156,11.628804517776937
3022938,6.698073166730378
3024720,7.970011644969678
3026502,9.088802475142371
3028284,11.684918334134688
3001555,922.0089201364841
3003337,891.641867066438
3005119,964.7242649828501
3006901,1559.8776228819586
3008683,1401.1587518462627
3010465,764.2663937394251
3012247,986.2023602285677
3014029,840.5155712917098
3015811,862.5160871638149
3017593,911.8935222281949
3019375,1142.8931380321833
3021157,1190.9178153700689
3022939,859.8892033911965
3024721,989.4677925692732
3026503,933.9579882262548
3028285,1098.639624726154
3001556,883.3828844270456
3003338,624.4564636632898
3005120,714.1342403907867
3006902,979.2546573889581
3008684,1417.2570781628883
3010466,693.8237158068742
3012248,847.1901945417025
3014030,679.7966846028613
3015812,613.3581309391913
3017594,609.9889772971804
3019376,803.2797798585378
3021158,868.4895730560847
3022940,632.8711951959491
3024722,705.4245127911798
3026504,731.1584122400567
3028286,744.6889606910034
3001557,335.70932021248024
3003339,284.5800994980145
3005121,403.94557536648045
3006903,416.88855031750546
3008685,508.1180441055138
3010467,254.34678318520943
3012249,318.40888374527293
3014031,254.63713533114904
3015813,265.3418212434526
3017595,307.6638583833046
3019377,342.7223849454269
3021159,371.23351240329436
3022941,276.13152897311494
3024723,299.35251202473984
3026505,279.13611688795805
3028287,326.5811614941792
3001558,200.70460221048484
3003340,188.22640651620165
3005122,182.63852691190587
3006904,294.955420464232
3008686,346.3347950847542
3010468,323.1624448808007
3012250,252.88027197023655
3014032,175.13988653737587
3015814,183.87354883371685
3017596,168.77055853517086
3019378,242.05989561203947
3021160,279.71595706696576
3022942,278.47824078251267
3024724,217.70039927174767
3026506,189.6630381764818
3028288,214.83204274927235
3001559,60.480774412541386
3003341,54.92357089463511
3005123,71.64315810416518
3006905,122.47807118567614
3008687,76.91324840107463
3010469,35.65845164180243
3012251,50.689489249320786
3014033,47.43446871504944
3015815,51.572123582589235
3017597,60.21806868919541
3019379,98.41476459076313
3021161,69.74069818147603
3022943,40.19205621063231
3024725,52.02257829538589
3026507,50.01298227813415
3028289,55.452011762880936
3001560,4596.995020010166
3003342,4809.896696264826
3005124,5368.181813744013
3006906,8450.512601992576
3008688,9303.030851275262
3010470,4919.434173706239
3012252,4713.632498383525
3014034,4332.86625866413
3015816,4475.409479088151
3017598,4563.040253104636
3019380,6019.177799812639
3021162,6315.932437436791
3022944,4578.764804513557
3024726,5024.33482136054
3026508,4780.873924415154
3028290,5478.691140278024
3001561,13.358942115966315
3003343,14.046061301363965
3005125,15.98135215945483
3006907,25.43305247070998
3008689,31.748067132285808
3010471,12.89136333298864
3012253,14.505001671785037
3014035,13.86349004454218
3015817,14.483109905421083
3017599,17.80032878133293
3019381,24.43064613985102
3021163,27.170584055177756
3022945,14.217951174089242
3024727,15.669180356964228
3026509,14.632755129179197
3028291,16.589357816722874
3001562,0.5276725961626693
3003344,0.5632532629375008
3005126,0.5247317335168328
3006908,0.8855786536496106
3008690,1.0431377078493735
3010472,0.17955042797092902
3012254,0.1988233839109228
3014036,0.47031231844580423
3015818,0.4735120332646537
3017600,0.4640782402547691
3019382,0.7790638409044773
3021164,0.9186422359094774
3022946,0.3858940439674372
3024728,0.4114249352267159
3026510,0.5082772517331796
3028292,0.5980606554979734
3001563,32.07603763577006
3003345,27.79368315945116
3005127,28.952932367236325
3006909,36.96228022929992
3008691,44.34622634841211
3010473,28.653427618959544
3012255,28.48961287846222
3014037,21.837035379363098
3015819,23.242072113279928
3017601,22.631921275652804
3019383,34.79320371314671
3021165,35.60740113417651
3022947,21.196472217933845
3024729,22.77724919179316
3026511,24.93218282700042
3028293,28.514089343683665
3001564,21.573614571896414
3003346,14.599778873994117
3005128,15.94021833480079
3006910,21.887898890701653
3008692,23.5153410656213
3010474,13.546602675512977
3012256,13.256566662099281
3014038,11.02989186096682
3015820,13.875455446384956
3017602,15.534222096712796
3019384,20.90403366516286
3021166,23.25468978303216
3022948,14.76568436101239
3024730,15.34716098433403
3026512,14.754673872100357
3028294,16.051283555683646
3001565,0.5048172035695405
3003347,0.43925323051049947
3005129,0.36500892377799526
3006911,0.5692042176342105
3008693,0.7742853860052517
3010475,0.4378232977294339
3012257,0.5090528382862745
3014039,0.35497565304540935
3015821,0.39344023096941005
3017603,0.4035129222258458
3019385,0.705691079447451
3021167,0.8268581140365088
3022949,0.4580789333262945
3024731,0.5450683336826962
3026513,0.49602680036521973
3028295,0.6637375414312503
3001566,250.52284444612508
3003348,215.80107382629106
3005130,214.51102988929446
3006912,330.9189818567027
3008694,400.98791345992987
3010476,203.11420062050126
3012258,252.44428530029208
3014040,195.00363383451426
3015822,194.41140187949017
3017604,192.36741646448823
3019386,262.93930643230624
3021168,285.3904615180063
3022950,202.53122935791706
3024732,231.0192510418007
3026514,211.4612100790135
3028296,247.36772882784382
3001567,0.013903466749235613
3003349,0.0069834228785078225
3005131,0.005098929514220375
3006913,0.0
3008695,0.004494971337575851
3010477,0.007149363855935523
3012259,0.005503614926268288
3014041,0.0034855573782035265
3015823,0.0030543588020157802
3017605,0.0024536940620031164
3019387,0.0
3021169,0.004094553119905287
3022951,0.0010587917116276614
3024733,0.003055870688736651
3026515,0.0033070460622780444
3028297,0.007572268416916306
3001568,15.318086587286167
3003350,3.31211862658313
3005132,4.7357979807701165
3006914,7.6279748488329515
3008696,6.601902187886103
3010478,2.9131920945993066
3012260,4.685584484655208
3014042,3.303181936493862
3015824,4.0013490150877775
3017606,5.020373301506158
3019388,8.34406316020271
3021170,7.280869574284973
3022952,3.092996802692499
3024734,5.71389154400998
3026516,3.675809632598252
3028298,4.126765908328188
3001569,7.741235284406446
3003351,3.1162219001650318
3005133,3.210252672741037
3006915,4.840383201803552
3008697,5.937958528369809
3010479,3.119845987351829
3012261,3.5657085614155197
3014043,3.068438067641869
3015825,3.4276962423438424
3017607,3.422035907064737
3019389,6.030409678464447
3021171,6.561716961957849
3022953,3.5183210239440004
3024735,3.9650728677551936
3026517,3.645566744222492
3028299,3.945055597682956
3001570,48.09991358899239
3003352,35.497013980347496
3005134,49.812217853464
3006916,66.41681956700792
3008698,29.57325151266559
3010480,10.918697129340423
3012262,22.427507863637956
3014044,34.865459917452625
3015826,31.014994850680647
3017608,50.70384725423387
3019390,53.43330689019215
3021172,23.83157073954642
3022954,10.489158829849416
3024736,15.17893576078698
3026518,21.984464895036027
3028300,26.857565450283886
3001571,1.0765934283553604
3003353,1.0228749874833476
3005135,0.9644469797035445
3006917,1.8964868561112749
3008699,1.8517685048590546
3010481,0.9291216815042125
3012263,0.9695019743084288
3014045,0.8421965419171094
3015827,0.7723707155286155
3017609,0.7902398133391951
3019391,1.4424350429720711
3021173,1.5459713650523852
3022955,0.7244187558485041
3024737,0.8016999537873621
3026519,0.6909088904785631
3028301,0.7765679266988043
3001572,193.4237372007318
3003354,271.6289441950625
3005136,156.47647111700383
3006918,219.03822161346955
3008700,243.99461632630747
3010482,145.52935691851027
3012264,197.5386123763652
3014046,157.62068474559274
3015828,232.6098049199885
3017610,153.63067308653174
3019392,212.65083690114605
3021174,227.3547893772301
3022956,167.31565672446888
3024738,188.5744397922803
3026520,171.49726996515108
3028302,268.8368717593008
3001573,385.26344809868147
3003355,229.09294114316356
3005137,256.5262726582742
3006919,363.8488864982948
3008701,424.0300575294605
3010483,274.10413853346887
3012265,330.0073764779299
3014047,238.44273443025398
3015829,227.1306023750494
3017611,226.37838637134618
3019393,313.3263124751763
3021175,345.284454861629
3022957,250.31809205397508
3024739,282.70702210084374
3026521,257.18423983290637
3028303,310.7580217807462
3001574,4.021625544395763
3003356,3.7690658289743495
3005138,3.5076850527462997
3006920,6.282951832555682
3008702,7.219909156051675
3010484,3.4973766021899046
3012266,3.1856401563787577
3014048,3.5151949259578195
3015830,3.454112637570494
3017612,3.376292097151533
3019394,6.162181773754315
3021176,6.689179149847682
3022958,3.55680142000404
3024740,3.6314037400860584
3026522,3.792539658201696
3028304,4.237013888605446
3001575,3.707536448354858
3003357,3.67267426997225
3005139,3.380692711951273
3006921,5.828890787541873
3008703,7.17643786601204
3010485,2.7696388664912295
3012267,2.5323957348892017
3014049,3.300073666016868
3015831,3.458345521748621
3017613,3.507428472071511
3019395,6.29706309623844
3021177,7.010109773911676
3022959,3.263607425892736
3024741,3.4652413036812404
3026523,3.654544349984142
3028305,4.3502870695138
3001576,188.8069587217982
3003358,171.38659842471074
3005140,240.1921344960564
3006922,258.9616879233278
3008704,285.79408342147275
3010486,131.22167512825354
3012268,173.66691206927297
3014050,157.53099913826466
3015832,170.90075310056758
3017614,191.79230636959775
3019396,216.95826616026693
3021178,236.9323498441319
3022960,159.51187936197087
3024742,182.37841722417235
3026524,170.05194687253598
3028306,197.85716906482898
3001577,68.96578295114921
3003359,63.53911803431638
3005141,78.79323698188374
3006923,90.37059139658477
3008705,119.1355370978426
3010487,72.12419438239031
3012269,76.88472718915578
3014051,64.72422938742835
3015833,69.52012316566656
3017615,70.47444103000008
3019397,93.86035638970208
3021179,101.56694852373874
3022961,72.5271140428971
3024743,78.59648945063725
3026525,67.80885278920748
3028307,79.35527010280288
3001578,2112.6764211518207
3003360,1169.4415246469089
3005142,1350.412545389641
3006924,1908.7827344357836
3008706,2110.497736782754
3010488,1276.1053902659453
3012270,3075.590804262393
3014052,1323.083534484476
3015834,1445.8408327988802
3017616,1483.3593941592696
3019398,1998.2366665566633
3021180,2093.632748018513
3022962,1470.324490960694
3024744,2848.389871997088
3026526,1436.9830801896876
3028308,1669.6674864097974
3001579,23.25113890948859
3003361,0.45734216208419465
3005143,0.4040811359718788
3006925,1.0382718925805727
3008707,1.5022338758323184
3010489,0.5359995112135316
3012271,0.3454164693125627
3014053,0.4790475154341321
3015835,1.304326424070233
3017617,1.157009955924167
3019399,2.2903785198061786
3021181,2.996507405262143
3022963,1.2401788088431058
3024745,1.2732657191068677
3026527,1.2969585160126542
3028309,1.5218504087136395
3001580,3.499608352302966
3003362,2.830090075096297
3005144,2.31563534951724
3006926,8.86449643494559
3008708,5.610722918163462
3010490,3.6182101762917127
3012272,5.154840326965111
3014054,2.7550654017820153
3015836,2.7341500184663357
3017618,2.6180473314714443
3019400,6.892589034427568
3021182,5.490937039174594
3022964,3.280230798247814
3024746,3.830843294663154
3026528,2.9066856857101246
3028310,3.109607697806215
3001581,4.528740905968472
3003363,4.3765416132930435
3005145,4.3802733628406045
3006927,7.6113257431861685
3008709,7.4665905931778775
3010491,3.9966928440908993
3012273,4.250739255690139
3014055,4.125291682373049
3015837,4.093335773970956
3017619,4.57220554339884
3019401,7.302951736359415
3021183,7.163987063151018
3022965,3.8588458025644363
3024747,4.152428484693621
3026529,4.338858769162653
3028311,4.89271730550792
3001582,0.2701464587413205
3003364,0.287915729165068
3005146,0.29718981500121233
3006928,0.530769689740807
3008710,0.6306432790452496
3010492,0.37134063780743815
3012274,0.14904962522654755
3014056,0.36040684464463385
3015838,0.27371724564480887
3017620,0.30477163928232415
3019402,0.5742373332159169
3021184,0.6042961229397131
3022966,0.2997751192356756
3024748,0.25726129423074134
3026530,0.29119576259148766
3028312,0.3724719930570197
3001583,4.610096194352209
3003365,3.2768048005518757
3005147,2.9556659610201503
3006929,3.1184394670783404
3008711,3.6569766081398356
3010493,1.8914814702777711
3012275,3.802283504031513
3014057,3.0325537545950323
3015839,1.6322795004272674
3017621,3.1620233452208772
3019403,3.6814358229532362
3021185,3.994130113686482
3022967,2.318936293347818
3024749,2.5381380763448447
3026531,2.3087980027525363
3028313,2.565491825524562
3001584,3143.205551629579
3003366,2509.290714513248
3005148,3160.389551824015
3006930,3626.6241666656065
3008712,4816.427348213875
3010494,2661.8966336924004
3012276,3170.8495574671465
3014058,2747.4098624737567
3015840,2700.3110342542955
3017622,2874.9129873335332
3019404,3660.6669261441693
3021186,3893.358172414441
3022968,2795.750471822232
3024750,3073.829588148606
3026532,2916.8062803647376
3028314,3205.0149917936524
3001585,0.0042871772522380365
3003367,0.0034815309929442603
3005149,0.001700143120381582
3006931,0.0036436411230855357
3008713,0.007635536728260588
3010495,0.003778120182307724
3012277,0.0008964168636030574
3014059,0.0
3015841,0.0
3017623,0.0
3019405,0.0025562122125521937
3021187,0.0030134991353391346
3022969,0.0
3024751,0.00019206982409582547
3026533,0.0
3028315,0.0031640365949956507
3001586,667.9393814368045
3003368,556.9584278239209
3005150,620.0120860294406
3006932,836.0561449382081
3008714,1325.754545278668
3010496,725.0254814569435
3012278,874.1831981733209
3014060,590.4875760974165
3015842,588.4826579596139
3017624,590.587153946466
3019406,716.4649826582194
3021188,844.4605646622796
3022970,610.1902927932105
3024752,652.6355993190708
3026534,610.3018642869162
3028316,686.3425917525719
3001587,10.532309323564979
3003369,9.569533020300698
3005151,11.87406456814549
3006933,17.49526116045474
3008715,10.963396738625596
3010497,7.002026720691801
3012279,10.610982974508884
3014061,8.663160172088176
3015843,9.328331148236005
3017625,11.56033510654691
3019407,15.651815511022491
3021189,10.833513603811218
3022971,7.306295897973585
3024753,9.050679664812876
3026535,9.230107354945927
3028317,9.91259802368243
3001588,915.9315569768379
3003370,729.6675423081678
3005152,891.1281962350286
3006934,1051.0630005357034
3008716,1321.122985353344
3010498,792.59186385089
3012280,913.3406343221073
3014062,745.7360599189561
3015844,752.1210148686027
3017626,776.2412351128328
3019408,921.2321856229504
3021190,954.7801331908832
3022972,769.0747866617477
3024754,829.7699472547976
3026536,794.5242894495032
3028318,920.9799720851291
3001589,746.5023029782196
3003371,513.3528848020055
3005153,587.653560638608
3006935,770.495329459948
3008717,1139.0147937026675
3010499,585.9225773928371
3012281,648.9723354552103
3014063,618.3293137806492
3015845,528.4274196493941
3017627,545.9976415083993
3019409,689.9063670077688
3021191,740.3965405449384
3022973,558.9610872287271
3024755,607.8911318674062
3026537,659.6823845550817
3028319,632.5072908710663
3001590,295.4885676669001
3003372,223.57708069491824
3005154,306.5806441316361
3006936,281.40524763831235
3008718,430.7284290367796
3010500,258.47784252314784
3012282,298.77738245234764
3014064,219.23423406324252
3015846,220.70193834218344
3017628,258.89384991852154
3019410,274.4105651328055
3021192,299.0098185546126
3022974,236.66723971473198
3024756,257.4777806573937
3026538,237.09520551048456
3028320,276.3800746865481
3001591,184.19652264791918
3003373,189.10721833189578
3005155,171.00698394080473
3006937,271.18630990628685
3008719,351.98495779596254
3010501,411.942023815347
3012283,240.53394984965612
3014065,182.72445893075178
3015847,185.07454274657366
3017629,171.1089215341361
3019411,232.6987544701758
3021193,261.62028448725283
3022975,297.3085420286586
3024757,213.58663270787653
3026539,195.88025667943404
3028321,209.88423073842603
3001592,66.60111798970384
3003374,63.32721926313354
3005156,79.87016140127396
3006938,156.43688549695733
3008720,71.8377072672571
3010502,46.00156923399059
3012284,56.577802267658626
3014066,53.45170863707645
3015848,55.27900315913323
3017630,60.55361755025604
3019412,95.41846115930161
3021194,62.17034968897925
3022976,44.48349039262144
3024758,55.99886444728986
3026540,52.94754065069859
3028322,59.189032592501576
3001593,3898.9489235634305
3003375,3370.489064063818
3005157,3535.6711054549282
3006939,4626.888189274858
3008721,5771.937742147661
3010503,3500.4903121670654
3012285,3837.9347539002215
3014067,3186.6280120371343
3015849,3220.6661136529997
3017631,3300.975634385239
3019413,4153.57540467144
3021195,4430.849427709689
3022977,3313.456180708746
3024759,3651.2608665253297
3026541,3455.8633029118705
3028323,3888.283123715282
3001594,14.899254945944536
3003376,13.326427368960353
3005158,15.383064196777449
3006940,21.459281449946022
3008722,27.543994900076232
3010504,13.525353445650339
3012286,14.82436921130199
3014068,12.44547198667816
3015850,13.112964596933265
3017632,15.488133693332273
3019414,20.63088173030686
3021196,23.94086398224108
3022978,13.28462525937666
3024760,14.773816668227235
3026542,12.652805859363859
3028324,14.121927435903563
3001595,0.9080806401829328
3003377,0.9219782547826684
3005159,0.8988040735673924
3006941,1.7467527407257653
3008723,2.0877681122426854
3010505,0.9771060876361654
3012287,1.0872078117294692
3014069,0.8688495836991144
3015851,0.9028299340856653
3017633,0.9171347230799375
3019415,1.7319510695315996
3021197,1.9994930769698982
3022979,0.9648331296065665
3024761,1.1032729584434036
3026543,0.9364151578797623
3028325,1.062435422917094
3001596,26.389205462216363
3003378,24.33390465828943
3005160,26.50244860612617
3006942,38.332444188267715
3008724,43.171012784915625
3010506,25.222910581867396
3012288,24.78962833863478
3014070,21.326046901335996
3015852,25.582370731941896
3017634,23.398052251185174
3019416,32.637660789795234
3021198,33.156136439601056
3022980,25.87779168884116
3024762,24.885811689697988
3026544,22.17953812740753
3028326,23.742194943874264
3001597,23.98400249420024
3003379,14.768906105523328
3005161,14.292356406990999
3006943,27.18641284705268
3008725,25.58653434566401
3010507,13.06381588862328
3012289,13.707527670493414
3014071,14.216329871681339
3015853,13.094869288494218
3017635,16.61538688104297
3019417,23.027842528725703
3021199,28.491981321103584
3022981,13.356308461485375
3024763,17.42626633387198
3026545,18.655711726014506
3028327,19.785449216108635
3001598,0.027962017601968366
3003380,0.00038172154905372334
3005162,0.006867854478018613
3006944,0.0015238591775972215
3008726,0.08090976906656418
3010508,0.1102724745972214
3012290,0.002953119339883891
3014072,0.007226229706529197
3015854,0.0
3017636,0.0
3019418,0.0007565561351063809
3021200,0.00261727967876265
3022982,0.0001723327424378741
3024764,0.00118416984555195
3026546,0.00014974234207912115
3028328,0.0006924778213013798
3001599,241.51248233207914
3003381,212.46502563646064
3005163,210.98672527874442
3006945,291.0284242611561
3008727,382.3491372694355
3010509,235.09044489487542
3012291,240.65341693443182
3014073,198.23200740013957
3015855,198.88446093382038
3017637,193.5177166010687
3019419,251.99186652033245
3021201,274.8843915326417
3022983,206.90515662705084
3024765,226.3891101583812
3026547,213.67651909138718
3028329,242.3618532258727
3001600,0.0004230410494709042
3003382,0.0
3005164,0.0
3006946,0.0
3008728,0.0028265514255943606
3010510,0.002647148760696672
3012292,0.0011277215147703211
3014074,0.0
3015856,0.0
3017638,0.0
3019420,0.0
3021202,0.0006023059390477787
3022984,0.0
3024766,0.0
3026548,0.0
3028330,0.0
3001601,14.691917177471582
3003383,2.4320004236759685
3005165,2.5918915760799934
3006947,4.136043137425325
3008729,3.76611599354761
3010511,1.64263037381611
3012293,6.891191962357634
3014075,2.3336228889225663
3015857,3.4544768471295835
3017639,4.112255490079487
3019421,6.212847739954211
3021203,5.364018110771812
3022985,2.9992276876315587
3024767,8.340817126408611
3026549,3.6326241112370585
3028331,4.045475236588882
3001602,9.164909102760026
3003384,3.4265987448296116
3005166,3.1888235118375534
3006948,5.917113580939115
3008730,5.528792789349239
3010512,2.5011125225361925
3012294,2.8438848662444314
3014076,3.677045290989316
3015858,3.994843835169773
3017640,3.9926316883715707
3019422,6.901781159439966
3021204,6.976510059450735
3022986,3.6457487795304018
3024768,4.095885188722326
3026550,4.221719163806008
3028332,4.753341880210383
3001603,82.21996486760325
3003385,53.2748289097986
3005167,79.5300858431079
3006949,122.30593907522116
3008731,46.41570530407122
3010513,24.16251349799889
3012295,33.387369759101865
3014077,38.60276339651051
3015859,46.02246240288495
3017641,58.06220837034643
3019423,75.5997345951826
3021205,45.38798173388437
3022987,21.834551170037344
3024769,32.79439587305823
3026551,39.39748362564756
3028333,39.18674539952466
3001604,1.6139441716519636
3003386,1.3431483083112188
3005168,1.3370876164276713
3006950,2.3175755537560847
3008732,2.52528802578725
3010514,1.4619751244203947
3012296,1.9060725746083556
3014078,1.0582891633673042
3015860,1.1152627217990232
3017642,1.039821906295763
3019424,1.824025524715949
3021206,1.9862376261755426
3022988,1.0945367732737423
3024770,1.2902869744405312
3026552,0.8281509667528715
3028334,0.9584717912668914
3001605,114.07701753117836
3003387,154.2112294097689
3005169,100.41116934195499
3006951,115.01119953608564
3008733,164.72918846084016
3010515,109.99371791275632
3012297,117.33658559697187
3014079,98.8625172535119
3015861,146.00297105709944
3017643,96.77839792705787
3019425,121.56424164443077
3021207,130.07280440895673
3022989,106.32622493004298
3024771,114.4533962260867
3026553,105.47619629758167
3028335,164.27541626110022
3001606,224.54610470960316
3003388,183.20098905704307
3005170,185.97983001957277
3006952,265.5019606777333
3008734,334.9694628300205
3010516,195.14690325967638
3012298,206.11964400574007
3014080,184.42494618468436
3015862,180.15870534492953
3017644,178.3419885247985
3019426,247.15662114809018
3021208,267.1255980013022
3022990,190.8415292672802
3024772,205.5400402052156
3026554,194.24685613115022
3028336,215.9702884434848
3001607,2.5068398373062455
3003389,3.406778538509896
3005171,3.3111840371889887
3006953,5.6521897135413255
3008735,5.630035573102128
3010517,2.1633791163371385
3012299,0.6877296924954357
3014081,3.241247602358398
3015863,3.306127100625227
3017645,3.2747319096645326
3019427,5.350535006709926
3021209,5.550775524717949
3022991,3.0837714325838674
3024773,3.1330342870782766
3026555,3.2470706219597383
3028337,3.857408839307747
3001608,4.129459667850995
3003390,3.958023097057628
3005172,4.360163887722962
3006954,7.052018076974531
3008736,7.282185908953113
3010518,3.562810934607647
3012300,3.519696743560287
3014082,3.7397314414262106
3015864,3.880679897210134
3017646,4.134448115841505
3019428,6.575386999234808
3021210,7.018627181166695
3022992,3.6709895920031563
3024774,3.9096419853393685
3026556,4.181906947678379
3028338,4.37589206756243
3001609,156.44512755110864
3003391,146.7410146977376
3005173,215.25905203967386
3006955,203.75024127484835
3008737,248.326287733685
3010519,145.7860179624806
3012301,158.20869085664947
3014083,155.9532908298819
3015865,164.27213294751084
3017647,202.64482339314438
3019429,209.47782660049907
3021211,224.33316091495863
3022993,162.08488783427333
3024775,176.50617314291674
3026557,165.12310315659673
3028339,187.20587483485346
3001610,68.09396931201748
3003392,57.83004702189297
3005174,62.86334695953682
3006956,82.98595908055529
3008738,94.47140643976365
3010520,60.781567655809376
3012302,71.77168192345987
3014084,55.643576126481186
3015866,57.97231199966084
3017648,63.18792240262635
3019430,73.64239226565864
3021212,77.78773411080401
3022994,59.586308861574686
3024776,64.12059581129147
3026558,57.41085978069206
3028340,63.85194478331588
3001611,1654.876268664699
3003393,797.9194889739065
3005175,892.1792600603794
3006957,1288.0480892335215
3008739,1654.2513280588737
3010521,1048.2865486175272
3012303,2729.754324124626
3014085,1050.0262626278613
3015867,1104.381395447809
3017649,1194.977667342685
3019431,1490.069781097847
3021213,1553.5620274533296
3022995,1173.9230562607547
3024777,2136.3033022387626
3026559,1108.8896082735419
3028341,1250.305337590046
3001612,24.864338487353425
3003394,0.23933011558296471
3005176,0.08939478435163484
3006958,0.6242470590531175
3008740,0.8597486663697019
3010522,0.27271436985167913
3012304,0.0
3014086,0.2687922446292397
3015868,1.1892581382443115
3017650,0.9886699251363082
3019432,1.9723140955540923
3021214,2.5871002857159198
3022996,1.1746694850935804
3024778,1.1306701950590805
3026560,1.1009439656739068
3028342,1.2412558925385377
3001613,5.33351622368901
3003395,5.289107401240325
3005177,5.375129149333655
3006959,10.455591631281672
3008741,9.385968520850625
3010523,5.3354307820526214
3012305,4.187893119726798
3014087,4.847606318437217
3015869,4.819100672111059
3017651,4.68531729562831
3019433,10.396098870858877
3021215,9.250879129532668
3022997,5.153716841528511
3024779,5.061957589821042
3026561,5.206303937950258
3028343,5.366683119959852
3001647,2.6522747542092646
3003429,2.4312950976052305
3005211,2.34235939648585
3006993,3.248662549675742
3008775,3.343975406324453
3010557,2.641735490645211
3012339,2.638607723137147
3014121,2.5597779327301633
3015903,2.4617444542474494
3017685,2.221940240629055
3019467,3.1456004954110064
3021249,2.950109401903696
3023031,2.326370625937184
3024813,2.3861066275657983
3026595,2.3694440178750344
3028377,2.5822192679694846
3001648,0.24659181353146745
3003430,0.260482024686195
3005212,0.2568764771631227
3006994,0.34606048144135904
3008776,0.4224649518727877
3010558,0.09045598986684285
3012340,0.0908320119411124
3014122,0.25040943931054477
3015904,0.26159352995642277
3017686,0.25037389265209314
3019468,0.2965068876287065
3021250,0.34291405752402543
3023032,0.2039392423184472
3024814,0.17864332370304795
3026596,0.21659702679459888
3028378,0.25816607377259043
3001649,4.504652024212807
3003431,0.280440379432045
3005213,0.2786875972989446
3006995,0.34878852104025326
3008777,0.07468099518959057
3010559,0.06835741474002636
3012341,0.04732233936247172
3014123,0.21885744987533848
3015905,0.3216480117583016
3017687,0.3231825760901487
3019469,0.4183380048006342
3021251,0.2915159079933124
3023033,0.26469565572363396
3024815,0.2578447707492593
3026597,0.38270470214997215
3028379,0.46405050644398643
3001650,2141.06423121875
3003432,1383.9890935451265
3005214,1371.6987539115132
3006996,1738.381744736523
3008778,1769.7393301780028
3010560,1506.2196008744884
3012342,1879.5130422390614
3014124,1211.3163580080025
3015906,1215.5285994189135
3017688,1232.245385184974
3019470,1384.2537478424854
3021252,1379.5761413882228
3023034,1233.052476915513
3024816,1280.393663984193
3026598,1274.4872300550812
3028380,1400.9462322252105
3001651,0.006118610071195049
3003433,0.008379632232958177
3005215,0.002256274854611339
3006997,0.0
3008779,0.0032654554247860067
3010561,0.0071736016950208524
3012343,0.005868641313573096
3014125,0.002076773715391077
3015907,0.004908461595202321
3017689,0.00027794143600003504
3019471,0.0
3021253,0.001625937261152664
3023035,0.0023728768567584505
3024817,0.0062089650033841275
3026599,0.004439660123655451
3028381,0.010441423702252142
3001652,189.49330283127395
3003434,160.42210210376453
3005216,143.4754606166742
3006998,192.05488661763647
3008780,226.75101427453816
3010562,166.77955176434736
3012344,171.23578357883585
3014126,152.4030455951731
3015908,148.81828790313236
3017690,137.62269555369866
3019472,166.62301987439824
3021254,194.71110770037254
3023036,156.48112133268262
3024818,161.37161690092975
3026600,152.64422978189552
3028382,170.57322124287361
3001653,4.295483067012905
3003435,4.347942014676316
3005217,4.532425962364564
3006999,6.113620255985862
3008781,4.834847632076131
3010563,3.5090511213594056
3012345,3.5929731803089813
3014127,3.7897522199022635
3015909,4.051908206329581
3017691,4.531591458931554
3019473,6.231133754429213
3021255,4.266009088488995
3023037,3.4345848856494485
3024819,3.849418657234841
3026601,4.101441488037513
3028383,4.593003923938014
3001654,616.9591894852365
3003436,491.4172566016855
3005218,447.13167549442045
3007000,512.2422739221834
3008782,589.3487226444418
3010564,472.3071839348689
3012346,684.930901449759
3014128,447.60793701707934
3015910,457.86067094383367
3017692,460.0557047009015
3019474,516.0291295627529
3021256,500.15988589474796
3023038,464.24128983205327
3024820,535.2740483532513
3026602,475.77977997101016
3028384,561.4917691075467
3001655,339.8161846839047
3003437,227.32491989740598
3005219,221.95297447406685
3007001,291.95277690416884
3008783,298.2824927519735
3010565,254.22454023026748
3012347,284.85140431346963
3014129,267.2522264327842
3015911,220.24243307184193
3017693,213.28547475224855
3019475,253.82360806879652
3021257,258.2215512173636
3023039,224.11122813488547
3024821,237.8052031798088
3026603,279.5705461288181
3028385,255.93648543586582
3001656,144.42991087238727
3003438,105.74022081010138
3005220,130.35946690593005
3007002,130.68095316731376
3008784,127.3162771211678
3010566,107.20079603123162
3012348,127.83422428292515
3014130,93.83253330408746
3015912,96.27102901109727
3017694,109.10687057030856
3019476,110.29840639362499
3021258,108.37060252987543
3023040,99.18033090319011
3024822,102.95591630615714
3026604,96.45218808207089
3028386,107.4160287286531
3001657,111.31393321127804
3003439,107.22461346448125
3005221,118.5289045456248
3007003,148.09665542820684
3008785,180.17307225873006
3010567,223.5696361838296
3012349,109.61007442508402
3014131,117.97281308950453
3015913,119.05878621113818
3017695,112.42761133071049
3019477,133.1627490496946
3021259,136.89017598921825
3023041,181.44736585644148
3024823,122.49882273896822
3026605,123.25850485454679
3028387,131.8510309593076
3001658,44.09628210209982
3003440,43.15452024944975
3005222,55.16962121858939
3007004,82.35143937759189
3008786,37.28269503545183
3010568,35.67901575951705
3012350,39.6271483378437
3014132,40.116688479454346
3015914,44.427541757796156
3017696,47.58405428728009
3019478,71.58483475843796
3021260,45.1721479025766
3023042,37.2756044865516
3024824,43.0520841060304
3026606,42.125884630997795
3028388,49.36694278724038
3001659,2413.58312867543
3003441,2133.5706647254706
3005223,1988.7624324535893
3007005,2312.10481143375
3008787,2353.9318661516686
3010569,2160.5442827031966
3012351,2433.0255592092713
3014133,1814.6525924260598
3015915,1846.6372885691724
3017697,1864.0039457283704
3019479,2035.6957861060066
3021261,2068.350260911789
3023043,1837.214113264415
3024825,1999.422135301708
3026607,2017.7067092770237
3028389,2171.8260578410923
3001660,4.410727353983339
3003442,5.2586318348981935
3005224,5.883342816165542
3007006,7.12687740459829
3008788,10.187309037867657
3010570,5.522572927615801
3012352,4.643550062027679
3014134,4.565636456162336
3015916,4.887467305602793
3017698,5.130466789103477
3019480,6.4133276771204715
3021262,7.527400979152226
3023044,5.033798232637854
3024826,4.799733824862966
3026608,5.206536182655842
3028390,5.6921983132172365
3001661,0.3188529222273025
3003443,0.36065212055699475
3005225,0.38319907781141344
3007007,0.5265932250452485
3008789,0.38924609735359655
3010571,0.15650789608466056
3012353,0.16064936465818971
3014135,0.3209529911415672
3015917,0.33704150482142886
3017699,0.3318838616908806
3019481,0.4262561059731828
3021263,0.3870488984576474
3023045,0.24587513263945426
3024827,0.25460894800945916
3026609,0.3183161573736735
3028391,0.374839299438261
3001662,15.326266167922162
3003444,13.525463979333567
3005226,11.518462681745453
3007008,14.538408363221441
3008790,14.942953326097467
3010572,12.416221765963504
3012354,10.269730841986949
3014136,11.953472246113167
3015918,12.842095252644832
3017700,13.351099717036982
3019482,16.524347722362364
3021264,11.866057929528557
3023046,9.943131241531809
3024828,12.40240867177438
3026610,10.563210697995734
3028392,14.170975768030845
3001663,14.059740897112706
3003445,7.774260102648228
3005227,7.18085033962232
3007009,5.904082569632714
3008791,5.545959307245447
3010573,6.913629444009952
3012355,7.197182093724034
3014137,4.592771545114934
3015919,5.479377179540758
3017701,5.659729715808477
3019483,7.370962049207907
3021265,7.068589704413935
3023047,5.521428059869419
3024829,6.180685789318107
3026611,5.6959234346408465
3028393,8.39657387376909
3001664,0.025293916318954047
3003446,0.02227768555750072
3005228,0.011459552444547076
3007010,0.011228777248626991
3008792,0.09418900450341024
3010574,0.10408865959254214
3012356,0.026820566887129516
3014138,0.01822395742805012
3015920,0.019949358151951074
3017702,0.008683985390840128
3019484,0.011172586802403657
3021266,0.014002645038500258
3023048,0.0180118053704684
3024830,0.02345556375104657
3026612,0.031953174955492235
3028394,0.03864812895169419
3001665,173.3708229191187
3003447,159.94673538167913
3005229,119.7954966573991
3007011,201.97411602721863
3008793,145.05859869512167
3010575,124.96962841319919
3012357,143.35899779864377
3014139,117.60478100006576
3015921,121.22732330605334
3017703,115.12772624324911
3019485,132.6196169856673
3021267,139.69098505408724
3023049,124.00215421371614
3024831,131.9287478311335
3026613,121.54960146560636
3028395,135.68043999809757
3001666,0.44866982537146116
3003448,0.4773921283303934
3005230,0.5462038542890318
3007012,1.05757875918421
3008794,1.2351783588627565
3010576,0.13354942871470876
3012358,0.12117267750084541
3014140,0.5076805499219637
3015922,0.5125977949799639
3017704,0.5778981852438619
3019486,0.8928354036689153
3021268,0.9855525868062278
3023050,0.5473912855106469
3024832,0.5573689294500237
3026614,0.4737104411767947
3028396,0.5281411383207896
3001667,263.24837488018113
3003449,0.0
3005231,0.0
3007013,0.0
3008795,0.0
3010577,0.0
3012359,0.0
3014141,0.0
3015923,0.009915451046021461
3017705,0.008924597739273137
3019487,0.008365871996204676
3021269,0.00611903742356288
3023051,0.0022663396967408517
3024833,0.009996332683513439
3026615,0.012424701234309929
3028397,0.022047557629055022
3001668,8.241525813373777
3003450,1.7974521860116341
3005232,1.6496851943127873
3007014,2.0778154603388965
3008796,1.9882671559910083
3010578,1.675517949515915
3012360,1.6124511952757563
3014142,1.5374884611080486
3015924,2.2049499682673948
3017706,2.0022761356500194
3019488,2.557573947714385
3021270,2.3835887029802945
3023052,1.8403505619470277
3024834,1.9200668849520834
3026616,1.9494035449432838
3028398,2.1559178340590197
3001669,44.17536954292215
3003451,35.38404818672958
3005233,57.65128545024741
3007015,55.402793326687096
3008797,20.39640695804053
3010579,11.66117936695573
3012361,10.2121023696567
3014143,27.867086939177895
3015925,25.313761915272668
3017707,42.315693357968314
3019489,46.543678308068685
3021271,20.451786880739203
3023053,16.569269898707805
3024835,18.353997969212497
3026617,25.40950209584662
3028399,29.652419337450795
3001670,0.7812639881084825
3003452,0.7870525949463705
3005234,0.7008144813752333
3007016,0.9338988310072619
3008798,0.8178460464523765
3010580,0.6558526197966138
3012362,0.644450474054361
3014144,0.657082869382846
3015926,0.6236004832282672
3017708,0.6039795210607785
3019490,0.8472438353652926
3021272,0.6961724967685351
3023054,0.5594912064947309
3024836,0.5945096039644221
3026618,0.5282735002961209
3028400,0.6191324863658508
3001671,61.72994760911168
3003453,141.41507714548922
3005235,44.41341826165689
3007017,63.61769891574553
3008799,57.49404987023217
3010581,53.49550884728266
3012363,74.16847843232885
3014145,53.41770940515304
3015927,94.85395160123704
3017709,49.086117132298476
3019491,56.999134378683486
3021273,56.32185014300823
3023055,54.619626902054954
3024837,61.27756737152938
3026619,54.878978331760216
3028401,102.59920736421213
3001672,107.2108947004089
3003454,87.09898956045879
3005236,86.15750105439088
3007018,95.42034628847863
3008800,100.23590564275469
3010582,84.62357448388957
3012364,105.21718135934812
3014146,77.20086848422214
3015928,69.34287523464815
3017710,69.5098946869863
3019492,77.08245429948302
3021274,85.70724433512409
3023056,75.04350124216838
3024838,78.05716829826392
3026620,71.39557928990904
3028402,86.6136789499338
3001673,1.83383111699761
3003455,1.7572925515385835
3005237,1.8055380493175182
3007019,2.228863306022667
3008801,2.171065820126662
3010583,1.626781425083023
3012365,1.4859115198256176
3014147,1.5723816733143323
3015929,1.6593086660932184
3017711,1.5990345810629123
3019493,1.988054100848401
3021275,1.9215455271650772
3023057,1.5326724891921437
3024839,1.4858365460518606
3026621,1.5438295075750297
3028403,1.6628888276602805
3001674,3.8871774825428758
3003456,3.6696961748409103
3005238,3.39087286421298
3007020,4.415277297009084
3008802,4.773166079704915
3010584,3.7218841597486745
3012366,4.020296480770587
3014148,3.583367089546663
3015930,3.377528614990124
3017712,3.267993449846429
3019494,4.471827799956304
3021276,4.1563617752792625
3023058,3.579608311585185
3024840,3.7843278946291488
3026622,3.493019179034991
3028404,3.7603266642189594
3001675,105.70608751086253
3003457,103.86260695273062
3005239,126.83560284245635
3007021,105.60153666993328
3008803,112.18666317713632
3010585,94.08900464221857
3012367,110.54629416704653
3014149,86.64188306318273
3015931,94.16628195992847
3017713,99.7286158469489
3019495,102.89815722250717
3021277,103.23428022127075
3023059,91.5580317063676
3024841,97.66682984689358
3026623,90.33350064844002
3028405,102.98593903368767
3001676,22.575439201660373
3003458,20.898457092412993
3005240,20.02343072041589
3007022,21.624965859891375
3008804,23.47026200540284
3010586,19.991953893779577
3012368,28.99876239359097
3014150,17.88122076717052
3015932,19.57666664734943
3017714,19.208677129609654
3019496,21.575721007652742
3021278,20.115792326618987
3023060,19.25211140173717
3024842,21.59961215502248
3026624,17.655535665348008
3028406,20.053851020517623
3001677,807.7493961907863
3003459,466.24347905613075
3005241,480.0961379837938
3007023,507.9636355634496
3008805,562.2284011297673
3010587,450.2474718329877
3012369,1461.7375664445453
3014151,677.4623761278102
3015933,719.3890688635729
3017715,756.3256022321417
3019497,849.9247132362701
3021279,847.9607761888934
3023061,689.9466046234807
3024843,1123.7660238264464
3026625,709.5424046365582
3028407,810.7741318728491
3001678,47.31554459885867
3003460,0.0
3005242,0.0
3007024,0.0
3008806,0.0
3010588,0.0
3012370,0.0
3014152,0.0
3015934,0.09290755560441834
3017716,0.07872350380704887
3019498,0.09193213985019714
3021280,0.10901488335747149
3023062,0.0956509731415377
3024844,0.10340216696793475
3026626,0.14507920049608972
3028408,0.17052265068816896
3001679,3.886721046072863
3003461,3.298503994860907
3005243,2.7090235247815353
3007025,4.537452627162853
3008807,3.6091780898575734
3010589,3.315391366494031
3012371,3.237155971823933
3014153,2.787056714646089
3015935,2.89394453784193
3017717,2.751558001919961
3019499,4.390941726238104
3021281,3.261796743176175
3023063,2.9303445349497395
3024845,3.1197150454995737
3026627,2.947108454863658
3028409,3.2511920708285693
3001680,6.497441182875804
3003462,6.5129804464912935
3005244,7.142978239902447
3007026,9.632962127290625
3008808,10.005791958274164
3010590,6.384158610254306
3012372,6.658445810381754
3014154,6.059575008957178
3015936,6.233075296765506
3017718,6.5055981346911835
3019500,9.041090023603886
3021282,9.131205494704076
3023064,6.0471700672679445
3024846,6.461942537921128
3026628,6.777417550204835
3028410,7.391068824791945
3001681,0.07420257694408355
3003463,0.0689248745872369
3005245,0.058887123251121616
3007027,0.018356784620512417
3008809,0.03524237159172228
3010591,0.020845514751182997
3012373,0.01979458531411296
3014155,0.01687434154294264
3015937,0.01720271923237987
3017719,0.010379142639630806
3019501,0.016970547221356734
3021283,0.021036285044441345
3023065,0.012123428638123872
3024847,0.01554599109748405
3026629,0.0738870017952941
3028411,0.07745525683780834
3001682,3.741094393298649
3003464,1.0558277768219257
3005246,0.9852436382394473
3007028,1.1351623325470321
3008810,2.2770465082468188
3010592,0.17331924446277744
3012374,0.13384536189143378
3014156,1.0657490671991212
3015938,1.0280931722948632
3017720,1.1019158678575518
3019502,1.5124712726522709
3021284,1.6290967457114949
3023066,0.8645676029603738
3024848,0.824947846555108
3026630,0.9607439889579309
3028412,1.1281430546334228
3001683,3231.3370938051107
3003465,3107.5437918747134
3005247,3895.949906254791
3007029,3941.5738992529095
3008811,4934.219325009403
3010593,3448.6780112382053
3012375,3453.5833390804532
3014157,2899.159509877622
3015939,3006.734404180619
3017721,3213.790422753147
3019503,3873.2526350984167
3021285,4001.2898903232694
3023067,3045.6459937797094
3024849,3191.532615149152
3026631,3108.609453798829
3028413,3499.314253339422
3001684,0.0055248035229828575
3003466,0.005775392522257631
3005248,0.0011011248401436755
3007030,0.0
3008812,0.001212647188724679
3010594,0.0025291229354124753
3012376,0.0007694874649672949
3014158,0.0
3015940,0.00046066960663818687
3017722,0.0
3019504,0.0
3021286,0.0
3023068,0.0
3024850,0.0
3026632,0.0
3028414,0.004542796887791584
3001685,521.8079459375524
3003467,494.06775164171296
3005249,527.4425488069579
3007031,597.2977132583086
3008813,827.4904124256645
3010595,556.9004665678569
3012377,590.2106207285769
3014159,475.3192124851615
3015941,497.9400684413008
3017723,505.02024289052315
3019505,597.0396900018715
3021287,681.8716685654636
3023069,509.18894750990484
3024851,539.0235584050979
3026633,507.7595059669299
3028415,582.8958593911108
3001686,8.01266887898326
3003468,8.391468218290722
3005250,10.17988212977928
3007032,12.5256496106556
3008814,8.726890923137416
3010596,6.993447180890911
3012378,7.762170237777849
3014160,7.498364066814724
3015942,8.589302987583745
3017724,10.090678516272012
3019506,13.026965252519938
3021288,9.057575267824587
3023070,6.862239361225633
3024852,7.510419209190556
3026634,7.222563651070644
3028416,8.376145541942003
3001687,929.5596056706532
3003469,881.8318687852828
3005251,948.9469461052358
3007033,1294.0411352077888
3008815,1404.7109696515572
3010597,854.9065050735775
3012379,907.7678467605115
3014161,840.6100155535045
3015943,868.7790479169272
3017725,941.5957531982771
3019507,1088.602600197306
3021289,1094.343505137842
3023071,871.4363298224777
3024853,949.093201971593
3026635,912.9790683778473
3028417,1089.797264254233
3001688,705.5055302875595
3003470,500.0239291951372
3005252,559.8790285682254
3007034,754.831715452808
3008816,885.4784053679477
3010598,545.1283296498592
3012380,570.3468307661191
3014162,588.925843397912
3015944,526.3268724659771
3017726,548.5412660611614
3019508,659.6962227563738
3021290,683.5602791910202
3023072,545.5455058746167
3024854,574.295785615447
3026636,635.9572234573943
3028418,618.6985768442286
3001689,237.80393192374672
3003471,210.22438074544914
3005253,289.68441225831185
3007035,261.1867224358996
3008817,301.1522273536193
3010599,198.15111506656922
3012381,199.1700223751142
3014163,173.53600686507525
3015945,189.75250605519463
3017727,215.372573942046
3019509,227.8434985504426
3021291,239.00489973932022
3023073,190.23035883841044
3024855,201.4278424451987
3026637,193.56611253695021
3028419,228.35543998028552
3001690,268.9184600048556
3003472,257.114257346613
3005254,288.6275946966701
3007036,331.1762104500602
3008818,472.9734381673449
3010600,492.5860694831427
3012382,325.13545134027396
3014164,265.30153145255866
3015946,283.34342499420234
3017728,278.8874858260114
3019510,348.195031286599
3021292,373.78704449340995
3023074,401.8368985935584
3024856,302.9067855086869
3026638,279.32406491427435
3028420,315.5335603286798
3001691,81.24537493084745
3003473,68.73167984753165
3005255,81.75166223958165
3007037,133.06205948374281
3008819,53.895020865829956
3010601,47.63115551745915
3012383,65.62943431653088
3014165,62.50807842244948
3015947,68.1218399511457
3017729,80.06863485360117
3019511,108.66875068524189
3021293,68.99342487547439
3023075,57.85107640204674
3024857,67.11618028501515
3026639,63.992792322047535
3028421,74.28346228086185
3001692,4409.093810601295
3003474,3721.4684480002998
3005256,4001.958242636547
3007038,5083.57134919932
3008820,5732.712927415289
3010602,3759.37905772448
3012384,4070.418560368556
3014166,3601.9984744594235
3015948,3841.2622770155854
3017730,3961.1830982763186
3019512,4775.81994567219
3021294,4880.07945904974
3023076,3817.8973547147166
3024858,4037.411436744485
3026640,3960.9882672957956
3028422,4609.52292955044
3001693,10.046776902072024
3003475,11.040268990723257
3005257,11.385335683926513
3007039,16.292385805346665
3008821,18.964359987514595
3010603,10.134060457193186
3012385,9.462774778358726
3014167,9.707688310561975
3015949,10.069204571138872
3017731,12.070763051504718
3019513,15.625507547949267
3021295,16.006383023404027
3023077,10.095705364149548
3024859,9.89333893902976
3026641,10.0748253108832
3028423,11.240550875071749
3001694,0.358164116869738
3003476,0.410787364416521
3005258,0.38415161689897825
3007040,0.5611271205459369
3008822,0.7520660316957283
3010604,0.47799023809696634
3012386,0.7046317624554593
3014168,0.29325281589560376
3015950,0.31946642371091727
3017732,0.3182178102007365
3019514,0.4154436407701667
3021296,0.48793837881879965
3023078,0.36783698937462833
3024860,0.38326114051089505
3026642,0.2789379557809868
3028424,0.35720087734936273
3001695,22.946486408615964
3003477,18.93866320629998
3005259,22.118772713678414
3007041,29.40701095019014
3008823,31.61164048106721
3010605,19.20688725514908
3012387,15.199185101496445
3014169,17.81779680558149
3015951,19.192880095789793
3017733,22.313080270505896
3019515,24.844005172444557
3021297,23.461128224855134
3023079,14.835025578171615
3024861,14.575749868210929
3026643,17.865783163171773
3028425,21.27252466253989
3001696,23.491560334296228
3003478,14.285947829803463
3005260,14.772963334390544
3007042,19.287132328396
3008824,23.62360776437417
3010606,15.713701719918248
3012388,15.956777393778603
3014170,15.349686071588737
3015952,14.315321982665
3017734,14.169955926182451
3019516,18.53888862471197
3021298,19.099866560862473
3023080,14.106187254787194
3024862,14.115962278675402
3026644,16.59860584379005
3028426,16.090234200887632
3001697,0.03502335393818518
3003479,0.028215164425690137
3005261,0.019233064438621533
3007043,0.027822313325207165
3008825,0.11672243046512902
3010607,0.10109202123133022
3012389,0.008805515604840124
3014171,0.020282262240033582
3015953,0.015925301277553424
3017735,0.009413796362373971
3019517,0.0003389353527415363
3021299,0.003096212066376639
3023081,0.011519483708496814
3024863,0.006661022534461637
3026645,0.006228432571960665
3028427,0.010435590535150053
3001698,256.82862562881184
3003480,250.80274083548042
3005262,237.45251575287344
3007044,297.8067204298206
3008826,382.20181948734734
3010608,234.23420730049602
3012390,243.64885062867089
3014172,214.43282412629014
3015954,228.64096111815084
3017736,219.246852415809
3019518,277.837079253847
3021300,288.03040871204047
3023082,224.4468407627155
3024864,241.95787401504091
3026646,234.39794783101357
3028428,271.9823490634364
3001699,0.611761121886827
3003481,0.6147733550726192
3005263,0.6006676316029163
3007045,1.04805514520108
3008827,1.5702554300367015
3010609,0.6534242968097338
3012391,0.19800322210337354
3014173,0.6489790734842016
3015955,0.5781460830644857
3017737,0.5437977454408519
3019519,1.1277861763244474
3021301,1.431810833887187
3023083,0.5277061294015004
3024865,0.4971567737199935
3026647,0.5382715348296611
3028429,0.6359826446953671
3001700,16.418382324503078
3003482,3.8084595262831464
3005264,5.041101742084964
3007046,6.558948663777872
3008828,5.311860494432099
3010610,3.3629699706832596
3012392,6.357214565540436
3014174,3.9916637913524067
3015956,4.874822265431901
3017738,6.018358129003544
3019520,7.473230289968545
3021302,6.1629621989640135
3023084,3.930829761048353
3024866,4.457127941916954
3026648,4.689505359087406
3028430,5.2457977704879255
3001701,13.174872538974265
3003483,5.507316669158709
3005265,5.342670353964157
3007047,7.996693607386715
3008829,8.291101690415308
3010611,5.674002846461978
3012393,6.625104402851041
3014175,4.983923264990725
3015957,5.442062114542071
3017739,5.494423697275207
3019521,7.8572204825535055
3021303,7.980380113041872
3023085,5.782893777791306
3024867,9.938211745089003
3026649,5.5562916942729315
3028431,6.393808432047481
3001702,29.07368604224028
3003484,16.455887975454242
3005266,24.931144049597652
3007048,39.260387687174955
3008830,10.738490178691293
3010612,8.588744569957965
3012394,13.15204001839804
3014176,13.508531413615122
3015958,17.477869130866864
3017740,27.150684529565144
3019522,35.73483839290944
3021304,17.404660869160406
3023086,9.272043917206672
3024868,13.033040467040754
3026650,12.289818368203044
3028432,15.839190832182437
3001703,1.1982321294580343
3003485,1.193469087032127
3005267,1.2783601504397555
3007049,1.9055346998105656
3008831,2.038321281081961
3010613,0.9714104265501183
3012395,0.34433065231503796
3014177,1.0960116563277291
3015959,1.1441373197638858
3017741,1.0720835097381176
3019523,1.6630779022270772
3021305,1.643115522397738
3023087,0.9166017086859263
3024869,0.9122650256752344
3026651,0.9510304935722456
3028433,1.093410637595957
3001704,299.62577197053344
3003486,666.6445015393912
3005268,285.80435407476125
3007050,352.9571070298761
3008832,402.0333849669133
3010614,302.4056761788207
3012396,304.1553059967553
3014178,269.25111793424395
3015960,443.6273545913845
3017742,280.4855913775473
3019524,317.07938725492755
3021306,332.4869285867663
3023088,291.88001537425583
3024870,303.98453021842073
3026652,293.17129618939134
3028434,503.65841470903615
3001705,245.85450448773395
3003487,200.4878430752713
3005269,206.56971851267681
3007051,277.1963345190684
3008833,355.48042043304457
3010615,210.28734050756736
3012397,224.13522687969828
3014179,196.69854535281323
3015961,199.08078009930728
3017743,197.92193665908212
3019525,248.3761952528491
3021307,267.3786006392975
3023089,214.61573925829603
3024871,218.342515469639
3026653,212.299817397164
3028435,251.49841488116803
3001706,3.4175613779990446
3003488,3.2759236009079857
3005270,3.468754252420549
3007052,4.565822172185114
3008834,4.704178251598013
3010616,3.0774439574554147
3012398,3.0766745683767844
3014180,3.2077124470786433
3015962,3.239657154246158
3017744,3.179788026427096
3019526,4.441863649005055
3021308,4.4091728915471755
3023090,2.9902470031328874
3024872,3.0398285384870043
3026654,3.320449969584884
3028436,3.5799248738129132
3001707,5.344861877501405
3003489,4.876602367042068
3005271,4.968276071257214
3007053,7.559030761841737
3008835,7.77392938318287
3010617,3.418217817839371
3012399,4.274396952605099
3014181,4.283810718775201
3015963,4.4827901335235305
3017745,4.697244423482371
3019527,6.579096826425658
3021309,7.032004650372637
3023091,4.493495179367887
3024873,4.857116657052457
3026655,4.736026944261725
3028437,5.270943492853523
3001708,104.67224070352798
3003490,132.09680589698078
3005272,153.53150337365142
3007054,138.89452828132104
3008836,141.53381070805685
3010618,87.75046761603859
3012400,96.51815364284131
3014182,110.29516751071462
3015964,133.36969063332518
3017746,151.902210202753
3019528,142.8817739847262
3021310,147.07653274827427
3023092,112.91349720964824
3024874,119.74130007383958
3026656,114.61884576477149
3028438,144.4909464518896
3001709,59.57727284905968
3003491,57.981940646416774
3005273,65.1277703104592
3007055,83.62807402187086
3008837,92.49161621551548
3010619,60.5291971321253
3012401,63.63456645318939
3014183,55.874197736759186
3015965,62.222478050353835
3017747,63.51109540357592
3019529,71.50846507229421
3021311,72.82386095291486
3023093,61.44349183498554
3024875,64.74458323589566
3026657,58.102400848304534
3028439,67.73048099070918
3001710,1780.4530988637398
3003492,997.5695885082359
3005274,1072.3929751126998
3007056,1369.4045599178187
3008838,1520.2615604383154
3010620,1108.0509569465582
3012402,2720.394771642834
3014184,1138.3574648846368
3015966,1288.140412586238
3017748,1309.4320147120832
3019530,1588.0106911008377
3021312,1593.7026255488943
3023094,1275.0218638974754
3024876,2320.0222543570417
3026658,1216.1208590790527
3028440,1430.4900284130854
3001711,19.181880982737262
3003493,0.06468141987573636
3005275,0.021972319668825374
3007057,0.26144093716861827
3008839,0.46717218512983005
3010621,0.0
3012403,0.015826248795989924
3014185,0.004863574986448449
3015967,0.6812512003432838
3017749,0.648625634594835
3019531,1.006483434557622
3021313,1.2933588297346308
3023095,0.6823737149004669
3024877,0.7195767471947286
3026659,0.7021082588121003
3028441,0.8809982966635044
3001712,4.368745358510816
3003494,4.944080115149618
3005276,5.090223449199855
3007058,7.812883290160229
3008840,5.820760673748784
3010622,4.669283011835606
3012404,3.568937168991327
3014186,4.152976085401899
3015968,4.518004423757719
3017750,3.8719948709106187
3019532,5.612212882852156
3021314,5.688886226744103
3023096,4.711169236079392
3024878,4.395563859995239
3026660,5.338800868838876
3028442,4.9846877475558244
3001713,1.3299126064327491
3003495,1.1992118940656067
3005277,1.2341879191028526
3007059,1.770221729791217
3008841,1.786797836621564
3010623,1.0480710007761556
3012405,0.4338762390588631
3014187,1.2871620633324012
3015969,1.2718833731463486
3017751,1.3639480891178966
3019533,1.8968390283140855
3021315,1.72379107720106
3023097,1.144478270479244
3024879,1.0066061054203048
3026661,1.3120599671045572
3028443,1.4171984724349986
3001714,0.0020068640196824147
3003496,0.0016434905516168278
3005278,0.0
3007060,0.0
3008842,0.0
3010624,5.784441365445184e-06
3012406,0.0
3014188,0.0
3015970,0.0
3017752,0.0
3019534,0.0
3021316,0.0
3023098,0.0
3024880,0.0
3026662,0.0
3028444,0.0045600589702478765
3001715,2.972978212207488
3003497,0.4687554563163863
3005279,0.45120698623954664
3007061,0.666913355575279
3008843,0.6860137721151166
3010625,0.4342806868120202
3012407,0.5234572960063375
3014189,0.4668387707577771
3015971,0.5854533461641785
3017753,0.6061458246502885
3019535,0.916429204401414
3021317,0.8535736195344265
3023099,1.9302843973435841
3024881,0.5987149258324644
3026663,0.5588287809512924
3028445,0.6779227106150353
3001716,1121.8314634798435
3003498,965.1269480682404
3005280,1271.5160367658732
3007062,1184.6078935425649
3008844,1233.0362978295955
3010626,988.9604721003017
3012408,1100.634770173475
3014190,1078.1809790346588
3015972,1137.0210931681463
3017754,1196.550931925099
3019536,1409.4833181399117
3021318,1414.1284230044039
3023100,1149.1537511399645
3024882,1196.2246498282273
3026664,1175.318170647556
3028446,1365.1393451851673
3001717,0.0018879077053181126
3003499,0.0015179745527571353
3005281,0.0
3007063,0.0
3008845,0.0
3010627,8.734921047043579e-05
3012409,0.0
3014191,0.0
3015973,0.0
3017755,0.0
3019537,0.0
3021319,0.0
3023101,0.0
3024883,0.0
3026665,0.0
3028447,0.003580590740575666
3001718,154.83017631240818
3003500,113.21680479414003
3005282,91.5654031896425
3007064,121.76251366516932
3008846,164.07511616641366
3010628,101.70208075829531
3012410,105.80067208422422
3014192,96.51107635523618
3015974,92.89108457871481
3017756,89.06294435445265
3019538,108.18353486031243
3021320,132.74073238699978
3023102,97.90680760090179
3024884,100.89527901723646
3026666,96.38166268681022
3028448,108.60329212705342
3001719,2.7632681903541108
3003501,2.9354609333295483
3005283,3.1566469420848
3007065,4.394708720198886
3008847,3.3395309963987714
3010629,1.2830767587672642
3012411,1.388320705047925
3014193,2.596681509836791
3015975,2.924113294630311
3017757,3.1838634630287252
3019539,4.652451706772349
3021321,3.6646374590341932
3023103,2.0115107091718873
3024885,2.2759779045369775
3026667,2.919657700021871
3028449,3.441320351343954
3001720,619.056686109082
3003502,542.1900825837996
3005284,434.57263964417393
3007066,755.1406100202466
3008848,530.2635985761057
3010630,505.0435090736185
3012412,614.0282017250266
3014194,418.8758044874399
3015976,402.15614424197616
3017758,408.47661772165026
3019540,474.22992502757484
3021322,449.51320997304265
3023104,452.6874942713125
3024886,423.37137341761667
3026668,435.182971856902
3028450,516.7159288632665
3001721,197.26377579309772
3003503,131.05089683756157
3005285,129.7636441197216
3007067,189.58435049655608
3008849,203.69024548963637
3010631,149.83165708887756
3012413,151.32180611571243
3014195,157.28807499282667
3015977,126.17130535566048
3017759,125.515621181638
3019541,154.70181037931266
3021323,155.89548278222702
3023105,133.55853022692278
3024887,139.22075295058107
3026669,169.6059399583553
3028451,147.23341271278662
3001722,112.09776955414537
3003504,82.99696956079849
3005286,98.9585311443437
3007068,92.92519417220353
3008850,111.89919032737514
3010632,79.7814744126829
3012414,87.49897053276224
3014196,64.31928087114586
3015978,67.92910783814558
3017760,84.96057782857761
3019542,75.78020460997266
3021324,78.75086519610018
3023106,68.44969085487884
3024888,72.43446532217872
3026670,69.79070574675073
3028452,77.37854338719679
3001723,179.49968706685993
3003505,201.5753130475039
3005287,143.27785992861644
3007069,191.06319507594029
3008851,215.40435875475194
3010633,684.2837756939457
3012415,150.16368555584745
3014197,135.12659709538988
3015979,143.14687850501852
3017761,130.40830050114263
3019543,158.001856044606
3021325,164.41856487555512
3023107,250.31411341683864
3024889,158.11058697588746
3026671,151.11464256768895
3028453,163.3632810337115
3001724,19.085466848423888
3003506,16.888259602017147
3005288,21.370544877404445
3007070,35.88310280224485
3008852,20.3913425791471
3010634,13.865847145361741
3012416,15.053084765855779
3014198,15.205146760732669
3015980,16.446537811768756
3017762,20.52994341818768
3019544,34.05247768180221
3021326,21.803897731930913
3023108,14.816384829149662
3024890,15.338461806277797
3026672,17.510643778789433
3028454,18.221715620913994
3001725,2289.4793414515325
3003507,1797.369782338584
3005289,1627.467817179279
3007071,1931.8233391728638
3008853,1960.2429949283232
3010635,1783.5227820016755
3012417,2109.5987527331577
3014199,1582.5208460582908
3015981,1686.9562042964396
3017763,1649.4230107555238
3019545,1972.7508579901294
3021327,1949.1771992365047
3023109,1686.0396478300734
3024891,1764.1975118275775
3026673,1803.004070525476
3028455,2068.6197727981435
3001726,1.2824507230476254
3003508,1.28062966509519
3005290,1.3635792499961594
3007072,1.8706986846657951
3008854,4.495930854187779
3010636,1.0314917822980016
3012418,0.9247030275576972
3014200,0.9034777068476124
3015982,0.9967579561302067
3017764,1.191526063369839
3019546,1.3936282418443007
3021328,2.090675272954721
3023110,0.92293831611451
3024892,0.9757711588578205
3026674,0.9226422480946429
3028456,1.0935796287551158
3001727,0.25537610428281127
3003509,0.26824402205010994
3005291,0.2474464546344625
3007073,0.2884050036557862
3008855,0.1733522662332095
3010637,0.14189372879506448
3012419,0.13659223588012018
3014201,0.24624504422845717
3015983,0.2732624396253582
3017765,0.268401196588397
3019547,0.34935756973014714
3021329,0.4078746848148063
3023111,0.33538855541389184
3024893,0.34376886855026645
3026675,0.2628285872133745
3028457,0.32598868092793015
3001728,10.93093252513605
3003510,6.0438896484912314
3005292,6.742925294520848
3007074,8.930634643097193
3008856,9.128462726965667
3010638,5.23907567151197
3012420,5.350383948960324
3014202,5.523800142900295
3015984,6.195802434682887
3017766,8.594498880435383
3019548,8.930982925216538
3021330,9.371831992626223
3023112,5.387891097213683
3024894,5.299959221101218
3026676,8.183954060206846
3028458,6.395237656313932
3001729,12.421510100064163
3003511,3.430164065647054
3005293,3.2332597485378716
3007075,4.954502468434668
3008857,4.0526447210614185
3010639,3.495467493391244
3012421,3.3794662294728517
3014203,3.141130070299484
3015985,3.5780804373980906
3017767,3.6774190237540467
3019549,5.9270919829691655
3021331,5.0735434498358565
3023113,3.826311306900149
3024895,3.7718413498298218
3026677,3.752474842313633
3028459,3.920288251672966
3001730,0.11271783691787395
3003512,0.06740656593294497
3005294,0.0626060183771071
3007076,0.07840906729968462
3008858,0.08873046840044972
3010640,0.07255983099479661
3012422,0.06410469979625485
3014204,0.0998243287418703
3015986,0.0659318594346836
3017768,0.05813090727653165
3019550,0.08289709843953717
3021332,0.09044650153812465
3023114,0.07984014439017312
3024896,0.08393632944887532
3026678,0.11034877130992644
3028460,0.1259887575740538
3001731,95.19016536141565
3003513,79.90085987851045
3005295,73.15086685657367
3007077,100.27561414617776
3008859,99.41675243140337
3010641,77.99106401940001
3012423,83.30650155446801
3014205,67.2902764202969
3015987,74.33376175977764
3017769,72.37005419784832
3019551,99.10806020425714
3021333,99.04119271350305
3023115,77.61414779808142
3024897,80.13470958172024
3026679,81.74700880676073
3028461,91.62052805607595
3001732,0.0026551783967859854
3003514,0.0
3005296,0.0
3007078,0.0
3008860,0.0
3010642,0.0
3012424,0.0
3014206,0.0
3015988,0.0
3017770,0.0
3019552,0.0
3021334,0.0
3023116,0.0
3024898,0.0
3026680,0.0
3028462,0.0
3001733,227.28694539583375
3003515,0.0
3005297,0.0
3007079,0.0
3008861,0.0
3010643,0.0
3012425,0.0
3014207,0.0
3015989,0.0009320234337861284
3017771,0.0026343170013722254
3019553,0.004684279988967963
3021335,0.0031142225009669934
3023117,0.0022579697846753792
3024899,0.003250780905450789
3026681,0.003638519427053061
3028463,0.017623944049561118
3001734,6.844749500505549
3003516,0.3878069612624899
3005298,0.4127741522974669
3007080,0.5655909775269728
3008862,0.7094496892060079
3010644,0.5206407091474354
3012426,0.39208622151961875
3014208,0.2879575519309635
3015990,0.5519448906165519
3017772,0.6405609621049236
3019554,0.8599775084832378
3021336,0.7919586833253304
3023118,0.6025646040318895
3024900,0.5758251184989102
3026682,0.4824559404023793
3028464,0.5494614562013567
3001735,23.25306071324556
3003517,10.845547390945205
3005299,50.005743730968106
3007081,43.29022879391896
3008863,7.414770460214904
3010645,5.49694288482451
3012427,3.216498722655569
3014209,7.722382800883231
3015991,7.191641079442552
3017773,40.73762274544881
3019555,20.664442729644946
3021337,10.78340092709085
3023119,4.274425383692535
3024901,5.5225573027385195
3026683,8.629049844969371
3028465,12.106626892478877
3001736,0.30343184047031135
3003518,0.3647356178328929
3005300,0.39739761130880885
3007082,0.657162720832183
3008864,0.4785151266779681
3010646,0.3547263928408629
3012428,0.16532873365751855
3014210,0.2684939116810687
3015992,0.27104522657335184
3017774,0.3252062638165061
3019556,0.4637200416459079
3021338,0.39755534112354124
3023120,0.2618791655128754
3024902,0.21313600890537657
3026684,0.22499304620941415
3028466,0.273550638442933
3001737,63.45751238758328
3003519,127.59225809205162
3005301,53.40548195570714
3007083,70.72382691049886
3008865,74.9531756157729
3010647,67.34103964522285
3012429,74.236266924908
3014211,56.72057597807272
3015993,96.68362322952571
3017775,57.51674373507249
3019557,66.91879312870245
3021339,70.11667874512791
3023121,63.9318040521606
3024903,66.64492930199361
3026685,60.84294181500193
3028467,107.18536322903272
3001738,94.15575490731042
3003520,68.21915343380307
3005302,61.257742450372945
3007084,97.15042295277384
3008866,89.90757886608684
3010648,70.60113207326754
3012430,72.270270496975
3014212,61.06527698756187
3015994,63.26679388526142
3017776,61.09665649503259
3019558,78.13689048297654
3021340,76.62444590826334
3023122,69.23705027550182
3024904,67.97502557982993
3026686,68.05918465740966
3028468,74.11933273034265
3001739,0.4168094798061526
3003521,0.38481846637332984
3005303,0.4173259554104223
3007085,0.5432484890855314
3008867,0.5371380453607656
3010649,0.3797668222919988
3012431,0.5038499616412269
3014213,0.3908264461816675
3015995,0.39822081975930396
3017777,0.4123528638515927
3019559,0.5316276583314014
3021341,0.5566183485433392
3023123,0.40520820709740546
3024905,0.485216802639684
3026687,0.41453084543158075
3028469,0.49139764368782135
3001740,1.1017049802056667
3003522,1.0079133125951845
3005304,0.9956457283747024
3007086,1.4629518919906566
3008868,1.5719149633422183
3010650,1.1257842027501117
3012432,1.1299604885875472
3014214,0.9115640013126135
3015996,0.913875362832563
3017778,0.9996686400139726
3019560,1.3596759328690198
3021342,1.4819334385559078
3023124,1.0826036435192117
3024906,1.1760134463402376
3026688,0.9463060777122886
3028470,1.0812314040444562
3001741,52.4154301046085
3003523,48.58723936642733
3005305,73.23095825235019
3007087,64.68817092899427
3008869,58.01081183958282
3010651,38.29012564070058
3012433,45.087805334370195
3014215,41.90320815702475
3015997,45.49045359975987
3017779,58.54324358440855
3019561,53.207585383100586
3021343,51.83250594281899
3023125,40.61197365161704
3024907,46.19595655732437
3026689,43.62592656058073
3028471,52.41575204056954
3001742,10.404594908018646
3003524,10.247081534536015
3005306,10.104402620499783
3007088,14.232341167895084
3008870,13.040822565340923
3010652,10.690620802713589
3012434,10.173065365089967
3014216,8.786842412819379
3015998,10.86905230091393
3017780,9.438042602576033
3019562,12.254784644983248
3021344,12.29548931018239
3023126,9.888297531458527
3024908,10.323940634434168
3026690,8.538925375191806
3028472,10.235770715687643
3001743,299.65870490057864
3003525,172.005122698077
3005307,175.36113070434953
3007089,241.19465326977092
3008871,253.49661568843695
3010653,169.70573871664692
3012435,462.44822990384273
3014217,184.01124403659
3015999,200.42703701786317
3017781,203.38233768935922
3019563,253.86646012804582
3021345,253.36269147486226
3023127,215.98797629543404
3024909,341.8192901737991
3026691,205.1477292746721
3028473,238.88182505430893
3001744,189.90406483999047
3003526,0.0
3005308,0.0
3007090,0.0
3008872,0.0
3010654,0.0
3012436,0.0
3014218,0.0
3016000,0.0030817154331688793
3017782,0.0013171153089945448
3019564,0.0
3021346,0.004133496064662721
3023128,0.0029350515198033546
3024910,0.006336804972412233
3026692,0.006284822783019137
3028474,0.018508379485622922
3001745,1.4341286638782726
3003527,1.402388426712724
3005309,1.1116608877642131
3007091,1.3158398359670878
3008873,1.7453533819309228
3010655,1.3577057328723623
3012437,1.3131341805549548
3014219,1.2330823806961997
3016001,1.2176667852817562
3017783,1.1141873324874487
3019565,2.5033351043093695
3021347,1.3605980508985247
3023129,1.2252480524476799
3024911,1.1569013039847118
3026693,1.0992048061137758
3028475,1.1710626382296614
3001746,5.995109193131003
3003528,5.334845385213682
3005310,5.392684901925225
3007092,9.226590382285627
3008874,9.063665098672958
3010656,5.804488625982714
3012438,6.128934414416828
3014220,5.364415385208633
3016002,4.7534322043431185
3017784,4.988769672765734
3019566,8.733374727434986
3021348,8.413659266766082
3023130,5.517596352132063
3024912,5.884523044663621
3026694,5.186666361720314
3028476,14.888347266091833
3001747,0.009483989579004109
3003529,0.002410469978744892
3005311,0.0009187662778238455
3007093,0.0006053963305616392
3008875,0.0035116184894546203
3010657,0.01349439962958122
3012439,0.0016437440963730336
3014221,0.0010753715890089572
3016003,0.0
3017785,0.0
3019567,0.0
3021349,0.0
3023131,0.0
3024913,0.0005225127865920902
3026695,0.0018821694549312083
3028477,0.009907161528543434
3001748,3.8769604829510063
3003530,2.361105041466644
3005312,1.2080016830516807
3007094,2.0596745614023604
3008876,2.2918299172808165
3010658,1.1075258553523093
3012440,1.2012269696170719
3014222,1.2567869293932772
3016004,1.2674970274375505
3017786,2.4266818210214454
3019568,2.240870107456614
3021350,2.5478682264345265
3023132,1.282309692744467
3024914,1.5002811868769534
3026696,1.404184820326276
3028478,2.9004310600103094
3001749,2480.336776789363
3003531,1874.3874543465602
3005313,2026.9858478954975
3007095,3675.8362746372804
3008877,2751.7505550422343
3010659,2278.8184319688703
3012441,2279.80091927535
3014223,2155.67635384869
3016005,2127.4714934400317
3017787,2238.801745765272
3019569,2873.1778597621583
3021351,2811.778015924369
3023133,2284.2558803997154
3024915,2364.839425933162
3026697,2311.714406458523
3028479,3074.0212951722315
3001750,0.009507702933769081
3003532,0.0026101301848980955
3005314,0.0011300347780092955
3007096,9.933545408201363e-05
3008878,0.004718576352277443
3010660,0.005501692090815705
3012442,0.00126921468013757
3014224,0.000746363072620024
3016006,0.0
3017788,0.0
3019570,0.0
3021352,0.0009387232505321321
3023134,0.00040583083361098215
3024916,0.00033237777752586126
3026698,0.0016196833042415877
3028480,0.0004711468879206014
3001751,233.82275070978312
3003533,201.86129322037527
3005315,198.24668826691186
3007097,239.05948652914665
3008879,351.5317630096559
3010661,239.77590633387675
3012443,231.67730482758282
3014225,201.47383591339258
3016007,192.84556812923105
3017789,188.88521341407736
3019571,246.33069912232614
3021353,276.9236155774375
3023135,216.44467640510948
3024917,218.88449603452514
3026699,207.754151499126
3028481,273.51434360052286
3001752,7.240100553311865
3003534,6.552862475324546
3005316,7.259229885245483
3007098,10.103921652667347
3008880,7.179484787387153
3010662,5.311037028779489
3012444,6.193184355754913
3014226,5.8713965462077695
3016008,6.205052244623392
3017790,7.284572193806615
3019572,10.150243709789805
3021354,6.907412032372162
3023136,5.328911798117954
3024918,5.778003873226344
3026700,5.249218537278453
3028482,15.028672210172715
3001753,951.3140640906289
3003535,740.954773149325
3005317,842.1913138153096
3007099,1036.0471995178107
3008881,1206.2209224964217
3010663,913.186757772487
3012445,989.9727860314364
3014227,790.5547984625272
3016009,795.1778395543691
3017791,814.6155664153339
3019573,994.0593933781407
3021355,975.8397569848827
3023137,859.5657247122635
3024919,882.762390897834
3026701,860.9364285718713
3028483,1121.5729951350934
3001754,546.3356187113346
3003536,308.57533662372504
3005318,352.31501225517445
3007100,475.8111265380997
3008882,534.1200740468637
3010664,379.96642923964373
3012446,416.38325880575235
3014228,356.62612888415316
3016010,295.57148711832616
3017792,296.205607200686
3019574,374.4263558429282
3021356,388.99827329143164
3023138,334.4574152796147
3024920,344.04943384839845
3026702,379.6816165899748
3028484,416.749111723064
3001755,207.75540411615108
3003537,153.3169004726583
3005319,176.92105190129442
3007101,188.40810168115158
3008883,231.06370475979622
3010665,159.40877007598434
3012447,187.89333710223636
3014229,148.52784463724635
3016011,148.40149843733957
3017793,169.41822420352597
3019575,186.36666671114244
3021357,191.06212957515376
3023139,164.27326695450043
3024921,169.0782076881483
3026703,155.49347674578715
3028485,214.9939026531716
3001756,152.62865327151917
3003538,114.44495267225896
3005320,109.2725421299785
3007102,196.95525672244594
3008884,270.113674990521
3010666,864.0292984740307
3012448,102.1004666129087
3014230,109.93522609781932
3016012,120.63786129737962
3017794,104.35843204734863
3019576,146.43343881987212
3021358,163.3265665783998
3023140,209.5754476520846
3024922,121.8703360236508
3026704,114.2603188425981
3028486,170.1711235526034
3001757,53.571554689113036
3003539,50.38147037685176
3005321,64.95953733031446
3007103,110.46630202333363
3008885,41.028581318972336
3010667,36.20462412042713
3012449,40.58607240875282
3014231,42.623466631773674
3016013,44.86465898561187
3017795,47.730659582505325
3019577,71.97793568196121
3021359,38.72894497894066
3023141,36.047567077044434
3024923,39.67979017315147
3026705,43.495431028271334
3028487,63.952636409668145
3001758,3092.498845133607
3003540,2483.48617000468
3005322,2695.595724646824
3007104,3453.3017436841824
3008886,3740.20287685957
3010668,2958.6524006728337
3012450,2892.9792749450467
3014232,2522.593546951717
3016014,2580.113792044731
3017796,2588.51387204491
3019578,3318.852632189326
3021360,3293.740251973865
3023142,2781.8824602927275
3024924,2842.350676537179
3026706,2853.111373034281
3028488,3720.1910468533774
3001759,2.6380237734702003
3003541,2.655278889754417
3005323,2.7069157428369466
3007105,3.4823671575056454
3008887,3.400416308595588
3010669,1.9613606574778404
3012451,2.0468039362275037
3014233,2.4887501295336025
3016015,2.7566829367766963
3017797,2.753367460733004
3019579,3.5005784121048933
3021361,5.403975425295421
3023143,2.142574111703906
3024925,2.1887853713852747
3026707,2.574580198679848
3028489,4.170667769707694
3001760,0.40120194302692885
3003542,0.4202086425982587
3005324,0.3725507735714073
3007106,0.5084038524958032
3008888,0.631048899693761
3010670,0.18403414233579896
3012452,0.17182866988726433
3014234,0.4079375769005156
3016016,0.3825076347083212
3017798,0.35145414996811936
3019580,0.5324119354246767
3021362,0.5863891169599221
3023144,0.4552612402085158
3024926,0.4141634632444388
3026708,0.3724124854614756
3028490,0.4219722467076629
3001761,34.16977156742637
3003543,27.513774283476806
3005325,32.85252434462894
3007107,47.96145670816079
3008889,36.10557296030899
3010671,32.87419168540958
3012453,21.46640450310494
3014235,27.34105193156046
3016017,29.54544636051516
3017799,31.78935161078712
3019581,44.85688451184467
3021363,35.620989254268835
3023145,28.14560962285043
3024927,30.43610502819431
3026709,31.76115080569512
3028491,51.08228070290365
3001762,22.85535111736475
3003544,11.691767242227916
3005326,10.891294381474772
3007108,20.048696703248112
3008890,17.536887295414843
3010672,14.459727889436001
3012454,12.16908775949984
3014236,13.473192947211038
3016018,11.986774588656138
3017800,12.034782744624025
3019582,18.570269865999304
3021364,21.45719596895051
3023146,17.00108605272693
3024928,12.500068194551579
3026710,12.00848878150751
3028492,21.14278296996522
3001763,0.0976762216006679
3003545,0.08585322913673758
3005327,0.07896480843087135
3007109,0.10176548159919846
3008891,0.11959840925328831
3010673,0.08520015068682552
3012455,0.08204045879428658
3014237,0.18810979587540674
3016019,0.18201942268132024
3017801,0.1711519680638475
3019583,0.20223364116153517
3021365,0.21624799331893121
3023147,0.1968679985857422
3024929,0.20233259105492463
3026711,0.13975667836194394
3028493,0.15840583767326524
3001764,233.64779167857543
3003546,172.42298464215995
3005328,182.1183810805936
3007110,329.31354593091896
3008892,287.85801655965753
3010674,194.23991002302182
3012456,186.10378762881314
3014238,176.73874612495305
3016020,168.27980148392405
3017802,170.29093720756234
3019584,224.34426730881216
3021366,226.70449647676045
3023148,184.48578422743591
3024930,198.44922033596913
3026712,190.13787312360316
3028494,251.92150905447224
3001765,0.012028812939387424
3003547,0.0036742839319724168
3005329,0.002615224169114371
3007111,0.0
3008893,0.004997754304858249
3010675,0.007900051119836582
3012457,0.005547753822996614
3014239,0.0046433235570363714
3016021,0.0030445815614318986
3017803,0.001181930086972825
3019585,4.637353850566445e-05
3021367,0.0029793368089004076
3023149,0.0017708002074783898
3024931,0.002653824037620848
3026713,0.002976036569881282
3028495,0.003820471495399993
3001766,249.99930388425284
3003548,0.0
3005330,0.0
3007112,0.0
3008894,0.0
3010676,0.0
3012458,0.0
3014240,0.0
3016022,0.002181686475299118
3017804,0.0025156084379116296
3019586,0.0031535338388625593
3021368,0.0
3023150,0.0016916846460659234
3024932,0.002787773080559901
3026714,0.005030899272402089
3028496,0.011903041050503693
3001767,14.97206049581294
3003549,9.574066822228575
3005331,9.41962968852482
3007113,13.052425454718781
3008895,13.40406146714696
3010677,10.506876731003421
3012459,10.171589902108849
3014241,9.644932171928113
3016023,9.720778182725267
3017805,9.58185685945562
3019587,13.911328291328033
3021369,13.341059214527595
3023151,11.108720470152512
3024933,10.365679862302471
3026715,10.267218501517007
3028497,24.35630744859006
3001768,47.40384387619474
3003550,24.601666575240554
3005332,34.40028557566679
3007114,44.51969525528883
3008896,23.559019065697907
3010678,9.07109622555429
3012460,15.315096077036586
3014242,20.25971193601124
3016024,21.828078861575083
3017806,31.072127834047347
3019588,37.13843020820714
3021370,12.179584815677726
3023152,18.577134899441198
3024934,18.33049288780457
3026716,24.750722166980406
3028498,43.65411784922889
3001769,1.2374701332809992
3003551,1.121761620740716
3005333,1.0989425613282706
3007115,1.735767450816678
3008897,1.8471677249976395
3010679,1.2089914473522263
3012461,1.208733775399646
3014243,1.0316069005748465
3016025,1.0450951054562927
3017807,1.043801865740166
3019589,1.644232050750351
3021371,1.740170097083471
3023153,1.0750743596595627
3024935,1.095743026942829
3026717,0.9315465148038141
3028499,2.785412359978633
3001770,259.40082502380255
3003552,367.43009537689335
3005334,185.48213354302808
3007116,301.72013204246366
3008898,313.6292687841917
3010680,218.33399652915946
3012462,252.11334467946645
3014244,133.70983536421633
3016026,206.40144674821283
3017808,123.22984341939325
3019590,155.08677152732983
3021372,157.66344492612552
3023154,147.09648861796995
3024936,153.96848917421596
3026718,147.45537246475544
3028500,229.4827991783687
3001771,217.44619228399293
3003553,179.18594715539143
3005335,175.09463690295055
3007117,242.11503679989073
3008899,280.1040408407968
3010681,199.5313428100253
3012463,202.2487117058378
3014245,178.92754051940122
3016027,179.88386028697903
3017809,169.83952480318032
3019591,238.37615546472207
3021373,243.8795869984189
3023155,196.31283433666113
3024937,198.1542743056855
3026719,197.6320401857156
3028501,256.1466286339869
3001772,1.677124381264684
3003554,1.466424676736235
3005336,1.4989984121795554
3007118,2.0544891164226136
3008900,2.1837799971223064
3010682,1.6574320144822383
3012464,2.0289952246144662
3014246,1.5105484428849347
3016028,1.5603932195462242
3017810,1.652906072759933
3019592,2.2634153402114507
3021374,2.3723149628538054
3023156,1.7624991967988317
3024938,1.90492149205243
3026720,1.6984134403434226
3028502,3.9866055073807884
3001773,3.1692592840254643
3003555,2.790324203280736
3005337,2.734278958930625
3007119,4.332089240211911
3008901,4.66754080796253
3010683,3.148461157322155
3012465,3.070018650509796
3014247,2.7715245854043076
3016029,2.9472379324684272
3017811,2.677927114904499
3019593,4.161895299996141
3021375,4.426961615472066
3023157,2.947450847911101
3024939,2.883672380008408
3026721,3.083833385412166
3028503,3.9444832398458565
3001774,209.40709199192088
3003556,203.4427634336781
3005338,265.60340696884003
3007120,286.8504305594102
3008902,261.01423678768555
3010684,176.8213995019919
3012466,189.02752071905275
3014248,200.40685878825911
3016030,214.86156693782195
3017812,254.22218839518882
3019594,261.3688425933281
3021376,261.2972347368977
3023158,204.89668646411488
3024940,219.63474985921698
3026722,217.10297268983402
3028504,315.8674285535806
3001775,30.86843503417984
3003557,25.953934807660534
3005339,27.05662290749738
3007121,32.67349527731162
3008903,33.94790142620371
3010685,29.836712107638906
3012467,31.191302552532377
3014249,25.984592763474126
3016031,27.37128835943109
3017813,28.202645752559715
3019595,36.64116683547334
3021377,35.43333121148628
3023159,29.963056081784412
3024941,31.0209609409283
3026723,26.471413696742456
3028505,31.391195346903714
3001776,1741.1632759970353
3003558,992.028178474016
3005340,1097.0496582091403
3007122,1302.9248970362582
3008904,1482.8189462691582
3010686,1204.1617643252812
3012468,2397.6693469501806
3014250,1124.2035063959013
3016032,1194.9825620549352
3017814,1240.6089641091696
3019596,1528.7153526671912
3021378,1511.0984466263064
3023160,1282.1559517639587
3024942,2106.4698133010934
3026724,1198.2363038043668
3028506,2125.26993176682
3001777,202.14018325190668
3003559,0.0
3005341,0.0
3007123,0.0
3008905,0.0
3010687,0.0
3012469,0.0
3014251,0.0
3016033,0.004454312779701087
3017815,0.0036052085725305663
3019597,0.00437205291036672
3021379,0.008081758964539764
3023161,0.0069680296055435785
3024943,0.007972159675379752
3026725,0.007959227530099406
3028507,0.012199279075823024
3001778,0.4832130315637982
3003560,0.45716747685899595
3005342,0.4479854114182443
3007124,1.6978751711375206
3008906,0.48456258147011466
3010688,0.46822011812696246
3012470,0.5408607730373324
3014252,0.4214808890517612
3016034,0.4414790742807844
3017816,0.41221821820682664
3019598,1.502431814199247
3021380,0.4456888155848058
3023162,0.4137401061282704
3024944,0.5062806014986018
3026726,0.39836184205921765
3028508,1.6215529979804295
3001779,3.1715396083281924
3003561,2.7929502784972087
3005343,2.8432169664345524
3007125,3.65278599941808
3008907,3.577152576337138
3010689,3.0442086901895915
3012471,3.2923921139527095
3014253,2.4890616159905643
3016035,2.4217007748198625
3017817,2.6719911060216908
3019599,3.284727783887167
3021381,3.0716853656429257
3023163,2.5735393326402938
3024945,2.6330449861256713
3026727,2.6359708013724483
3028509,2.7570002280128656
3001780,0.3102328785988479
3003562,0.3064656972263442
3005344,0.2613729450213957
3007126,0.22631318160183497
3008908,0.10084008322119697
3010690,0.10261412399804475
3012472,0.09394112788094684
3014254,0.2547139452404064
3016036,0.2608701944041966
3017818,0.27134636634370773
3019600,0.2875367420559045
3021382,0.2097691595344736
3023164,0.19865726770997807
3024946,0.20272573561627963
3026728,0.27538673606422753
3028510,0.3060221907549909
3001781,4.043356368544937
3003563,2.4244071804850926
3005345,2.199186665610607
3007127,1.279528340891294
3008909,1.1649303268364914
3010691,0.9519548661516137
3012473,0.18876089959533446
3014255,2.3685012800664524
3016037,1.2565023040861985
3017819,1.4324787055274097
3019601,3.1725218513454596
3021383,1.5898494753900962
3023165,1.3617265257687172
3024947,1.2557451140643023
3026729,1.3255759153278535
3028511,1.648456910458144
3001782,2426.7710819053686
3003564,2543.3541445782726
3005346,2807.7073082002275
3007128,2887.900240457309
3008910,3009.4478936859377
3010692,2607.87035419103
3012474,2281.3333635239574
3014256,2238.3214596594776
3016038,2225.053015287041
3017820,2514.094478666632
3019602,2690.654204122588
3021384,2591.3363506511873
3023166,2354.65639351728
3024948,2354.0125318584824
3026730,2379.81754004571
3028512,2611.6298486314736
3001783,0.007141248209055054
3003565,0.008397438439178355
3005347,0.004631842090497911
3007129,0.0
3008911,0.0016733925126609323
3010693,0.009644664991291208
3012475,0.001313446469059969
3014257,0.0
3016039,0.001885174908469679
3017821,0.0021299170284923277
3019603,0.0
3021385,0.0
3023167,0.002506875231781808
3024949,0.0018629336408004082
3026731,0.0007067141989228601
3028513,0.0061968509437630645
3001784,694.8723424426848
3003566,697.9396096091326
3005348,775.4166778049429
3007130,734.8723531054802
3008912,788.7251610573554
3010694,736.1737449691026
3012476,661.6639736254948
3014258,612.4101842296099
3016040,606.3882819903305
3017822,640.9544285101566
3019604,656.6945566154413
3021386,702.1865653697124
3023168,651.7311906072026
3024950,648.7737790541396
3026732,636.0234345527275
3028514,705.620151296254
3001785,9.064860579900165
3003567,10.432594872477262
3005349,10.749532849831462
3007131,13.159666885246878
3008913,7.612322551935992
3010695,8.281182816720838
3012477,8.872809462288345
3014259,8.316222720607279
3016041,9.22925985285061
3017823,10.772431467450856
3019605,13.078898615775683
3021387,7.8441245483726165
3023169,7.653687440931496
3024951,8.215868277035684
3026733,8.059066380903642
3028515,9.060129227250757
3001786,981.2723135906759
3003568,862.0431807614538
3005350,925.5364508078013
3007132,1032.611255853579
3008914,859.9142904628246
3010696,986.656220737942
3012478,895.4577967217556
3014260,756.584649963375
3016042,760.6551539679446
3017824,811.8956065144879
3019606,853.3724472250242
3021388,786.737770693789
3023170,811.7744815492025
3024952,818.056749638694
3026734,821.1189587901918
3028516,945.4850756361253
3001787,738.0389529585169
3003569,581.4735227767953
3005351,609.3538454812904
3007133,610.5750846444813
3008915,713.0338464715901
3010697,688.5629114416415
3012479,583.9224524619525
3014261,556.7411282128029
3016043,499.2700136796005
3017825,526.7120638205073
3019607,560.195039601524
3021389,547.4229245472403
3023171,542.7558666222053
3024953,542.5083682290559
3026735,592.8329626428158
3028517,598.3308223075146
3001788,243.0689945507596
3003570,209.1380674221232
3005352,276.0132296100283
3007134,204.93417365255678
3008916,216.15623156342772
3010698,206.33588259962562
3012480,198.8024059821514
3014262,185.71380296406468
3016044,189.74473973974554
3017826,224.22700834340398
3019608,207.84950267373605
3021390,203.93627877262284
3023172,202.512260144338
3024954,202.7882236025591
3026736,202.81653083158608
3028518,226.90474514853256
3001789,117.33985583846983
3003571,126.7824657758286
3005353,127.39510017356288
3007135,127.69931458293786
3008917,147.07424702494743
3010699,227.6223230270655
3012481,108.5320379149884
3014263,126.59469049591372
3016045,126.82744963095779
3017827,131.09373163850546
3019609,142.8887122557978
3021391,147.02235389291792
3023173,194.4110416756881
3024955,128.25912034999251
3026737,133.28658555060255
3028519,145.47105132043328
3001790,65.48289609218308
3003572,66.59138272434525
3005354,76.93033270214383
3007136,80.68855570500777
3008918,54.33342199995036
3010700,56.587738700387526
3012482,53.42383296090792
3014264,57.366839043092135
3016046,59.84148482655155
3017828,67.65155405756671
3019610,79.98128090371118
3021392,53.38528487303484
3023174,54.99815715062266
3024956,55.99170365508001
3026738,59.845241807977324
3028520,66.702834491452
3001791,4141.680164267359
3003573,3932.719134009858
3005355,4250.788983736776
3007137,4323.100182218214
3008919,4621.65521918781
3010701,3970.1377074489187
3012483,3958.593879976985
3014265,3553.6874511197075
3016047,3595.2176975391553
3017829,3924.9843919487953
3019611,4152.484200219115
3021393,4007.244645021065
3023175,3770.9184695369095
3024957,3805.369038802388
3026739,3826.300749164557
3028521,4307.6187617557525
3001792,6.816133049482015
3003574,6.383419505729634
3005356,7.197318272301448
3007138,10.212768455479877
3008920,9.054228245652132
3010702,5.811186868553918
3012484,7.143385789155103
3014266,5.470348843676099
3016048,5.803192555789534
3017830,6.829240438951452
3019612,8.715595858752671
3021394,9.237344600288461
3023176,5.727391177195206
3024958,5.943614477981278
3026740,5.889747504195891
3028522,6.676094915548576
3001793,2.8580449431480495
3003575,2.8040653148927217
3005357,2.5386453220620186
3007139,2.0545547226577594
3008921,2.4239317958397812
3010703,2.2691304699977555
3012485,1.7670955954770686
3014267,2.7172923616028704
3016049,2.5743484359092483
3017831,2.691031653851688
3019613,2.6341908111739887
3021395,2.4618955938652927
3023177,2.307721385700684
3024959,2.268515207211592
3026741,2.705082596853775
3028523,2.700097519959723
3001794,30.431756723517065
3003576,23.494244931931433
3005358,24.03743608834664
3007140,28.228040855812328
3008922,20.107667774307167
3010704,15.824741685368886
3012486,19.08515192582971
3014268,20.023641864012344
3016050,18.021964737640513
3017832,22.749528111970218
3019614,24.73240923640205
3021396,17.831741954437447
3023178,17.005105875626857
3024960,20.401101242122994
3026742,23.989505361055876
3028524,19.94681767842002
3001795,45.227720627949935
3003577,31.373530964218205
3005359,36.688202555156984
3007141,39.11121534489222
3008923,34.86727542167067
3010705,35.996713738349676
3012487,37.85453060692095
3014269,31.585115354429774
3016051,32.665214129332384
3017833,36.57348327833868
3019615,36.00443278645532
3021397,31.68570090033332
3023179,33.38486532074703
3024961,33.34827318071485
3026743,31.458000823201456
3028525,36.91871369237048
3001796,0.09640148419666943
3003578,0.038963411807068
3005360,0.03128979688536171
3007142,0.019753892689080094
3008924,0.08580503694469101
3010706,0.11910677660561715
3012488,0.0319963197900626
3014270,0.02128770691685135
3016052,0.015555263958492202
3017834,0.012881063382541516
3019616,0.016760038280319852
3021398,0.008589965574717013
3023180,0.02974263750767693
3024962,0.029066338589711745
3026744,0.05934224935820968
3028526,0.042966832739888
3001797,220.1022726582615
3003579,189.88498789361645
3005361,200.0998483476733
3007143,203.5415687953183
3008925,214.8725529997123
3010707,203.96035331486337
3012489,199.26814134139394
3014271,169.38362430783476
3016053,170.1040111413914
3017835,184.3485636974069
3019617,193.53176824516254
3021399,187.26356580410183
3023181,184.55586731245555
3024963,188.52953132642722
3026745,189.30845448395272
3028527,222.734814827162
3001798,1.417138268898709
3003580,1.4343492606082682
3005362,1.4328672767442636
3007144,2.193687827039106
3008926,2.4170214975634163
3010708,1.5080852553215418
3012490,1.2645049623477058
3014272,1.497610584426293
3016054,1.4996467107534592
3017836,1.5941497090070185
3019618,2.515330026924749
3021400,2.420386517062017
3023182,1.3918755064343717
3024964,1.323540262640642
3026746,1.2947436533239478
3028528,1.417091886127283
3001799,16.677983347702618
3003581,3.388403879075621
3005363,4.3577531340774405
3007145,4.50962713446944
3008927,2.964559395839753
3010709,3.1542266091904216
3012491,3.986705204512679
3014273,2.7637782392872956
3016055,3.5256940257841074
3017837,4.561149329835864
3019619,4.9013356320357
3021401,3.2454518095287774
3023183,3.0463310403708364
3024965,5.491546777109044
3026747,3.399491816857355
3028529,3.7754473710620036
3001800,11.002204636084949
3003582,2.861409049313737
3005364,2.5923559032488614
3007146,3.1714576323296235
3008928,2.7108566292214333
3010710,2.915089314787854
3012492,1.8459474866551144
3014274,2.670746072874467
3016056,3.403734040370986
3017838,3.351629777154976
3019620,3.5755692153960386
3021402,3.2381613601605665
3023184,3.525891827009037
3024966,3.332960055782811
3026748,3.464312734720037
3028530,3.7294538854173243
3001801,37.01389758864267
3003583,26.157461257571967
3005365,43.473169517628
3007147,51.50798510406685
3008929,14.434933019577604
3010711,11.858641894092367
3012493,13.26539742646114
3014275,23.880020125409107
3016057,25.149716649078727
3017839,29.254505828805886
3019621,34.91845003343567
3021403,18.889907727534688
3023185,13.220611564232344
3024967,12.858756723194809
3026749,15.166675067805519
3028531,20.53062947301587
3001802,2.774219761052898
3003584,2.8969299481384856
3005366,3.118481951326149
3007148,3.9009210719504925
3008930,3.472363955056217
3010712,3.718164983987259
3012494,3.21425257487129
3014276,2.400699564831008
3016058,2.455080415814236
3017840,2.923216333453713
3019622,3.3956629011623627
3021404,2.7616628926278217
3023186,2.578959104161578
3024968,2.4566578641333057
3026750,2.153505527014662
3028532,2.2684392364688573
3001803,180.5876307265943
3003585,227.24457755801026
3005367,166.7160478559976
3007149,148.1860081963948
3008931,169.83674152446517
3010713,175.48468585202284
3012495,167.31944244891903
3014277,148.88671721425533
3016059,188.27276640476728
3017841,150.64043223868498
3019623,156.50541809847775
3021405,150.1277916258795
3023187,162.82358315087154
3024969,162.2940529221644
3026751,160.6253919392499
3028533,218.52177843040317
3001804,282.66877030526285
3003586,246.3074084168529
3005368,256.9248727722251
3007150,312.642712901497
3008932,271.7462787135864
3010714,263.43967954608405
3012496,245.37391590133055
3014278,221.04578059298134
3016060,226.60116155396335
3017842,229.53663078465843
3019624,252.3193396522404
3021406,238.2700625705553
3023188,246.7980315424477
3024970,245.90489461916695
3026752,245.7309344543019
3028534,282.4282626759098
3001805,3.28448826936746
3003587,3.058797888608248
3005369,2.9972244226604965
3007151,3.717902748188973
3008933,3.485049278058265
3010715,3.864092536128004
3012497,3.723309881935029
3014279,2.6857551387758964
3016061,2.7311635404706442
3017843,2.816440370983244
3019625,3.4062260660315875
3021407,3.1404429061908883
3023189,3.137448958889936
3024971,3.0484152366457558
3026753,2.7665083965118025
3028535,2.9454028947819206
3001806,5.750718818476325
3003588,6.226971789690658
3005370,6.112591864966981
3007152,7.240354050139399
3008934,6.866828956921748
3010716,6.2974808951154815
3012498,4.826517484748538
3014280,5.6235663152730275
3016062,5.682503634323019
3017844,5.7580112810813375
3019626,7.074687409130202
3021408,6.93320789713976
3023190,6.42295294124222
3024972,5.484153161224035
3026754,6.095491937339985
3028536,6.902387617445625
3001807,146.09469206489874
3003589,145.83693545682266
3005371,179.14426467126614
3007153,151.66072832255296
3008935,155.24830071575465
3010717,147.94379240683548
3012499,123.89387623850335
3014281,128.56657253803212
3016063,133.9773651798849
3017845,151.32908518171473
3019627,138.92287555546397
3021409,137.17234324772144
3023191,136.85056271371192
3024973,137.39520600167643
3026755,136.73194815908616
3028537,153.33651759329624
3001808,31.341841878833307
3003590,29.10901222646675
3005372,34.12373574947972
3007154,34.62121669959216
3008936,28.242713218471923
3010718,30.17517643578272
3012500,29.410198085580504
3014282,25.726143433141377
3016064,28.0240812506197
3017846,29.391013220646368
3019628,30.193426367283053
3021410,27.384536376143288
3023192,27.887051915872348
3024974,28.103674223309298
3026756,25.408040294858427
3028538,28.74282339015615
3001809,889.2666142057218
3003591,594.9506220508691
3005373,632.9398530188902
3007155,672.1666793789338
3008937,654.8305885158618
3010719,691.2388203032352
3012501,994.5538052697333
3014283,714.6357198689625
3016065,748.6607694337648
3017847,805.2351621204556
3019629,843.0523633562212
3021411,807.3298589276568
3023193,786.2260630073633
3024975,996.8999779463202
3026757,761.7776167934866
3028539,854.6783068560948
3001810,34.82488021254894
3003592,1.469882554752154
3005374,1.4286674114192592
3007156,2.1282955755857293
3008938,2.7370786980234807
3010720,1.3920921464318097
3012502,1.3658334183398457
3014284,1.6242102004280836
3016066,2.802614565468931
3017848,2.9584988609180165
3019630,3.919137426264019
3021412,4.756370035486111
3023194,3.134924335208828
3024976,2.861156971832347
3026758,3.0287317781632392
3028540,3.714186562529856
3001811,2.458047591983531
3003593,2.384805982180719
3005375,1.8883442374071862
3007157,4.540439960102671
3008939,2.072219580193261
3010721,2.157165517813944
3012503,1.977756215734755
3014285,1.8390465864163967
3016067,1.6575212455520152
3017849,1.7113629615654566
3019631,4.161846508733784
3021413,1.94340327971409
3023195,2.1091688526017633
3024977,2.00307864457537
3026759,1.7712174692323874
3028541,1.9641772391587924
3001812,2.902247737234602
3003594,2.815608735067094
3005376,2.935580341975158
3007158,4.515134690127275
3008940,4.56991570980596
3010722,2.5752435666238718
3012504,2.7206320160093633
3014286,2.583975749351014
3016068,2.5742885224976177
3017850,2.6190702966947375
3019632,3.9553613857946957
3021414,4.34240008878751
3023196,2.504665695966452
3024978,2.806332838889947
3026760,2.5246826452880784
3028542,3.116523182111712
3001813,0.0
3003595,0.0004966079128152738
3005377,0.0076594738043671146
3007159,0.0008295300033584406
3008941,0.008291037577342045
3010723,0.0
3012505,0.0
3014287,0.0
3016069,0.008777781179880808
3017851,0.0
3019633,0.0017993064998572143
3021415,0.0008178203903352302
3023197,0.0
3024979,0.0
3026761,0.0
3028543,0.002264786372183364
3001814,2.4428106099510756
3003596,0.024297705348114398
3005378,0.02046218832492795
3007160,0.15958533268878847
3008942,0.22794271325709115
3010724,0.23655039796255437
3012506,0.2753037718277443
3014288,0.21896476646326668
3016070,0.33837243030789005
3017852,0.3604813468263444
3019634,0.5863916318964344
3021416,0.5312284183021343
3023198,1.385346408496775
3024980,0.34832747214374377
3026762,0.29684067546722886
3028544,1.5828320930868118
3001815,1424.635046170941
3003597,1391.6425665906033
3005379,1549.7738000788265
3007161,1845.5238999147296
3008943,1629.2435775371184
3010725,1274.3620141340682
3012507,1312.7723666975514
3014289,1172.9747124691687
3016071,1204.927145855326
3017853,1257.880286426376
3019635,1501.0917964166917
3021417,1441.6033681179633
3023199,1227.3107713340366
3024981,1259.714240147845
3026763,1224.5803385112908
3028545,1433.135679053241
3001816,0.0
3003598,0.000460771099661739
3005380,0.0
3007162,0.0006594842514963464
3008944,0.0006857930117895663
3010726,0.0
3012508,0.0
3014290,0.0
3016072,0.0
3017854,0.0
3019636,0.0017870508501817877
3021418,0.001174536411507193
3023200,0.0
3024982,0.0
3026764,0.0
3028546,0.002271294743334956
3001817,122.82116466409282
3003599,109.55675173232608
3005381,95.69774360811228
3007163,123.89779204865708
3008945,161.64762547092252
3010727,116.95432382109988
3012509,107.75648564672507
3014291,106.7605618226172
3016073,106.70825842670884
3017855,106.89049229832432
3019637,136.73394730859562
3021419,161.8218837610434
3023201,117.2689549686673
3024983,114.47523753482498
3026765,106.54252076450234
3028547,121.55753565241962
3001818,1.567243147494447
3003600,1.7254425463914471
3005382,2.1338446027148588
3007164,2.3758117145344606
3008946,1.5361413628659608
3010728,0.9747776527026307
3012510,1.0492886657163794
3014292,2.700001157872918
3016074,1.6128716756508528
3017856,1.8508782401906698
3019638,2.4844948574218075
3021420,1.7631621250399212
3023202,1.139680718495346
3024984,1.289639110899762
3026766,1.4571553965208022
3028548,1.7446405622087748
3001819,461.1138011287226
3003601,424.25045510813993
3005383,447.0238317393821
3007165,528.557903590073
3008947,489.96782153635127
3010729,407.19949726365434
3012511,401.888874323058
3014293,358.28636258868437
3016075,374.68099772447226
3017857,358.8945540102741
3019639,450.66034409939675
3021421,434.4744905369284
3023203,370.20619757464306
3024985,367.25646579570093
3026767,373.18817534572696
3028549,446.9028206116764
3001820,215.41890278204195
3003602,139.56636293763952
3005384,143.58742891144178
3007166,210.91375205343752
3008948,182.09781561075224
3010730,142.9948029423666
3012512,134.7280168084541
3014294,176.61304753543047
3016076,145.5302190593247
3017858,140.3828146350552
3019640,181.69937979069394
3021422,178.6333021869918
3023204,152.51264155808607
3024986,156.78065594151659
3026768,181.17415238967848
3028550,169.39084736419684
3001821,104.22641376788728
3003603,85.54304232751944
3005385,112.2237376159498
3007167,103.83718040269603
3008949,102.49502354258159
3010731,90.95958732744778
3012513,89.5450971727745
3014295,73.40595789991882
3016077,81.38747635077503
3017859,94.5367381645515
3019641,99.50485715999271
3021423,98.49627292203871
3023205,81.47309089888071
3024987,86.12684996908047
3026769,75.26504307266605
3028551,88.7914841704732
3001822,138.59970768033918
3003604,123.61807715664565
3005386,130.24294669370784
3007168,202.1799131752923
3008950,141.3412815375873
3010732,258.94624189348036
3012514,152.98700781599155
3014296,125.56408648068474
3016078,137.11205154684913
3017860,122.65983568840177
3019642,169.57626854761017
3021424,162.02154055638042
3023206,233.55901225759817
3024988,143.30428779429744
3026770,131.49423905595475
3028552,154.0020554151845
3001823,41.77572478683877
3003605,39.58998674860904
3005387,57.06629317776433
3007169,95.19713468596962
3008951,53.88582488166657
3010733,19.06759608149399
3012515,27.569289404067764
3014297,31.657333745705813
3016079,36.782362813721726
3017861,44.49838716929452
3019643,76.00915345815909
3021425,42.72303625832506
3023207,25.18829197212412
3024989,32.602891273106174
3026771,30.62018804914182
3028553,38.868642400350765
3001824,2038.279427316468
3003606,1810.7436204344547
3005388,1927.8719341633634
3007170,2310.9510896536
3008952,2098.3966918423725
3010734,1922.0247184671837
3012516,1771.205505039619
3014298,1733.462565804021
3016080,1807.4421534220808
3017862,1781.470488476377
3019644,2194.989288788889
3021426,2117.626203771179
3023208,1820.1878436235947
3024990,1848.8285114292328
3026772,1848.909607023842
3028554,2267.9531941201994
3001825,3.6804788007202354
3003607,3.454768477797851
3005389,3.892301683891986
3007171,4.799110743502048
3008953,9.57693541394481
3010735,2.724821962410621
3012517,3.6006064816772985
3014299,2.712803576087575
3016081,2.8404518334722755
3017863,3.2832173688130233
3019645,4.469394510207273
3021427,9.4993138121658
3023209,2.701706929150325
3024991,2.996430506634167
3026773,2.957816159808303
3028555,3.2799083754596077
3001826,0.4361188533631723
3003608,0.3555553618898461
3005390,0.3193604934236518
3007172,0.417430871779685
3008954,0.23727458431692408
3010736,0.17783354003329577
3012518,0.17119491063836514
3014300,0.44233411014515855
3016082,0.42752462031793687
3017864,0.38953806730127355
3019646,0.5513999136431152
3021428,0.47592269136690596
3023210,0.33323884453447516
3024992,0.3347876555093387
3026774,0.4032792456513754
3028556,0.47423961745489346
3001827,11.98462433147939
3003609,9.191866560059395
3005391,7.664896600006088
3007173,11.142299472098799
3008955,11.055768666007175
3010737,7.750417717047604
3012519,8.09063082977888
3014301,5.884810635423641
3016083,6.609335050030249
3017865,7.128548130289694
3019647,13.08648636122245
3021429,8.377662088987776
3023211,8.833299838678137
3024993,7.103903544050844
3026775,6.242857589089602
3028557,9.160065557379367
3001828,11.919581651783043
3003610,2.7605684276786575
3005392,2.5495648228066856
3007174,3.191644039261956
3008956,2.8167935874636822
3010738,2.1778810549568868
3012520,2.6067041355912477
3014302,2.551656153454473
3016084,3.5527025423010343
3017866,3.4078572412802424
3019648,4.950905397251996
3021430,6.9190100013505065
3023212,2.9129737166305776
3024994,3.2525139714441718
3026776,3.188925715597135
3028558,3.581455569125625
3001829,0.13861672542173883
3003611,0.11619741913475838
3005393,0.09967778275501292
3007175,0.15393107439875078
3008957,0.20762459231012653
3010739,0.19344599118809935
3012521,0.2854446323560875
3014303,0.05294541028747213
3016085,0.05537370861935655
3017867,0.06114931768597296
3019649,0.09986420361387649
3021431,0.09601308670791596
3023213,0.06674249486994054
3024995,0.09871961039027626
3026777,0.04696502404276189
3028559,0.04512111139100711
3001830,84.92429762731321
3003612,91.29436354598484
3005394,81.9614484877659
3007176,111.32956186655717
3008958,107.81821743899063
3010740,88.22438647077746
3012522,82.72191637938329
3014304,69.27862769767268
3016086,77.61858656310109
3017868,72.23928077786513
3019650,109.42511618734568
3021432,104.76603693695954
3023214,74.77475478057337
3024996,77.70853664206334
3026778,70.68193832161428
3028560,94.82411103710304
3001831,0.0014921510293224314
3003613,0.0007695668322107315
3005395,0.0002787547721450849
3007177,0.0
3008959,0.0
3010741,0.00024312482591132018
3012523,0.00042832185310037486
3014305,0.0006884410445210806
3016087,0.0008177558730637324
3017869,0.0009346422270200613
3019651,0.0
3021433,0.0004904406151104275
3023215,0.0
3024997,0.0
3026779,0.0
3028561,0.0011155188925073786
3001832,224.46038548932168
3003614,0.0
3005396,0.0
3007178,0.0
3008960,0.0
3010742,0.0
3012524,0.0
3014306,0.0
3016088,0.0015296524333157163
3017870,0.005851279345805004
3019652,0.012325904358399737
3021434,0.004762975854351895
3023216,0.0009919454274602306
3024998,0.0011748893725676533
3026780,0.00234516239752369
3028562,0.011683078123260216
3001833,14.1006608024244
3003615,0.011332316252687878
3005397,0.0
3007179,0.04102412735368569
3008961,0.029747451261662686
3010743,0.0
3012525,0.0
3014307,0.0
3016089,0.21703923003385492
3017871,0.2073521863216602
3019653,0.29175660866829206
3021435,0.2764552523291089
3023217,0.14524978902835875
3024999,0.15203387129067159
3026781,0.20388667410319752
3028563,0.23624773537160995
3001834,43.19519450511996
3003616,24.714309701846243
3005398,44.5595206828292
3007180,79.58768250184448
3008962,31.551211729897783
3010744,13.388037274158144
3012526,17.523958748736764
3014308,12.386834856727914
3016090,14.611683628031507
3017872,34.51971847512891
3019654,47.30764822181214
3021436,24.545118496270266
3023218,7.769713121486826
3025000,9.160768229275284
3026782,13.819641461784196
3028564,17.329765485315264
3001835,0.67036317863995
3003617,0.7234427024207178
3005399,0.7769245901419873
3007181,1.0143857867623596
3008963,0.9857086633512062
3010745,0.593480344447529
3012527,0.5863105480793801
3014309,0.5393088294187104
3016091,0.627055228730503
3017873,0.6580746667883636
3019655,0.9505181255364527
3021437,0.8831150275367756
3023219,0.6132900922879322
3025001,0.5806281633438196
3026783,0.4812543733027499
3028565,0.5924101290370799
3001836,150.46134715442005
3003618,297.3602061903653
3005400,143.24902758262294
3007182,140.9562156422668
3008964,182.94345209139672
3010746,146.64567754236546
3012528,179.14962011730572
3014310,157.78846724292893
3016092,263.03612047412554
3017874,156.6524253979695
3019656,194.89660681341647
3021438,197.25271887041754
3023220,169.6349417636286
3025002,179.0423106833961
3026784,163.33030118535646
3028566,295.91886689029485
3001837,86.71259667911615
3003619,61.03589527573843
3005401,66.02789155915856
3007183,92.08212525288123
3008965,93.17848886487847
3010747,74.132271098716
3012529,73.98034010166408
3014311,65.68691314833893
3016093,65.30334783473823
3017875,72.980700184524
3019657,89.49310507673822
3021439,92.51342782135119
3023221,67.76402531391894
3025003,67.75116335086665
3026785,64.39646240000184
3028567,77.54845853314212
3001838,0.6745272116043138
3003620,0.6258226711047964
3005402,0.6005954249137534
3007184,0.8891723504187241
3008966,0.8295037157310553
3010748,0.6516481060840494
3012530,0.8318034138919778
3014312,0.5025988863210726
3016094,0.5259931842656145
3017876,0.5100806310235836
3019658,0.7163314357370373
3021440,0.696251997275556
3023222,0.49672343396241675
3025004,0.5593758253025994
3026786,0.501006729853316
3028568,0.6149612404307372
3001839,0.8988606151045452
3003621,0.6606794376418974
3005403,0.666628225856618
3007185,0.9605526685172423
3008967,0.6456283169268068
3010749,0.5747566587058691
3012531,0.6618867061289052
3014313,0.596697540975459
3016095,0.5852619812940261
3017877,0.6127500040071003
3019659,0.9351838139485441
3021441,0.794908216459698
3023223,0.5723444036735773
3025005,1.9468805797481963
3026787,0.5872504314062056
3028569,0.766669323162689
3001840,38.715823401345915
3003622,64.96803121807973
3005404,64.83678700801728
3007186,60.72364916129792
3008968,50.90858796903739
3010750,32.355838675136305
3012532,38.07158987911993
3014314,39.99410020401405
3016096,48.153557213771904
3017878,57.89687776315156
3019660,55.04012515648858
3021442,50.62137091988254
3023224,38.38158092459054
3025006,41.655040384078696
3026788,39.29670840143266
3028570,55.46485858989752
3001841,16.689164015458715
3003623,15.20338625962097
3005405,16.36817458225396
3007187,22.623021436445253
3008969,21.222935294374523
3010751,14.598757705311511
3012533,16.61566503214647
3014315,13.586083520701413
3016097,15.54849646738669
3017879,16.28248471856708
3019661,20.825696821890627
3021443,19.958836691123263
3023225,15.05057655886658
3025007,15.884586129578807
3026789,13.486892576821722
3028571,15.652577952643489
3001842,486.31253341452685
3003624,310.3990766520545
3005406,325.6719286764615
3007188,417.02932392329257
3008970,379.3696342773987
3010752,335.34234416290695
3012534,634.8983150480663
3014316,377.29776429088935
3016098,426.83667757387894
3017880,435.79317771247815
3019662,510.0613460040507
3021444,507.97127845444567
3023226,427.0479908938703
3025008,614.8079645049553
3026790,402.0673192351278
3028572,495.94581987328985
3001843,38.62178162288708
3003625,0.0
3005407,0.0
3007189,0.0
3008971,0.0
3010753,0.0
3012535,0.0
3014317,0.0
3016099,0.022251779898140468
3017881,0.01963462630554085
3019663,0.029094407888578356
3021445,0.02985939929575863
3023227,0.016042769321398104
3025009,0.01930912462900162
3026791,0.05038638441401496
3028573,0.06449543073894501
3001844,0.9092713977218212
3003626,0.7296957572692339
3005408,0.7507479394838178
3007190,1.8769105401216766
3008972,1.2643556114274772
3010754,0.9287251242315273
3012536,0.9966207192091877
3014318,0.5787143578017383
3016100,0.7065076391464814
3017882,0.6829123324151571
3019664,0.8435213642088955
3021446,1.2456416914828183
3023228,0.8682063707326909
3025010,0.9974358578780192
3026792,0.7265858616469213
3028574,0.7770697267847533
3001845,3.8876267361975088
3003627,3.7956307946581958
3005409,4.3232172946729115
3007191,5.535888120831522
3008973,5.673626419669895
3010755,4.029577959260634
3012537,2.779138444038314
3014319,4.096521736161338
3016101,4.044078655153289
3017883,3.9038812406672445
3019665,5.492181188491028
3021447,5.490396913065702
3023229,4.053391432495103
3025011,3.576485688005382
3026793,6.807817118495578
3028575,4.1612930866418045
3001846,0.004930497664271051
3003628,0.004682460742125181
3005410,0.00034082015793123925
3007192,0.0
3008974,7.830673131144655e-05
3010756,0.004083562195285869
3012538,0.003666753601305257
3014320,0.001292040279911582
3016102,0.0018047432933455052
3017884,0.0033132381493743463
3019666,0.00017242169555121428
3021448,0.0
3023230,8.004713222645868e-05
3025012,0.0032996852149606757
3026794,0.0024700900242622136
3028576,0.008104999768955387
3001847,3.2065927193331247
3003629,1.6587144366759574
3005411,0.22030272211275015
3007193,0.4493999398362622
3008975,0.6606646115424667
3010757,0.4525066833916815
3012539,0.13728472036021885
3014321,0.517613399791448
3016103,0.6559624401796058
3017885,0.6355116188780229
3019667,2.2098989579970296
3021449,0.8670217218447315
3023231,0.6314665599142517
3025013,0.5599721546863504
3026795,1.9578876466440238
3028577,0.8245426462438675
3001848,3632.9989670615573
3003630,3108.242171262665
3005412,3522.954104220917
3007194,3869.3862219352304
3008976,4205.113599364782
3010758,3115.7113545131997
3012540,3356.9822379955963
3014322,3292.359759537258
3016104,3305.893415132243
3017886,3429.0979877521154
3019668,4029.951991470673
3021450,4009.848878333909
3023232,3343.1228440906048
3025014,3573.078908581756
3026796,4307.968306787545
3028578,3681.536295983211
3001849,0.006104489294304634
3003631,0.006553975201053976
3005413,0.0005405041821526899
3007195,0.0
3008977,0.0002800472385241572
3010759,0.003952367125096255
3012541,0.003758815160158966
3014323,0.0017714022753109483
3016105,0.0039916924206363025
3017887,0.0
3019669,0.0005523760239944078
3021451,7.343331059387852e-05
3023233,0.0006372712299352123
3025015,0.00372082497715275
3026797,0.0029564653102608796
3028579,0.0100938190601002
3001850,543.9074087111397
3003632,494.2896892414694
3005414,516.9193631908271
3007196,520.3972029513635
3008978,727.5188218082936
3010760,539.3146330547171
3012542,731.6533572894901
3014324,489.4345394616326
3016106,500.42037423714373
3017888,499.57008913279043
3019670,569.7364716244365
3021452,637.2127516746147
3023234,519.6190282768544
3025016,540.8630375136091
3026798,591.8044378786135
3028580,567.6655139126146
3001851,7.211332931876057
3003633,8.720744868013607
3005415,10.63577866497303
3007197,13.66599644695391
3008979,8.152726572894817
3010761,7.031167380311124
3012543,5.58861806415507
3014325,7.553655177791801
3016107,7.990085231819752
3017889,9.45036302617676
3019671,13.252500930263501
3021453,8.275477880018125
3023235,6.384781365038566
3025017,6.709901573659117
3026799,12.502740753717552
3028581,8.266888438219711
3001852,814.2182846241409
3003634,728.3874778740238
3005416,811.6476000131448
3007198,818.8620707147546
3008980,802.5872393127851
3010762,706.288872344273
3012544,791.2435167576901
3014326,751.5218379001099
3016108,751.2153487357017
3017890,778.9311784413259
3019672,902.2247942035091
3021454,881.3143630881044
3023236,779.9602721006135
3025018,854.4883769220287
3026800,921.1512189847921
3028582,921.7713852259175
3001853,632.9095088961953
3003635,466.18913219930033
3005417,549.52891411989
3007199,576.0175358216275
3008981,695.9158503492345
3010763,475.20882408096276
3012545,601.5242607421552
3014327,607.171410709031
3016109,527.4695209414593
3017891,540.7175338914061
3019673,629.7929025266122
3021455,633.9673089776767
3023237,555.7825715603436
3025019,598.6449573280515
3026801,645.9522888408854
3028583,622.4149689670375
3001854,214.35808430198122
3003636,168.08708318281705
3005418,239.76283561157706
3007200,201.2472148259967
3008982,225.25731224083313
3010764,162.74569072193117
3012546,201.41028979304178
3014328,170.9218296835384
3016110,178.57211657600078
3017892,207.63599342760912
3019674,207.0830352468213
3021456,208.67477350953035
3023238,181.5305715280973
3025020,203.21491912266
3026802,215.34172703578682
3028584,214.7516540455509
3001855,122.95298808256199
3003637,132.74481929373658
3005419,109.98820820113667
3007201,160.84005231833638
3008983,146.25736860631162
3010765,189.9896594162038
3012547,157.6267356139518
3014329,124.84023484309894
3016111,131.11649102681642
3017893,122.47363638190478
3019675,153.78162409667152
3021457,157.38875657502783
3023239,182.26326954649235
3025021,146.13126429397605
3026803,156.06867538844728
3028585,144.33006100465352
3001856,62.768455307532776
3003638,91.32865683671594
3005420,119.8232379753194
3007202,239.63404952534245
3008984,99.90747789683263
3010766,80.26005359522175
3012548,40.213576527273375
3014330,88.7282267685032
3016112,94.01357581176825
3017894,104.05331513510139
3019676,162.12231733227563
3021458,95.51379018894185
3023240,78.92188573020839
3025022,77.21120585723439
3026804,108.72144379625398
3028586,104.65854510821138
3001857,3853.0431867087877
3003639,3240.0893792316033
3005421,3552.005507202181
3007203,3870.5482249228953
3008985,4351.324702480763
3010767,3401.1641523597846
3012549,3786.7393782419167
3014331,3323.5897289120026
3016113,3410.063939583244
3017895,3451.6141277890033
3019677,4026.3167210960105
3021459,4008.3964335396
3023241,3454.869552754828
3025023,3731.9536865580735
3026805,4277.130054404118
3028587,3983.3499609899427
3001858,5.9679181090084334
3003640,5.806647458269581
3005422,6.5474411948826665
3007204,7.532122022760035
3008986,9.6753295776546
3010768,4.742758882319545
3012550,5.936760568795247
3014332,5.8527215908612
3016114,6.468067462160604
3017896,6.676300456138493
3019678,8.475321429200172
3021460,8.928695494378323
3023242,5.290218768728791
3025024,6.269268725840726
3026806,9.638140903958247
3028588,6.050887542703934
3001859,0.3470634971945524
3003641,0.34310062987192724
3005423,0.32224953496203984
3007205,0.437442643187076
3008987,0.4066156710225915
3010769,0.3719394492633779
3012551,0.1528079742041872
3014333,0.29454090923392423
3016115,0.31943227279593245
3017897,0.2961515416079616
3019679,0.4096213709847254
3021461,0.3964588248185594
3023243,0.3132442771273241
3025025,0.2638868157002679
3026807,0.2987390993303303
3028589,0.40897026566702693
3001860,30.130152142006363
3003642,18.617616330276906
3005424,26.1931716351837
3007206,27.35489402619811
3008988,18.09938345655667
3010770,15.389603879877148
3012552,20.576527756199678
3014334,22.147855668304953
3016116,20.436383527064915
3017898,24.39781971446489
3019680,31.02841031802853
3021462,14.596216886843694
3023244,23.26329275123093
3025026,19.299242269977327
3026808,34.813925947691466
3028590,22.34150778992578
3001861,14.707032719972139
3003643,7.978706934882848
3005425,9.927172518579386
3007207,10.885721769560483
3008989,11.098338798614643
3010771,8.890593018205903
3012553,10.474189407535162
3014335,6.292689519821988
3016117,8.880969184218577
3017899,8.695679450834652
3019681,13.498857251778611
3021463,11.640683330034001
3023245,9.225177735814773
3025027,7.6632327222375265
3026809,15.59597622389829
3028591,8.545321270383194
3001862,0.024378723811265168
3003644,0.018296852927645223
3005426,0.007926718014772995
3007208,0.009022682414832799
3008990,0.022857108334222363
3010772,0.024515529173854137
3012554,0.02323712173664272
3014336,0.016192435973844024
3016118,0.016456922101130065
3017900,0.005286065697029285
3019682,0.012899335177878722
3021464,0.014243121864959385
3023246,0.017664384467437393
3025028,0.03400509211723094
3026810,0.029522526117791225
3028592,0.0354120035702103
3001863,223.00906789052863
3003645,167.10905691662285
3005427,205.82330972360614
3007209,220.1697566108518
3008991,245.81200080431492
3010773,188.80787429703457
3012555,211.06971938755848
3014337,183.71104635953338
3016119,181.49999226518955
3017901,186.78839977216523
3019683,219.9924406435492
3021465,218.96160984199437
3023247,191.46556451293648
3025029,199.81090024142839
3026811,231.6797845668536
3028593,213.8086423450817
3001864,0.0018341534298252134
3003646,0.0
3005428,0.00015868691523771678
3007210,0.0
3008992,0.0
3010774,0.003984991681908321
3012556,0.003599019308501747
3014338,0.0014712984557782739
3016120,0.0005117837416623036
3017902,0.0
3019684,0.0
3021466,0.0
3023248,0.0
3025030,0.0008812513651309432
3026812,0.0011508377548354472
3028594,0.0052664821215274065
3001865,34.07895864524002
3003647,18.703701545199884
3005429,23.69415966715215
3007211,26.20346595842791
3008993,18.02142617172719
3010775,13.186312706675954
3012557,20.913010161233064
3014339,17.699022103750583
3016121,17.971199825712954
3017903,24.86947537563565
3019685,28.088467173106654
3021467,20.776367500775162
3023249,13.631818039262976
3025031,22.675481234068926
3026813,28.153695606848412
3028595,20.669941237633353
3001866,10.450421161475086
3003648,1.831717183078369
3005430,1.6756723415402657
3007212,1.6933475910829614
3008994,1.2936860776755095
3010776,1.3883373882715162
3012558,2.0892273416259997
3014340,1.8982587715916115
3016122,2.7183807429108917
3017904,2.592481414433122
3019686,2.9777114677718557
3021468,2.6188200011781757
3023250,2.4072811035580766
3025032,2.9216382603441478
3026814,7.820908118257736
3028596,2.8238655363897
3001867,68.60757507795365
3003649,43.63381527746504
3005431,72.54986962451163
3007213,101.86924259461044
3008995,53.26427562400534
3010777,22.567462362404452
3012559,43.93262575939446
3014341,35.131097945045376
3016123,39.473417326854474
3017905,68.98730475038705
3019687,92.29339240272668
3021469,40.237495715093125
3023251,26.891821992179388
3025033,34.86653474707749
3026815,63.98392579170942
3028597,41.73875155219235
3001868,1.3374324952855792
3003650,1.2610307462859291
3005432,1.4035967995723138
3007214,2.299475629998867
3008996,2.0772440760023403
3010778,1.56445841692587
3012560,2.324119211696578
3014342,1.0734778527077835
3016124,1.0976352288324407
3017906,1.2493921217964763
3019688,1.838762248190987
3021470,1.726047715183217
3023252,1.277706985719936
3025034,1.3947990961392576
3026816,2.4145009495792142
3028598,0.9710335263643626
3001869,217.27820825506123
3003651,402.2038067983467
3005433,184.38312446600662
3007215,212.64000896005066
3008997,212.37305175960992
3010779,206.35327820628513
3012561,226.34042823499237
3014343,211.10727554992636
3016125,324.42627898788373
3017907,207.5194538446186
3019689,239.2675223513711
3021471,240.18856222339068
3023253,225.40689012055108
3025035,243.88039061273278
3026817,311.6242850103705
3028599,353.6682485783777
3001870,222.04651621726578
3003652,176.70307726814005
3005434,201.443867892148
3007216,224.8345382595153
3008998,229.59856993778803
3010780,188.6403063452982
3012562,211.71394303280013
3014344,180.08688392605424
3016126,180.52264562278097
3017908,178.78490151562173
3019690,229.2544900277072
3021472,216.70405283870954
3023254,197.34470030506714
3025036,204.76268119463774
3026818,228.09286143588542
3028600,214.73688564490513
3001871,3.2029930698252636
3003653,2.7648067061837316
3005435,2.9068383566653253
3007217,4.027155477064147
3008999,4.30829997521182
3010781,3.791083754119736
3012563,4.144557205212073
3014345,2.9254271436718136
3016127,2.8748352507674717
3017909,2.780460523969383
3019691,3.8521358162543353
3021473,3.764075734161549
3023255,3.3123208975984575
3025037,3.5820085536333734
3026819,4.6658090511704815
3028601,3.393772015140808
3001872,2.9699501468216725
3003654,2.0391764904873986
3005436,1.9470356812567686
3007218,1.9910350112222304
3009000,2.0139201864370926
3010782,1.6682618824090805
3012564,2.7056399427701545
3014346,2.154931495445505
3016128,2.052502266468684
3017910,1.9587340140383038
3019692,2.453258762406721
3021474,2.3507986329908372
3023256,1.957821446720598
3025038,2.298193832496438
3026820,7.301088788826546
3028602,1.8145821482327775
3001873,111.29732779512074
3003655,111.51033106258342
3005437,156.77918170630082
3007219,122.75069934987268
3009001,115.7095911200643
3010783,112.57711611380823
3012565,148.32804952201158
3014347,105.18696667540495
3016129,116.08463275762001
3017911,135.18619425162422
3019693,131.4303026586433
3021475,129.1510147454833
3023257,112.02380398899258
3025039,125.0413893917206
3026821,137.81298794081349
3028603,128.41820567347415
3001874,40.298998302526265
3003656,37.69786126174624
3005438,42.86419459843774
3007220,43.347311645081625
3009002,41.89768412276174
3010784,39.75350873808795
3012566,48.940674979125106
3014348,35.841969166930106
3016130,38.63208982719772
3017912,41.32429613145381
3019694,45.492438838348875
3021476,44.16345718226581
3023258,40.23444404321895
3025040,45.99604136037161
3026822,42.980247217002216
3028604,40.854645214243426
3001875,1852.8918888951787
3003657,1061.4886092079444
3005439,1197.5872489214298
3007221,1369.9795843812287
3009003,1295.5912011131413
3010785,1221.9317781171883
3012567,3013.69565398496
3014349,1385.4501478100958
3016131,1469.8767397759405
3017913,1494.5713153522554
3019695,1688.4552865293656
3021477,1648.9805901582313
3023259,1520.0607060473676
3025041,2664.726469236177
3026823,2445.130502404694
3028605,1612.97597731463
3001876,18.533387524990516
3003658,0.0
3005440,0.0
3007222,0.01707389846823233
3009004,0.15814311858669203
3010786,0.0
3012568,0.23003039128894934
3014350,0.0
3016132,0.5560417165140528
3017914,0.47575906515324123
3019696,0.6533643291933394
3021478,0.8249728486841876
3023260,0.6122299934347345
3025042,0.6305448030702174
3026824,0.41824264454279686
3028606,0.5268061825427789
3001877,0.8346556022818792
3003659,0.8068046783755024
3005441,0.7771003644099647
3007223,0.6916329604949492
3009005,0.8730828813084416
3010787,0.23971826161203127
3012569,0.24139859219391635
3014351,0.9663871988635613
3016133,0.9893483822371216
3017915,0.9210195123407333
3019697,3.7170655366302365
3021479,0.8725452627011413
3023261,0.7803972614741209
3025043,0.8643040433797013
3026825,0.8319286034449836
3028607,0.9818249456186169
3001878,3.2252451719853195
3003660,2.7576131672471926
3005442,2.720859962414943
3007224,3.011600031184223
3009006,2.6211221108725655
3010788,1.956890397286232
3012570,1.8675846874366935
3014352,2.9236146739763513
3016134,2.805086029481552
3017916,2.9777523621730886
3019698,3.3879158246415817
3021480,3.104032789184391
3023262,2.7347958763214013
3025044,2.5641464295903327
3026826,2.9791991678441954
3028608,3.0140755543903714
3001879,0.015239145672913271
3003661,0.005168169935075793
3005443,0.0016938182513477479
3007225,6.659995465254196e-05
3009007,0.0
3010789,0.016005814521041845
3012571,0.007188258285630651
3014353,0.009094499099013841
3016135,0.0009712128514811963
3017917,0.0
3019699,0.0
3021481,0.0
3023263,0.004862740739715074
3025045,0.002426674545918803
3026827,0.005627123154420839
3028609,0.0019766940573231946
3001880,8.460954975907711
3003662,7.036399185438995
3005444,7.014189937852733
3007226,9.266247540818432
3009008,8.10067069353188
3010790,7.766759379916375
3012572,5.614951239823985
3014354,8.145973910508479
3016136,5.563171388041969
3017918,6.089602994922511
3019700,8.300129854805915
3021482,7.810130936238764
3023264,7.66369410150507
3025046,5.777672135411366
3026828,8.751799693053673
3028610,8.376264393433862
3001881,2813.5822096214506
3003663,2261.6526759479693
3005445,2279.907515290554
3007227,2518.875229330782
3009009,2001.8918289775563
3010791,2583.348183735538
3012573,2239.406570779362
3014355,2424.350474973949
3016137,2151.1325357922874
3017919,2413.693356211454
3019701,2491.9777977727317
3021483,2268.8186278758712
3023265,2325.2105333792524
3025047,2239.0471946413873
3026829,2425.3626192822953
3028611,2262.8598848158476
3001882,0.01519696467223347
3003664,0.0059518665315503256
3005446,0.002528353725027435
3007228,0.0011930544867490604
3009010,0.0
3010792,0.019424418643982522
3012574,0.006044739043088839
3014356,0.00828009795689349
3016138,0.0023138576830372846
3017920,0.0001283177135150519
3019702,0.0
3021484,0.0
3023266,0.0074773089745564245
3025048,0.0008515300930236174
3026830,0.004228991272331564
3028612,0.00149605740291117
3001883,580.8142390774989
3003665,510.540479013184
3005447,420.9055469486768
3007229,443.337670113139
3009011,440.0978796014709
3010793,580.8757192295035
3012575,471.9270385934719
3014357,526.1684569256812
3016139,456.31239037718814
3017921,484.68085855871436
3019703,494.1767449530298
3021485,472.23233882713293
3023267,508.4888675721441
3025049,481.24059191373755
3026831,531.2400272121637
3028613,502.4388941441437
3001884,6.9257852891395855
3003666,5.756506819447666
3005448,6.253820683390551
3007230,7.705481242813057
3009012,3.6440736468744164
3010794,2.8513527897292215
3012576,4.018199956866624
3014358,5.095965192607896
3016140,5.118375830199782
3017922,6.27611459951243
3019704,5.672773756077642
3021486,4.129095284407316
3023268,3.8424041751014406
3025050,4.220354237732434
3026832,4.870446622274804
3028614,4.849317407556076
3001885,1002.0211069750271
3003667,731.9942341891065
3005449,711.7708449187163
3007231,716.6532030920239
3009013,584.5488434090668
3010795,838.1473426465287
3012577,785.9283328059979
3014359,818.5850001275841
3016141,701.4224212938071
3017923,758.0730427472507
3019705,754.4365444312017
3021487,678.6050308364092
3023269,791.1170704577568
3025051,756.8108513366764
3026833,844.805684225661
3028615,797.5404701621491
3001886,968.4500173674328
3003668,754.8989225182307
3005450,781.4404512746905
3007232,763.3360515016683
3009014,640.5181005236071
3010796,932.8357723510256
3012578,760.2486175445894
3014360,828.413450106009
3016142,700.9986844107085
3017924,777.638143014069
3019706,781.9759658492444
3021488,715.2037871021334
3023270,795.0222160059901
3025052,765.0758542315875
3026834,841.294276985774
3028616,772.7973243901693
3001887,171.22212131544688
3003669,150.46294676008145
3005451,151.33843754724845
3007233,136.98578697631413
3009015,132.18425125702439
3010797,159.418541718625
3012579,144.86229031615096
3014361,139.49128306433752
3016143,126.03105991410087
3017925,143.62868326854996
3019707,135.20129570241758
3021489,125.01278362972111
3023271,137.09442996849396
3025053,132.28249776453447
3026835,139.29700763698457
3028617,136.6257111297201
3001888,136.86803224677655
3003670,105.6555428993888
3005452,116.84652947176585
3007234,112.07315077798575
3009016,100.6664614447444
3010798,122.90169119511306
3012580,113.97924060731663
3014362,114.977397100245
3016144,97.50336601438566
3017926,115.6899474684976
3019708,112.45403132271058
3021490,103.91682341802012
3023272,111.41955214161457
3025054,106.84167326178142
3026836,115.56035222761669
3028618,100.72815615511776
3001889,128.8123687416311
3003671,96.29549614242167
3005453,109.27668107083998
3007235,108.04443104875827
3009017,74.4144435072249
3010799,86.91359163342095
3012581,99.56352373568889
3014363,102.30041295239043
3016145,93.55600845614977
3017927,106.80489949887065
3019709,105.8577540058148
3021491,80.10475122672523
3023273,89.90446387586792
3025055,96.68948135694461
3026837,104.70461148234841
3028619,94.3493509146623
3001890,3940.3702476593535
3003672,2954.582053576973
3005454,2893.9348854562318
3007236,3044.519011076158
3009018,2423.079893656391
3010800,3427.085878624703
3012582,3210.4676029276866
3014364,3275.79679570308
3016146,2876.3146807532244
3017928,3177.2263146337305
3019710,3274.906793751188
3021492,2978.572323164953
3023274,3110.8327036767864
3025056,3040.2409193626227
3026838,3430.1627639403455
3028620,3159.8445818075347
3001891,47.716298207595514
3003673,39.330565596697795
3005455,43.45810847007996
3007237,41.143277692461886
3009019,29.18293583073292
3010801,41.79378616157149
3012583,42.26783945618516
3014365,41.99202621445973
3016147,37.001083800550525
3017929,39.456533320511944
3019711,38.223801593714605
3021493,31.65126544719865
3023275,38.474925600161846
3025057,38.89388133104204
3026839,41.01019907763057
3028621,36.031387669394995
3001892,1.3653890812594394
3003674,1.185040978677878
3005456,1.1764132430041963
3007238,1.4060747344861706
3009020,1.3195913351053645
3010802,1.197082362964224
3012584,1.1477462039731112
3014366,1.4729663290129338
3016148,1.1209343009228174
3017930,1.15280526876564
3019712,1.4522449114554614
3021494,1.2646290991602722
3023276,1.0906005950646425
3025058,1.0797830480908417
3026840,1.219797019464274
3028622,1.2274789812153684
3001893,37.732752114517474
3003675,31.908139571429235
3005457,31.232476904704367
3007239,36.9175910396019
3009021,24.351762950119518
3010803,25.849265432497806
3012585,23.383320837679637
3014367,28.08396518813659
3016149,26.493814969195864
3017931,30.6461269911035
3019713,27.76834914854973
3021495,23.450051267117942
3023277,26.384624069697633
3025059,25.698324511382808
3026841,27.154341837533366
3028623,26.292072968075743
3001894,37.27339016410183
3003676,26.354383860231398
3005458,22.63417506586305
3007240,25.550585207947478
3009022,22.476214851237103
3010804,26.24154266091684
3012586,26.346227503617197
3014368,21.689645942789088
3016150,19.727040598153508
3017932,26.345289683009742
3019714,27.725325682183723
3021496,23.650595872335334
3023278,24.904182829132182
3025060,22.980075402969163
3026842,22.67303390028616
3028624,21.451936764687826
3001895,0.03761980357256467
3003677,0.022902148550886625
3005459,0.024719913944623726
3007241,0.007940284357048704
3009023,0.07567302967561068
3010805,0.1211908964641063
3012587,0.03048772044672668
3014369,0.031719140654888955
3016151,0.017509239966597475
3017933,0.010767270987934527
3019715,0.000925378389056849
3021497,0.0
3023279,0.03116109232302634
3025061,0.03219880659133981
3026843,0.0688685831281136
3028625,0.05722587946959288
3001896,256.697586875212
3003678,188.16251996386657
3005460,170.49309183788802
3007242,208.16825642768427
3009024,166.8931914075734
3010806,208.6484186287008
3012588,197.5676254302263
3014370,190.33810851688114
3016152,171.14568323557413
3017934,181.05825743415426
3019716,194.52584641362043
3021498,173.2075432680662
3023280,181.42732902735224
3025062,178.9857967826431
3026844,197.3194954485714
3028626,184.01917006081916
3001897,21.568004771479067
3003679,17.226323236474204
3005461,17.011414958332377
3007243,26.784070635778807
3009025,20.70320004024565
3010807,19.26669150746473
3012589,18.62307105221037
3014371,17.20130549156523
3016153,15.807508807619698
3017935,18.156493423350327
3019717,24.43323901136544
3021499,22.48999783879894
3023281,17.30981999177303
3025063,18.180335659622532
3026845,18.590784399289877
3028627,17.544036999241147
3001898,36.12742535878914
3003680,15.93678054296681
3005462,18.527231166082387
3007244,16.679857799825466
3009026,12.604719633460235
3010808,12.936125555215376
3012590,15.882813481067648
3014372,23.311717535451663
3016154,13.581197012647323
3017936,17.02125362672503
3019718,16.521543537750755
3021500,11.814086630680286
3023282,13.07193865365578
3025064,14.731056770658844
3026846,23.108884829801184
3028628,14.35674187396981
3001899,8.1318410609271
3003681,0.96091298743048
3005463,0.947291923195707
3007245,0.9633049291205595
3009027,0.9539499354013362
3010809,1.074989323883799
3012591,0.9655939609823095
3014373,0.9913553087716522
3016155,1.3443756379360492
3017937,1.4183064612115726
3019719,1.3324067237699238
3021501,1.293690226552483
3023283,2.5441805614271154
3025065,1.198727650524
3026847,1.4082517472012768
3028629,1.2755064040692943
3001900,110.40903430080772
3003682,117.87468905432657
3005464,129.2151704830242
3007246,141.354352552625
3009028,66.41176529555206
3010810,55.56282990781627
3012592,76.14413894215365
3014374,84.85481600359203
3016156,81.12052449131016
3017938,103.23035242874096
3019720,91.3323993320505
3021502,53.35421534065075
3023284,56.430158141391075
3025066,62.829882366823654
3026848,80.02612176542307
3028630,67.7349213786262
3001901,11.74617517211506
3003683,10.527105107468314
3005465,12.452481725050584
3007247,13.616525997931193
3009029,10.600866004741237
3010811,11.25224575200798
3012593,11.397460244525407
3014375,10.280169094459444
3016157,9.380843545279648
3017939,11.427774486067344
3019721,11.862340555728508
3021503,8.799774075294064
3023285,10.240151088763614
3025067,9.562908908446387
3026849,8.830093553388421
3028631,8.444354492473826
3001902,251.17791811377015
3003684,206.82534121352197
3005466,277.733193613653
3007248,177.58664949595297
3009030,144.9418852249809
3010812,191.45758648721548
3012594,210.52475903516867
3014376,200.96914028344804
3016158,176.14623071564372
3017940,240.68356340642364
3019722,184.56887297914705
3021504,165.33467730240645
3023286,193.05282993411296
3025068,190.27384013481787
3026850,203.72369282509624
3028632,186.60134051834294
3001903,319.4289030182509
3003685,239.92073216754935
3005467,212.89729690246472
3007249,256.98358851199606
3009031,217.97996741644283
3010813,275.95523813068775
3012595,258.9878311799894
3014377,244.20859033066463
3016159,210.95955162423252
3017941,224.10677732074313
3019723,258.010757737353
3021505,243.67946983993332
3023287,244.14783821214078
3025069,239.22780346976515
3026851,255.76598559340417
3028633,260.3300917774923
3001904,12.611841062569148
3003686,11.142336672840088
3005468,10.885665485754208
3007250,13.484283086210246
3009032,12.222586187810327
3010814,12.31992262594933
3012596,9.722447806654825
3014378,11.149138044368442
3016160,10.029050092251033
3017942,10.141744299633125
3019724,12.06818338255217
3021506,10.391280712255154
3023288,11.489515483681858
3025070,10.111108580405828
3026852,11.948479838276974
3028634,11.109278043509685
3001905,14.69258560995866
3003687,11.830381072411432
3005469,12.230109401898586
3007251,13.737327298324002
3009033,13.365685108782706
3010815,13.351992348070743
3012597,12.539799561914982
3014379,12.553040332736972
3016161,11.014133542494134
3017943,11.360013666424058
3019725,12.95282320589916
3021507,11.394192034888173
3023289,12.427042861286568
3025071,12.023651889361352
3026853,12.316880109690041
3028635,11.554616593119732
3001906,281.52674610046387
3003688,215.4087308875943
3005470,272.9096335296154
3007252,230.64791044346444
3009034,213.40194517976371
3010816,238.50597574014012
3012598,225.25323876243434
3014380,231.58902914323644
3016162,203.02054464716548
3017944,260.8648726524016
3019726,221.30492365491318
3021508,206.3619293447138
3023290,215.82767849296388
3025072,212.98660967423632
3026854,233.69606001363286
3028636,217.52145335545583
3001907,79.01626091372863
3003689,72.08617072948236
3005471,73.7776063904716
3007253,63.4934936364929
3009035,60.473889651165244
3010817,75.5788511427961
3012599,70.99776849370868
3014381,71.77177235266345
3016163,65.12755652201018
3017945,67.68773698623791
3019727,66.76350816470067
3021509,57.60610191084439
3023291,68.77220267296786
3025073,65.19718299600694
3026855,69.83146681275947
3028637,65.31110409834321
3001908,3856.169622663994
3003690,2011.7061134045546
3005472,2138.474397778036
3007254,2090.2525696138096
3009036,1714.8710213034753
3010818,2212.1855507853516
3012600,1986.9656920337975
3014382,2871.70648225142
3016164,1784.2739611229317
3017946,2096.843905985595
3019728,2129.6574121845974
3021510,1897.7429759634385
3023292,2050.554309641075
3025074,1968.775022009863
3026856,2894.8975160290806
3028638,1859.1818860416624
3001909,238.90825750613442
3003691,0.0
3005473,0.0
3007255,0.0
3009037,0.0
3010819,0.0
3012601,0.0
3014383,0.0
3016165,0.006541894000911691
3017947,0.00019534528896127123
3019729,0.0007343610489635957
3021511,0.0
3023293,0.028736110485516508
3025075,0.006999224076918848
3026857,0.009025995918866736
3028639,0.0221905606722482
3001910,13.177333657388237
3003692,10.77101172939278
3005474,15.5433186946089
3007256,11.377313667460795
3009038,10.358115582678465
3010820,11.8054744074038
3012602,11.406848028058269
3014384,10.947901830986263
3016166,9.09605077794287
3017948,14.955692199886995
3019730,10.920434461627934
3021512,9.062841127762598
3023294,10.16175978280601
3025076,10.03389830530381
3026858,10.275864349594524
3028640,9.329753782637235
3001911,4.712324807081001
3003693,4.3284046458350005
3005475,4.7046684766560665
3007257,7.78325679408276
3009039,7.0854972823265046
3010821,3.791011957592073
3012603,4.355759820377778
3014385,4.270682710418612
3016167,4.04340030294168
3017949,4.433516303023417
3019731,7.057424432714755
3021513,7.218687007666888
3023295,4.072808345037653
3025077,4.144252481545118
3026859,4.358439013908151
3028641,4.732631581007113
3001912,0.010178893870397393
3003694,0.0025303506461224596
3005476,0.007637106424237323
3007258,0.0011958924349585584
3009040,0.0014410670861016836
3010822,0.009490340596084284
3012604,0.0069110853676379634
3014386,0.011875359123222818
3016168,0.003051473590278481
3017950,0.005747361696218524
3019732,0.000782173791864284
3021514,0.0005951343150545771
3023296,0.0034108632812871365
3025078,0.003838386540424775
3026860,0.008896366920229347
3028642,0.0033956789155328037
3001913,7.977804608002809
3003695,6.649447081056583
3005477,6.6492525331257335
3007259,10.78770117402774
3009041,9.421658527600348
3010823,5.44698332495555
3012605,6.978120021888316
3014387,7.358364705607392
3016169,3.5747431067603124
3017951,5.8413486761005045
3019733,7.986252008992804
3021515,10.52810325024852
3023297,6.164451178644566
3025079,4.491529133841379
3026861,6.782563991923932
3028643,7.0830462438779955
3001914,2068.7977802259243
3003696,1793.9952767615093
3005478,2078.476424267977
3007260,2678.5196364018084
3009042,2547.452089625962
3010824,1767.0134911414095
3012606,1633.961761885386
3014388,1852.6194985556256
3016170,1689.8517608028608
3017952,1959.5206279350614
3019734,2269.250629825847
3021516,2169.8455690518263
3023298,1723.4733335971644
3025080,1748.8916384812298
3026862,1906.937888702608
3028644,1790.3568972730966
3001915,0.009448805430969758
3003697,0.0030447756941268736
3005479,0.009236774294706247
3007261,0.0008115969873843293
3009043,0.001420450169621179
3010825,0.013264068723754257
3012607,0.006169396152569989
3014389,0.011339212265192253
3016171,0.004467142934936184
3017953,0.007457828043633556
3019735,0.0010390997534596737
3021517,0.0010564965528053834
3023299,0.005605631838870022
3025081,0.0019161382570721953
3026863,0.0067368092810291234
3028645,0.0029368105160485544
3001916,468.7075043256612
3003698,387.4935326043789
3005480,380.0387316053768
3007262,519.6424937219664
3009044,507.81931622293996
3010826,416.91700691120104
3012608,373.9669853883144
3014390,429.40706674203943
3016172,365.2518680252392
3017954,399.4421857314182
3019736,480.53690731026853
3021518,480.03312616761474
3023300,393.6578203026613
3025082,388.73008929970183
3026864,440.4617378022851
3028646,414.0556632049356
3001917,10.907456005565644
3003699,11.902896107911994
3005481,13.488281286582014
3007263,20.569205687399286
3009045,13.763910215234821
3010827,9.42246926219128
3012609,9.485375621961952
3014391,11.348076781914303
3016173,11.440409344660287
3017955,13.778566699817388
3019737,18.011197624728496
3021519,12.995689889006682
3023301,8.589101525391186
3025083,9.027451772642225
3026865,9.858097989150707
3028647,10.31014047587413
3001918,899.5379873217568
3003700,680.8674775611352
3005482,762.9528030212072
3007264,1012.7195220676113
3009046,937.181032265188
3010828,745.7752708272474
3012610,750.3015964195907
3014392,746.0113900589391
3016174,651.9377574250842
3017956,742.8713403486394
3019738,866.6127193754701
3021520,827.4957488447347
3023302,675.48082047294
3025084,691.401527386402
3026866,758.8733520630816
3028648,743.3202044513245
3001919,868.2437560158045
3003701,601.1799428523101
3005483,717.9345892452978
3007265,903.5112002872503
3009047,890.5088995853253
3010829,712.7011167611037
3012611,662.5469944135721
3014393,755.0157611406468
3016175,630.7033611812255
3017957,728.7905798450456
3019739,862.008585921486
3021521,849.2270830196898
3023303,678.3477193586294
3025085,677.0669809654237
3026867,769.4647781743633
3028649,717.4223443689467
3001920,152.1317988691944
3003702,133.21599255354394
3005484,157.63103816568446
3007266,165.37300352248994
3009048,174.25584334241157
3010830,144.74356274847665
3012612,124.46414880606822
3014394,141.08660309588456
3016176,124.89200957769731
3017958,156.88705392910342
3019740,162.1824312176265
3021522,158.99360978742814
3023304,133.7064503240307
3025086,132.00388723862838
3026868,142.73268171221477
3028650,139.9873710185611
3001921,78.48031403155115
3003703,67.73721787340425
3005485,84.44072795606348
3007267,97.37538976404703
3009049,110.70058990287254
3010831,77.27405455201563
3012613,68.12674395255748
3014395,75.58780881103048
3016177,64.30577578486665
3017959,82.56127327142987
3019741,93.7614142857393
3021523,95.53666308924642
3023305,72.43244620196019
3025087,69.33612979080495
3026869,75.3335191802997
3028651,67.02003700114106
3001922,120.9516745012392
3003704,95.46094271721961
3005486,106.69623185174089
3007268,136.5611064593884
3009050,96.14809270064973
3010832,92.75042952699657
3012614,92.01207340098215
3014396,103.83761117483202
3016178,95.68371375095523
3017960,108.81490063067099
3019742,129.56388310738373
3021524,109.15633561657194
3023306,88.34825270241528
3025088,92.79731635929114
3026870,105.48463089675461
3028652,101.994565789106
3001923,3439.843098432942
3003705,2843.1843412951844
3005487,3098.5609604375263
3007269,3941.26319972931
3009051,3831.1015437817005
3010833,2975.492371599795
3012615,2822.076988034407
3014397,3050.3387003397506
3016179,2760.2059592340725
3017961,3100.038184362276
3019743,3668.242456163354
3021525,3530.148863405106
3023307,2842.4140536614173
3025089,2933.9948479644336
3026871,3176.0497599314717
3028653,3080.4243236173693
3001924,24.30653511781274
3003706,24.014272388909124
3005488,28.390930129304877
3007270,31.995151587093854
3009052,28.44519380419214
3010834,19.492337765766194
3012616,13.46859575154073
3014398,26.70645704381634
3016180,24.18013192577058
3017962,28.131694315801827
3019744,32.51830509625011
3021526,30.798433924507098
3023308,20.40871499849158
3025090,19.76701135306537
3026872,24.878072142446626
3028654,25.128719072128195
3001925,0.8531966937876563
3003707,0.7071222744592521
3005489,0.8784693792765386
3007271,0.827888228589836
3009053,0.42008378344161623
3010835,0.27102019354440127
3012617,0.2589530846653274
3014399,0.8142176538469004
3016181,0.7466667155585448
3017963,0.7969344206888399
3019745,1.1001793603602894
3021527,1.0213294510224245
3023309,0.7512293646629696
3025091,0.7460487030999113
3026873,0.7997920231425759
3028655,0.88322738555838
3001926,40.151353912150775
3003708,37.4704283406912
3005490,44.17261090998673
3007272,50.570446248391995
3009054,43.02146266985608
3010836,33.58778327050912
3012618,27.8147967451843
3014400,36.75330885339627
3016182,36.64705879869052
3017964,38.54762955605811
3019746,46.79628082786535
3021528,42.890653759007364
3023310,32.4985934982703
3025092,33.37382460665634
3026874,37.75395874275053
3028656,37.032978999246275
3001927,32.406817352656844
3003709,18.914291212222526
3005491,20.250676501900017
3007273,29.962746967202452
3009055,30.676050599978367
3010837,19.31256526123725
3012619,19.84976005740833
3014401,24.389487713478974
3016183,19.237794372123016
3017965,22.08850193354421
3019747,36.54066952078751
3021529,36.04717197114026
3023311,23.13853095049059
3025093,23.08638990494102
3026875,24.109820186570165
3028657,24.62323501563418
3001928,0.014588377032406891
3003710,0.0018931390825674703
3005492,0.0059610752873292825
3007274,0.0007146248434780985
3009056,8.300408034603723e-05
3010838,0.012081241453816229
3012620,0.007988676161082097
3014402,0.010941055141715728
3016184,0.0019933474599701244
3017966,0.004616402101178298
3019748,0.0004284205703499484
3021530,0.0
3023312,0.00647928304418166
3025094,0.00516483904348219
3026876,0.006828120743499523
3028658,0.0030818254951010845
3001929,296.85712677775695
3003711,249.75608785241425
3005493,265.3687182365649
3007275,382.181731514102
3009057,363.78809165422877
3010839,263.0723568007639
3012621,244.84231252834857
3014403,269.5980423040942
3016185,225.83361006337933
3017967,246.34223484681797
3019749,319.9730366085785
3021531,313.81279043112244
3023313,240.77879997346528
3025095,243.20443247554718
3026877,271.8928478371613
3028659,260.1549953179992
3001930,19.207653050821794
3003712,17.29649514994949
3005494,19.551953237991878
3007276,38.599228975798084
3009058,42.037938671986886
3010840,18.58835875975867
3012622,19.53164102982591
3014404,18.886173058835514
3016186,16.361013196267532
3017968,19.682072645338717
3019750,38.36849198436912
3021532,38.48340292761788
3023314,17.840088088266157
3025096,18.010764244954448
3026878,17.898550470974435
3028660,16.561392046224196
3001931,25.247072647030336
3003713,12.50449975994763
3005495,13.806806564294769
3007277,18.87397593778499
3009059,12.552612681635589
3010841,6.825462849438728
3012623,7.916621266813702
3014405,16.552201314391063
3016187,10.63452660451131
3017969,15.646247062237672
3019751,19.040206661410952
3021533,14.160554453212058
3023315,8.471686172922404
3025097,9.677063795766061
3026879,20.754071667967253
3028661,11.991639577080926
3001932,15.139587847366512
3003714,5.911802851014055
3005496,6.51369753429191
3007278,8.8594589429496
3009060,7.424698773591044
3010842,5.131835132413659
3012624,5.662774405511013
3014406,6.261543816876354
3016188,6.867669757510018
3017970,8.165411900209811
3019752,11.113004171450344
3021534,10.124870554211734
3023316,6.6199812046128175
3025098,6.811079859047344
3026880,7.482999329946498
3028662,7.334511592810608
3001933,104.40958692453303
3003715,96.70498214331622
3005497,137.9746318325623
3007279,120.61597706631335
3009061,105.88637695837231
3010843,52.325297484421355
3012625,51.35417763022601
3014407,82.78817357674897
3016189,71.26221517992316
3017971,93.52009130639418
3019753,92.32342416884757
3021535,62.19418454983421
3023317,42.456358522596865
3025099,51.754345545280025
3026881,68.22884448259741
3028663,66.42846331989844
3001934,10.897155073888579
3003716,10.21384989099538
3005498,14.231236088129124
3007280,18.39495640096295
3009062,15.911981030151082
3010844,9.535202980967943
3012626,9.440242996020496
3014408,11.393570915348064
3016190,10.461044933039721
3017972,13.471614713846401
3019754,17.13407156356564
3021536,15.252498056245885
3023318,9.397119834793495
3025100,9.070848614360667
3026882,9.888345285730813
3028664,10.038931418458482
3001935,151.44450729506096
3003717,141.23997578507252
3005499,214.10715565456522
3007281,166.5281876762605
3009063,139.54527240843285
3010845,148.4470890154093
3012627,130.98874320789412
3014409,144.90294779125827
3016191,129.75164911909766
3017973,177.81417361730698
3019755,156.99937341212038
3021537,153.174040098569
3023319,134.976273932443
3025101,134.95054375934924
3026883,149.06979565660603
3028665,140.0241835198892
3001936,350.68898643264635
3003718,269.480185529588
3005500,309.12610979025027
3007282,439.1322285089679
3009064,479.06859509421474
3010846,312.97452443450544
3012628,267.58213422609316
3014410,289.3769022716899
3016192,248.95341831283508
3017974,272.55299239585275
3019756,347.80865310751983
3021538,342.9970478404075
3023320,276.35094194818697
3025102,271.646245550264
3026884,306.3954489546053
3028666,303.1729529030227
3001937,7.527157998783913
3003719,6.593124689729059
3005501,7.240706836041428
3007283,11.454497532557639
3009065,11.203982638668
3010847,6.7253852770325295
3012629,6.822302211735027
3014411,6.7521882297670155
3016193,6.17012250104954
3017975,6.814919852524363
3019757,10.957085798236038
3021539,10.992156082706948
3023321,6.978153045385341
3025103,6.898981767802289
3026885,6.709657531498441
3028667,6.5786575877591025
3001938,11.44537114474205
3003720,7.6767728720295425
3005502,8.246087650009153
3007284,13.628431256288275
3009066,12.81016156467111
3010848,7.697002719639268
3012630,8.552684227928452
3014412,10.282460596655495
3016194,7.859556465097039
3017976,8.53479584681037
3019758,14.408610114051555
3021540,12.363892828495864
3023322,7.1653953042654175
3025104,7.693387599235229
3026886,7.870398145043225
3028668,7.713860973708225
3001939,125.4600164145649
3003721,120.09494743533467
3005503,177.02537458584507
3007285,162.7973313486058
3009067,132.35452090757164
3010849,130.91123671513708
3012631,103.06334471852661
3014413,121.04595945370697
3016195,107.81555761553068
3017977,143.33539493162664
3019759,133.97380654467406
3021541,130.66485196868106
3023323,108.38304452194029
3025105,107.41082472891321
3026887,123.24933732996965
3028669,115.80711500169207
3001940,77.53208137155457
3003722,74.29369112393195
3005504,78.4840560660563
3007286,96.36785806208725
3009068,91.62333261507611
3010850,67.703397984771
3012632,67.64689053067613
3014414,68.92207108213078
3016196,62.567314209883506
3017978,67.37559927789668
3019760,76.01980207535848
3021542,70.78471959188147
3023324,61.35282982547438
3025106,62.215356505755004
3026888,68.6928610557861
3028670,63.912221422917305
3001941,3217.910809021003
3003723,1529.9120480511726
3005505,1861.227970506812
3007287,2061.7758208745113
3009069,2171.881481197113
3010851,1724.1718779069415
3012633,1591.5966046489239
3014415,2579.554157515925
3016197,1484.1730500970953
3017979,1860.619430303848
3019761,2110.605378058544
3021543,2012.366456959089
3023325,1633.3003487238368
3025107,1644.5042439015222
3026889,2641.821303598689
3028671,1583.6193649304369
3001942,53.84144016577299
3003724,1.7867042901467505
3005506,2.0828344967918144
3007288,1.9144941178500838
3009070,2.074013241820887
3010852,2.049412088085657
3012634,2.391594844056406
3014416,1.0092621147134455
3016198,2.099414653762359
3017980,2.1504744405901555
3019762,3.2743618748969503
3021544,4.002994866358914
3023326,2.270279493904156
3025108,2.263076594286487
3026890,2.7146438554810612
3028672,2.7888430580926524
3001943,13.732849535281504
3003725,13.104889216410802
3005507,21.30298012973073
3007289,20.06992114379127
3009071,17.85967638145784
3010853,12.21636451051203
3012635,10.367665796392794
3014417,13.053680421277129
3016199,13.47974339248742
3017981,21.256321387068635
3019763,18.636573552838076
3021545,18.029777212210888
3023327,13.003854760876237
3025109,10.75373091987848
3026891,14.382343325356317
3028673,12.274921702049326
3001944,5.891621364790786
3003726,6.285375330413405
3005508,6.331449504417087
3007290,11.003681445090338
3009072,10.552650853624797
3010854,6.938536608103784
3012636,3.811839441947781
3014418,6.375805285762582
3016200,6.06223209626734
3017982,6.280066623370426
3019764,10.2017865878756
3021546,9.88644233231402
3023328,6.6702837145701155
3025110,5.925483330239415
3026892,6.2743482494318075
3028674,6.619227449092879
3001945,0.23843300668089348
3003727,0.21535170438607454
3005509,0.18898227063668596
3007291,0.12031736227786687
3009073,0.12833196887741863
3010855,0.10506299609755392
3012637,0.10780667578300036
3014419,0.2082785150356441
3016201,0.19829588608071932
3017983,0.18910023218167468
3019765,0.15829009261251456
3021547,0.15390493277063572
3023329,0.162465207004615
3025111,0.15498953968677123
3026893,0.2226423325695973
3028675,0.204055460399262
3001946,4.63084298701411
3003728,3.2459793391241383
3005510,1.8141802192839258
3007292,5.213520372678295
3009074,5.494299424217053
3010856,2.6905563379309974
3012638,2.281306321141574
3014420,2.926134754127988
3016202,2.90491576435156
3017984,2.9513492460052237
3019766,4.356486903024739
3021548,4.491872533477156
3023330,3.4068029924737906
3025112,3.404690210227828
3026894,2.813703164009443
3028676,2.9255261758173963
3001947,2936.8353646065657
3003729,3314.4747079254244
3005511,3251.915899697315
3007293,4110.136521843597
3009075,4882.577435044085
3010857,3771.5431340087994
3012639,3061.2365540940336
3014421,3378.2056117908855
3016203,3336.3595381937753
3017985,3579.996953347003
3019767,4321.993353328046
3021549,4178.186512793262
3023331,3442.66233947414
3025113,3541.62782164146
3026895,3391.4039810926824
3028677,3611.2623475207924
3001948,0.015366291882045852
3003730,0.014195701503998162
3005512,0.008870879731893978
3007294,0.0020360235826622987
3009076,0.002681301377534565
3010858,0.022913062494734626
3012640,0.010966576727006192
3014422,0.00913302558799915
3016204,0.006521680209057586
3017986,0.0020877021361731776
3019768,0.0
3021550,0.0
3023332,0.00898020966130302
3025114,0.005886256759417741
3026896,0.005766391381543514
3028678,0.005874000940179125
3001949,666.6063227099434
3003731,647.6770177770312
3005513,607.1279001456143
3007295,707.5361247351602
3009077,831.0096952770277
3010859,705.7919198368676
3012641,652.2247687459267
3014423,604.6938556926763
3016205,614.5961644409484
3017987,620.9010613800536
3019769,709.5156620921092
3021551,754.6973598265844
3023333,637.7197979933364
3025115,651.1737563011519
3026897,617.8890941069108
3028679,669.1524181624997
3001950,5.566736778055504
3003732,5.742167388117141
3005514,6.352889321054755
3007296,9.661352924511275
3009078,6.26600510799823
3010860,3.863176460465476
3012642,4.6103989780541434
3014424,4.715054050948117
3016206,5.106078338482539
3017988,5.255087027446257
3019770,7.624928109914973
3021552,5.596831305955841
3023334,3.400838440781724
3025116,4.0117242529824955
3026898,4.12247160999586
3028680,4.398332877977523
3001951,1186.3268823959722
3003733,1227.9713816949272
3005515,1244.0043099987695
3007297,1544.010341817331
3009079,1837.4102566840477
3010861,1459.8089817225934
3012643,1286.1229825048492
3014425,1231.1035865529936
3016207,1236.7495646233629
3017989,1308.0201153226342
3019771,1526.3961261598488
3021553,1457.1356828573662
3023335,1259.693462134381
3025117,1297.9902591009875
3026899,1258.3310289397916
3028681,1413.9359926217066
3001952,648.1444505655717
3003734,517.4661237312094
3005516,534.6892536116162
3007298,634.5998226134278
3009080,678.6106939524678
3010862,638.3481841902558
3012644,608.4909218433162
3014426,651.1436428797228
3016208,566.8537612589662
3017990,589.1990120829224
3019772,707.1189625136094
3021554,698.5260870814623
3023336,603.0751979761857
3025118,616.4450514909867
3026900,669.7139049169015
3028682,636.2741549846588
3001953,206.51004630409662
3003735,173.25482583347753
3005517,184.82222860546753
3007299,210.55305095113363
3009081,221.6694135359895
3010863,198.35356919261292
3012645,197.94407396864378
3014427,169.93222719775102
3016209,173.3729113045445
3017991,190.68639629299173
3019773,208.9266601573748
3021555,205.85229315179672
3023337,186.57886144102358
3025119,187.4574167237007
3026901,175.21068901745988
3028683,194.47397816819543
3001954,307.42224279177856
3003736,287.8244518832891
3005518,257.29413213994843
3007300,295.06960448290636
3009082,335.179541011526
3010864,1529.537274966572
3012646,282.0346781814158
3014428,234.2942100485013
3016210,248.37991605580956
3017992,251.58062505271891
3019774,314.9679668393008
3021556,316.6866041609158
3023338,423.02802862176645
3025120,257.72533108417895
3026902,259.6440479699914
3028684,279.1125275551196
3001955,60.12754489747226
3003737,54.48564917701035
3005519,58.7218726099386
3007301,114.71234361903616
3009083,66.87886942069889
3010865,49.27361623348563
3012647,53.57503453001588
3014429,54.02228766452814
3016211,57.62310686879334
3017993,67.59177649250077
3019775,94.55165394640493
3021557,63.984283299717276
3023339,50.30781731041666
3025121,56.46407575633102
3026903,55.521816722267324
3028685,60.78947004553691
3001956,4811.138681423593
3003738,4855.364806383222
3005520,4514.832200816506
3007302,5571.673022898958
3009084,5688.164482814446
3010866,5218.0002631086945
3012648,4850.90946501679
3014430,4738.173032553514
3016212,4804.102605957054
3017994,5092.700137256244
3019776,6038.139363392346
3021558,5804.9579970159275
3023340,4918.103154925295
3025122,5072.514851945404
3026904,4923.793346479117
3028686,5380.22181582529
3001957,26.257798114813582
3003739,27.361215835838504
3005521,28.828866766732688
3007303,37.58166673748059
3009085,43.1533957310809
3010867,29.642579838131592
3012649,28.671574513711587
3014431,24.85685209365789
3016213,24.985128893279363
3017995,28.117454512719007
3019777,34.750325286820974
3021559,39.29332764417157
3023341,25.77662524015149
3025123,27.482091060771683
3026905,25.7852512756771
3028687,27.474965924267035
3001958,1.2311843273861092
3003740,1.1970106961159408
3005522,1.1740987786384076
3007304,1.7541071929327945
3009086,1.820840069149802
3010868,0.9012657726521883
3012650,1.0707991434560875
3014432,1.025148975235435
3016214,1.1229090515567373
3017996,1.0735375869000914
3019778,1.4854219030667537
3021560,1.5792829462220694
3023342,0.9620057024160511
3025124,1.0384071052338963
3026906,1.0682341184276907
3028688,1.1492183245028598
3001959,27.53043570957131
3003741,21.417489131163347
3005523,21.46626020652579
3007305,29.570412874875217
3009087,36.504254917669925
3010869,22.9890829231061
3012651,24.54313944856237
3014433,19.450463626546526
3016215,20.09676573308977
3017997,26.326092480385288
3019779,34.105527248468086
3021561,27.264769133183645
3023343,21.252254207848534
3025125,25.190340782938744
3026907,19.555507793723617
3028689,20.795475460283935
3001960,20.5408354202635
3003742,12.240890193109868
3005524,14.914332608358633
3007306,18.299099407533365
3009088,17.837350694764822
3010870,13.763863253923411
3012652,14.087647944250293
3014434,15.373889704320169
3016216,15.760242457261853
3017998,14.732673268958427
3019780,22.39898701739185
3021562,16.92898400233755
3023344,14.869121673301066
3025126,13.205355815212954
3026908,12.977369534656711
3028690,18.539207369127542
3001961,0.09438823944738357
3003743,0.07863610094728822
3005525,0.078306663244252
3007307,0.09904228288156736
3009089,0.1229384004259929
3010871,0.11756709677244621
3012653,0.03930144321043933
3014435,0.027974976432414946
3016217,0.021696815105456724
3017999,0.00982456149537307
3019781,0.022389994670226916
3021563,0.014642165833128601
3023345,0.03805046866452005
3025127,0.023563485251607633
3026909,0.054406641326225504
3028691,0.06402908755322669
3001962,326.2296209417976
3003744,305.3330474263689
3005526,286.6687924905677
3007308,351.54818023755047
3009090,403.9731373434613
3010872,332.0358023570023
3012654,332.98667801421544
3014436,313.2538497199521
3016218,311.3419945759544
3018000,359.7559531687895
3019782,445.6479834607615
3021564,446.30543344203653
3023346,332.87829542215394
3025128,344.6217563685222
3026910,328.54986583030296
3028692,360.4846073535716
3001963,4.326857504778309
3003745,3.8141975331896654
3005527,3.720582562497865
3007309,9.453314380336131
3009091,9.374920208517493
3010873,3.9177907397982508
3012655,3.9515040294252013
3014437,3.6429871842201096
3016219,3.4034317112593766
3018001,3.4636471141504863
3019783,7.96481147653141
3021565,8.034467601397397
3023347,3.644000427707855
3025129,3.6901519749269256
3026911,3.5105971626661394
3028693,3.5267814625830076
3001964,21.759533045255022
3003746,9.802798592091209
3005528,11.094666364564821
3007310,14.364482950657342
3009092,13.05166520657812
3010874,8.50444074113963
3012656,12.666191115954591
3014438,9.594211128583547
3016220,9.655109590692781
3018002,12.911893363003529
3019784,16.48848248999401
3021566,13.826280761546434
3023348,9.123958539722087
3025130,14.533071941735185
3026912,10.258976093013377
3028694,10.485221081099919
3001965,11.591915683918208
3003747,3.108213158829834
3005529,7.615912635096386
3007311,10.498330558113361
3009093,5.2698417960581
3010875,4.512586405408159
3012657,3.3541206836589303
3014439,4.512475263971916
3016221,6.992349454241665
3018003,3.2727096024118496
3019785,8.985515702528675
3021567,7.651553305462838
3023349,6.289123217192173
3025131,4.752339870484245
3026913,4.752376151210284
3028695,10.375624227275523
3001966,57.42032278903998
3003748,55.97350118513189
3005530,74.59804164833967
3007312,98.72235843303065
3009094,42.76975564331931
3010876,31.330408945024487
3012658,35.02855935434607
3014440,34.87328422160832
3016222,43.07591676596865
3018004,69.36837237464954
3019786,70.42908765978994
3021568,37.91334481363933
3023350,27.364415924636997
3025132,35.16476436275797
3026914,34.54212117249176
3028696,36.14737443626281
3001967,5.359568477207783
3003749,5.326946994551128
3005531,6.050408271891896
3007313,10.435426691335147
3009095,10.115339544009958
3010877,7.020726306561536
3012659,6.568204869926888
3014441,4.7180777730168915
3016223,4.769683163350172
3018005,5.536452849414168
3019787,8.103697637348967
3021569,7.257335867377631
3023351,4.9487833107781425
3025133,4.9485922852833655
3026915,4.1188595603580564
3028697,4.177287626292974
3001968,150.44124995111636
3003750,231.11987846383843
3005532,149.2551781668059
3007314,156.65618620144122
3009096,126.6494246231062
3010878,161.90043538113295
3012660,163.45744789598785
3014442,142.45680095076523
3016224,200.33176158088273
3018006,146.5651073689251
3019788,178.83804070493832
3021570,166.11773761409046
3023352,154.75996076315943
3025134,157.7014529674103
3026916,149.2900495649642
3028698,214.00547641680114
3001969,321.61841103433426
3003751,264.5671607924557
3005533,252.80917422533776
3007315,310.766462485781
3009097,359.4469667926737
3010879,318.97968723723574
3012661,298.00713551535205
3014443,269.2763873505477
3016225,251.52694581709576
3018007,258.4893918692091
3019789,324.4697944170267
3021571,315.5651511063309
3023353,286.09676971904406
3025135,278.49515440223234
3026917,270.808218116834
3028699,297.1411789716929
3001970,6.390278196298898
3003752,5.677870902140185
3005534,5.911373272116053
3007316,9.431389274077041
3009098,9.18894969245765
3010880,5.752211249128801
3012662,5.6419427541671325
3014444,5.628214406435113
3016226,5.485630696647185
3018008,5.278634028347189
3019790,8.642143262124138
3021572,8.37473496140637
3023354,5.555939936785141
3025136,5.6593139420166985
3026918,5.647605055949057
3028700,6.150750556818011
3001971,7.756691636946704
3003753,6.715790126033039
3005535,6.597687735736393
3007317,8.616254009837222
3009099,8.16083129785874
3010881,4.412366261648255
3012663,5.260814078058915
3014445,6.534785236540354
3016227,6.707744770880411
3018009,6.834681161932898
3019791,9.269658832916518
3021573,8.946754077344778
3023355,6.007128949141701
3025137,6.3121743967363555
3026919,6.767894888024153
3028701,7.092075047210662
3001972,190.69559903742342
3003754,202.30077765196162
3005536,282.8333452440346
3007318,245.9793783757899
3009100,206.2404555035383
3010882,183.12868515445007
3012664,176.5047576688347
3014446,175.89178520583164
3016228,188.64301080037774
3018010,226.37758196380454
3019792,222.71209934946077
3021574,214.0822585664332
3023356,184.65256386373116
3025138,189.44620645082685
3026920,182.45162307133305
3028702,201.5305517179056
3001973,47.12911695807346
3003755,45.11831919517741
3005537,58.40009559231652
3007319,59.70065923731132
3009101,52.7378757893741
3010883,47.174816332835256
3012665,46.5011889098758
3014447,45.28062719802953
3016229,48.26902013880106
3018011,53.89061147001784
3019793,59.27201439476832
3021575,55.49206329912503
3023357,47.95077926891753
3025139,48.87589137405527
3026921,45.931278538448964
3028703,49.50513585618845
3001974,2208.452356739972
3003756,1242.5346805507709
3005538,1382.8251607530735
3007320,1635.1700533232224
3009102,1679.3577918371263
3010884,1618.159895499043
3012666,3113.984183079527
3014448,1465.033135998984
3016230,1545.652985929163
3018012,1652.4958066775546
3019794,1975.0117917843788
3021576,1914.2135710259872
3023358,1639.199043254033
3025140,2639.811343095735
3026922,1518.635866828261
3028704,1618.6505472391375
3001975,31.70405030375124
3003757,9.533650200548527
3005539,5.220839578506143
3007321,15.498371562140145
3009103,19.190274456887575
3010885,8.833963350122785
3012667,7.381711442215855
3014449,11.006851686136358
3016231,4.977667066303483
3018013,6.286881936609624
3019795,8.98492704518715
3021577,16.794348128409037
3023359,14.382502738398607
3025141,5.456312479316978
3026923,9.377765775615876
3028705,7.224854985853894
3001976,12.366618883933816
3003758,10.728832004176079
3005540,11.517307588209135
3007322,18.70492102253363
3009104,14.098734089467255
3010886,10.522246394679767
3012668,11.478799036804505
3014450,9.539984018250953
3016232,9.478760330069166
3018014,9.491113729888431
3019796,15.835620991281582
3021578,12.836500223969693
3023360,10.09400511859235
3025142,10.637520414175485
3026924,9.755881210496213
3028706,10.643047889126711
3002010,2.6440672937042566
3003792,2.296428441482235
3005574,2.1586160753162895
3007356,2.9282054269110844
3009138,2.938858101087345
3010920,2.2858218165763984
3012702,2.595229234767381
3014484,1.805833927799333
3016266,1.7498842991172838
3018048,1.7598028042890144
3019830,2.545392140670508
3021612,2.6783402659311286
3023394,1.8589344038845812
3025176,2.114387156117593
3026958,1.9581264210289362
3028740,2.1835287241641326
3002011,0.024557771816272764
3003793,0.021553125820338623
3005575,0.015516352373149203
3007357,0.022194912020631136
3009139,0.031664372202708076
3010921,0.03811026293655932
3012703,0.027288209453207025
3014485,0.021356278298123223
3016267,0.015589018979945177
3018049,0.009193217939129477
3019831,0.014642228801348892
3021613,0.014401520582745644
3023395,0.019933533327710733
3025177,0.021862789006087572
3026959,0.043681263177950264
3028741,0.04239292875357726
3002012,4.4397488115728985
3003794,2.4852579449504746
3005576,2.4164206495286575
3007358,3.1594805654264895
3009140,2.45845610642379
3010922,0.8553196627124714
3012704,0.7522785860133867
3014486,1.0570783791009875
3016268,1.3427733573591947
3018050,1.4794136039060943
3019832,3.493973334478273
3021614,2.0475494752748524
3023396,2.8185106971445997
3025178,2.887801279765373
3026960,3.043168392426425
3028742,3.1889840836701318
3002013,5011.667050661893
3003795,4986.652998477958
3005577,5199.329589168341
3007359,6061.4531255560605
3009141,5414.852137325424
3010923,6177.903082920173
3012705,5735.638323654981
3014487,4432.714218296148
3016269,4232.982994044062
3018051,4610.64943347001
3019833,5507.496966164258
3021615,5186.496391322553
3023397,4718.980998200763
3025179,4687.356344942558
3026961,4595.790271666968
3028743,4759.588451017199
3002014,0.005930098961169914
3003796,0.0033565817164840366
3005578,0.0
3007360,0.002464273457865192
3009142,0.0035207767916548734
3010924,0.008608846344321432
3012706,0.005907609582544175
3014488,0.0017141864782719742
3016270,0.0005900378942373989
3018052,0.0
3019834,0.0
3021616,0.0
3023398,0.000638796702523301
3025180,0.003773391044515013
3026962,0.0014746889125916561
3028744,0.0008228413729843556
3002015,472.5165371868795
3003797,411.229969334597
3005579,394.8731236527164
3007361,491.589277155964
3009143,602.063720711156
3010925,540.9536964728837
3012707,477.0155482951959
3014489,452.58718198397906
3016271,434.3530941196991
3018053,447.85247183265597
3019835,522.5470055483912
3021617,559.76456402863
3023399,499.7858731954613
3025181,487.51584431894753
3026963,474.7373017390452
3028745,498.4653644127091
3002016,7.948112462148106
3003798,7.808341441087606
3005580,10.026739644999084
3007362,12.857255756190455
3009144,5.40334880668967
3010926,4.876489692127762
3012708,5.516256862282121
3014490,7.305124933826684
3016272,7.186435405743306
3018054,8.835285218004728
3019836,9.36698733029523
3021618,5.774838400353635
3023400,5.668655436470559
3025182,6.2774947028042405
3026964,7.8280984020963755
3028746,6.964090296733725
3002017,1740.7234116656684
3003799,1392.2976427235778
3005581,1572.7123124023074
3007363,2270.3334945464635
3009145,1761.3260824729978
3010927,1945.1450047503465
3012709,1997.887006365252
3014491,1371.9522489379858
3016273,1344.8848376752674
3018055,1406.4645854255243
3019837,1599.0296359357808
3021619,1483.0970556302198
3023401,1517.177490977532
3025183,1503.765296140623
3026965,1478.295325602973
3028747,1624.8656147183394
3002018,854.8379242630263
3003800,530.021249827997
3005582,508.94293524624953
3007364,707.8551314011116
3009146,732.1722467933441
3010928,737.7047631827171
3012710,616.3140700058543
3014492,679.6791053826801
3016274,578.6470908784313
3018056,599.9978724528545
3019838,692.358432995659
3021620,669.6324330779397
3023402,666.180588746727
3025184,648.6211744655611
3026966,710.4735711758675
3028748,659.9108692176134
3002019,305.7107570409414
3003801,230.5104317872632
3005583,304.9974221033412
3007365,278.801702002749
3009147,278.4876355825841
3010929,274.7303399581915
3012711,259.2678196747698
3014493,246.34277354993264
3016275,235.1531691248355
3018057,280.24606240901994
3019839,277.7919468538262
3021621,269.2569073364103
3023403,266.35272204719854
3025185,261.16772780465345
3026967,255.26739769755758
3028749,276.50391243234066
3002020,170.59464242770824
3003802,169.59017488005722
3005584,150.0823988589572
3007366,211.201445378099
3009148,224.56103179163378
3010930,300.5879464315471
3012712,174.39681333885912
3014494,174.2911014974419
3016276,161.5592446596455
3018058,165.93551808155883
3019840,203.43446684392043
3021622,202.4219004222954
3023404,246.70674577332258
3025186,188.07052758758104
3026968,179.7253611773539
3028750,177.59876018178554
3002021,62.63458594352634
3003803,59.706504470023084
3005585,73.55162208837653
3007367,107.9227848780793
3009149,53.52309565662913
3010931,51.28219297453389
3012713,60.170278490919884
3014495,60.320816688952824
3016277,61.6311626760853
3018059,71.58147881612844
3019841,97.8303594107643
3021623,58.614043586304994
3023405,52.43405328899965
3025187,57.67078152228032
3026969,51.83623619501952
3028751,59.680271244225345
3002022,5560.509254424641
3003804,5596.994098462555
3005586,6092.7595326953715
3007368,8000.847695499178
3009150,6254.199490502382
3010932,6069.166320157709
3012714,5004.6634378305025
3014496,5426.872581646043
3016278,5290.65967379789
3018060,5572.211851152162
3019842,6390.056173028895
3021624,6040.8803849717915
3023406,5825.568605962424
3025188,5812.967958267379
3026970,5743.097750485743
3028752,6098.482887955179
3002023,7.269641086210815
3003805,8.164677221275314
3005587,8.262509768530977
3007369,9.999651699106225
3009151,9.875578307195829
3010933,6.7967593568383435
3012715,5.38806773769403
3014497,7.771928466057932
3016279,7.872658289881849
3018061,8.470246010607617
3019843,9.393045742101512
3021625,8.793125149936701
3023407,7.538123902641779
3025189,7.483614201233544
3026971,8.130711044577781
3028753,9.005838256341045
3002024,1.6072583059465704
3003806,1.7097630034400826
3005588,1.6118900617282306
3007370,2.303349541039452
3009152,2.0814882583719148
3010934,1.789180044747453
3012716,1.6896276146738505
3014498,1.562603471083922
3016280,1.5313611478322187
3018062,1.5709923867431381
3019844,2.1117482379108794
3021626,2.548493067481761
3023408,1.9169363342148742
3025190,1.7105967642406104
3026972,1.7931328159656932
3028754,1.6745058765671892
3002025,31.17028466488846
3003807,23.8350143363872
3005589,26.496234425712302
3007371,31.670480477131576
3009153,24.357148316656957
3010935,27.994410298227393
3012717,27.571008739253973
3014499,25.59669289628044
3016281,26.490591326019814
3018063,25.984721233345834
3019845,31.28676283292408
3021627,31.399913904363924
3023409,25.627335917102425
3025191,26.371941140301704
3026973,26.10028518231428
3028755,28.040401744950156
3002026,29.67085143544685
3003808,18.261059828146095
3005590,23.669635536144273
3007372,31.368442717540503
3009154,22.910893836602785
3010936,20.990062134489687
3012718,19.42562086316495
3014500,21.29972045820495
3016282,19.03798514213783
3018064,19.41492653920366
3019846,29.98591087457039
3021628,26.748519854069
3023410,22.183800033877578
3025192,26.038984970798243
3026974,22.11290761770145
3028756,22.744965230165537
3002027,0.08417519491620092
3003809,0.07153938095629327
3005591,0.06551081799674581
3007373,0.08767203649836315
3009155,0.09136629285910226
3010937,0.08197194866441705
3012719,0.02456489885954068
3014501,0.017489721415556946
3016283,0.009820823941594562
3018065,0.0068584393589324645
3019847,0.008759427360277128
3021629,0.00835859653316882
3023411,0.019918862135643513
3025193,0.022399179410514045
3026975,0.07099251081907192
3028757,0.0692791838961637
3002028,337.2460601039177
3003810,354.59216311847786
3005592,288.60488915418006
3007374,389.2593768723403
3009156,422.80647712622516
3010938,379.17270558123147
3012720,310.6557615717602
3014502,345.1668113665815
3016284,328.8966808580926
3018066,343.54817789767503
3019848,416.15842644223676
3021630,400.0707074891013
3023412,367.05819258368166
3025194,371.19061766806476
3026976,372.89959512987485
3028758,399.8058588035653
3002029,0.002768468913362464
3003811,0.0
3005593,0.0
3007375,0.0
3009157,0.0
3010939,0.003648947294072302
3012721,0.0023928721327758002
3014503,0.0
3016285,0.0
3018067,0.0
3019849,0.0
3021631,0.0
3023413,0.0
3025195,0.0
3026977,0.0
3028759,0.0
3002030,31.522730402010563
3003812,0.001059886737499431
3005594,0.0032763567759418574
3007376,0.03136586605026638
3009158,0.01697456104517227
3010940,0.012200658432371897
3012722,0.0
3014504,0.0
3016286,0.24004779431218123
3018068,0.27042672465287626
3019850,0.3484572584878604
3021632,0.2941845342544938
3023414,0.21054906691911915
3025196,0.17155257509863842
3026978,0.21884728567124742
3028760,0.24202776724650468
3002031,12.433618039956848
3003813,7.361510633956854
3005595,7.189601112731651
3007377,9.670869215000065
3009159,8.45568980915671
3010941,8.21575723869117
3012723,7.717416559183365
3014505,7.468798722475686
3016287,8.117080630190578
3018069,8.395714679693157
3019851,10.25275678877604
3021633,8.715260740905071
3023415,8.536077071960918
3025197,8.65638353812947
3026979,8.230406659574667
3028761,8.94463473714068
3002032,36.63210081756801
3003814,21.761204386884028
3005596,38.687304929098055
3007378,55.91848657655631
3009160,8.767092683500442
3010942,13.73066235097121
3012724,16.557604590362093
3014506,19.957683595439487
3016288,20.68935001498423
3018070,42.05146641935972
3019852,54.05638960634553
3021634,20.01740528162669
3023416,15.247138161892147
3025198,19.402363985105072
3026980,22.25331060519825
3028762,26.789247833516004
3002033,2.27747628043346
3003815,2.166388406987041
3005597,2.4591150090861777
3007379,3.54847739853651
3009161,2.9863727348590765
3010943,2.6882030078848964
3012725,2.1028621552201785
3014507,2.001075004104005
3016289,2.013020953168908
3018071,2.344777912832777
3019853,2.8398876596075158
3021635,2.655465620677606
3023417,2.2278798302779457
3025199,2.1882032253760006
3026981,1.8198743811434126
3028763,2.042929802834458
3002034,132.4017250006919
3003816,159.90434625166185
3005598,118.40303585361072
3007380,156.69207328978783
3009162,153.81212643427136
3010944,145.34258987337157
3012726,135.53056055725799
3014508,125.44208202280754
3016290,141.53626810737236
3018072,122.98821951061883
3019854,146.33859339379282
3021636,139.29971193861857
3023418,140.49096781373487
3025200,139.2545123626144
3026982,132.3722782352364
3028764,172.81739679601478
3002035,311.3897745270978
3003817,258.9429801344213
3005599,267.4683089099196
3007381,337.9574679938262
3009163,336.6788655263345
3010945,327.3250937992348
3012727,287.04477948784404
3014509,280.1401300010623
3016291,260.01833606624666
3018073,274.6104959279632
3019855,338.27531934826624
3021637,322.46566768692986
3023419,308.69419950192145
3025201,309.7631381802109
3026983,305.27939348836094
3028765,327.46801497668565
3002036,2.8282869738018483
3003818,2.675914665689902
3005600,2.8580723252353124
3007382,3.5849543774817634
3009164,3.4067305147429408
3010946,2.675073083552482
3012728,2.8044518910109253
3014510,2.523213713613872
3016292,2.467451091529171
3018074,2.634722145293901
3019856,3.256910670119946
3021638,3.0576999526528836
3023420,2.837906004316036
3025202,2.97841242104368
3026984,2.78148187452279
3028766,3.139660596017363
3002037,9.162756207424906
3003819,8.947884622495726
3005601,8.75074165728457
3007383,11.804462534256293
3009165,10.47163968724149
3010947,9.307936199996039
3012729,9.296692302487509
3014511,8.471199187110159
3016293,8.451993459874513
3018075,9.452548890505417
3019857,12.152744218700638
3021639,10.5871542282157
3023421,9.013933356444815
3025203,9.227841117032758
3026985,9.05407382032517
3028767,10.373516963077448
3002038,147.59562190540805
3003820,165.73850221452747
3005602,220.90686177638744
3007384,170.9882587695084
3009166,166.55138260033985
3010948,164.54227807188852
3012730,137.50436338628336
3014512,152.77934540312685
3016294,152.89676717539365
3018076,181.7378129884597
3019858,176.63282357234502
3021640,169.4215378277148
3023422,162.15043398518714
3025204,163.9958368248834
3026986,159.0710924718787
3028768,167.8538447268914
3002039,50.81400799785117
3003821,49.539891309823865
3005603,51.72516032568594
3007385,58.76753864094778
3009167,59.40664093838913
3010949,62.046859462559496
3012731,54.72033225671519
3014513,50.06861670684847
3016295,50.861228037074206
3018077,53.46024789173657
3019859,59.21294931981948
3021641,54.22937481532815
3023423,57.04250743213799
3025205,55.8901215134812
3026987,52.53347011813138
3028769,53.491611312658414
3002040,1628.314827326889
3003822,954.4476103083201
3005604,971.4271457694314
3007386,1241.280097586208
3009168,1202.9122154927236
3010950,1278.7592329728611
3012732,2297.171347820535
3014514,1170.2552416140766
3016296,1182.4967079293583
3018078,1292.580875538805
3019860,1454.1561412547771
3021642,1380.510358785027
3023424,1348.0130379403365
3025206,1956.9777896516032
3026988,1213.7073532401012
3028770,1277.3966103190119
3002041,203.80114776365076
3003823,0.0
3005605,0.0
3007387,0.0
3009169,0.0
3010951,0.0
3012733,0.0
3014515,0.0
3016297,0.004581715571848279
3018079,9.199296357994359e-05
3019861,0.0
3021643,0.0014925519281926243
3023425,0.005488819610552941
3025207,0.009397818076265739
3026989,0.004004992124124326
3028771,0.007902794966683365
3002042,4.661604709209459
3003824,4.71632785698593
3005606,4.4950221468113405
3007388,7.865690138208662
3009170,4.332886756308379
3010952,5.539872107639116
3012734,4.453661037774048
3014516,4.565441345406132
3016298,4.470301809356978
3018080,4.369405019684346
3019862,5.398111659365228
3021644,4.513536915070396
3023426,5.394526221344205
3025208,4.28104792445175
3026990,4.154589711069719
3028772,4.542769970496063
3002043,6.2441872627496195
3003825,5.507551245965342
3005607,5.730876473637324
3007389,9.09015555094029
3009171,10.312240397134309
3010953,5.527743280548994
3012735,5.42540636025151
3014517,5.589717082212066
3016299,5.6459894663684596
3018081,5.821836788927855
3019863,9.050730539692024
3021645,9.88270346461232
3023427,5.626789331686484
3025209,5.653639271387597
3026991,5.838966726928429
3028773,5.899745323435997
3002044,0.018583479789665
3003826,0.012359965964473682
3005608,0.017218569986283006
3007390,0.02391962072694163
3009172,0.0053229095762950185
3010954,0.003745701252054198
3012736,0.0026313372825923207
3014518,0.00446085132077627
3016300,0.000492121234188545
3018082,0.002235555891591604
3019864,0.002878539209011923
3021646,0.0030774469110109014
3023428,0.0007112155001977306
3025210,0.001303901529367738
3026992,0.0028583467726566625
3028774,0.013592892367383253
3002045,8.19703407435709
3003827,5.884882906216794
3005609,7.867965759045073
3007391,9.722869973513072
3009173,13.023257747612663
3010955,6.389374645951634
3012737,7.347040706306793
3014519,9.128872443150245
3016301,5.451777731360568
3018083,6.221822501916424
3019865,9.545816660923718
3021647,13.9374463197073
3023429,8.399657290378547
3025211,6.0981283898522785
3026993,6.918634331792323
3028775,6.869719911061075
3002046,1963.7885114967237
3003828,1606.9664633866169
3005610,2042.664725923042
3007392,2508.7154567373104
3009174,2985.669498449443
3010956,1625.7256036817773
3012738,1436.9971567800712
3014520,1766.0278153628933
3016302,1606.9216911976548
3018084,1796.1768626014843
3019866,2064.407310602861
3021648,2166.4585591311484
3023430,1627.2094137727872
3025212,1646.5286485997228
3026994,1783.8560824248123
3028776,1711.4185325998221
3002047,0.00731223556839462
3003829,0.0015584771885583668
3005611,0.004553333851479839
3007393,0.0033792081086631413
3009175,0.0055077548739767114
3010957,0.0035293988645197084
3012739,0.0026507099534640393
3014521,0.004918201396620303
3016303,0.0
3018085,0.0024381750537643006
3019867,0.0022000583235822955
3021649,0.0030468852484693324
3023431,0.0
3025213,0.0006741979373849429
3026995,0.002499949110139097
3028777,0.0008991870313368758
3002048,505.0086527626301
3003830,398.4126495686775
3005612,475.07739360788827
3007394,574.3680608165856
3009176,665.340488556394
3010958,400.11776153162253
3012740,385.90646903350654
3014522,432.0218969114034
3016304,376.8297297584458
3018086,410.5067151621979
3019868,475.51752085133506
3021650,505.9741438591837
3023432,394.39027050528483
3025214,396.29861542839717
3026996,435.94893138816127
3028778,429.4871028856437
3002049,8.645976599869774
3003831,9.756836224519164
3005613,11.633735787926105
3007395,16.251826544581665
3009177,9.961285438875803
3010959,7.07128347636123
3012741,5.809488944417072
3014523,9.09538709165454
3016305,9.048121302388923
3018087,11.061236277567085
3019869,15.03467685920078
3021651,10.69708607228049
3023433,7.23105385282273
3025215,7.851839747779709
3026997,10.09572565699129
3028779,9.94327457648243
3002050,899.5335978532938
3003832,715.1384040009434
3005614,898.9698139223677
3007396,996.0987720202733
3009178,1169.337109347666
3010960,740.0501902482939
3012742,708.3704753009933
3014524,820.2760461598909
3016306,726.0018465457628
3018088,788.6274010940474
3019870,937.5927728784978
3021652,964.6522326976223
3023434,742.3501816166508
3025216,753.123549530124
3026998,832.7080644972881
3028780,823.5681120030822
3002051,739.9943747872476
3003833,574.634404073662
3005615,713.3900287504918
3007397,839.7134636903947
3009179,993.770921440428
3010961,654.6237464787722
3012743,557.057559289149
3014525,642.6082752524186
3016307,546.2184454610522
3018089,595.0548037858011
3019871,714.1997874998793
3021653,748.0911428091364
3023435,575.1893240116693
3025217,574.1289013188234
3026999,629.6663108690524
3028781,611.9914387576429
3002052,214.6804717639554
3003834,180.9332913124795
3005616,240.21295632078716
3007398,237.88612197602228
3009180,289.5049493658925
3010962,162.87821243908914
3012744,162.2780535141754
3014526,181.0383985510251
3016308,162.2596313270081
3018090,195.24776951142803
3019872,206.1903176436787
3021654,223.7895605196987
3023436,168.79164362604755
3025218,170.96483966385168
3027000,185.85925074968
3028782,184.02728278183648
3002053,124.8686354964507
3003835,104.77990221033906
3005617,143.5699964068098
3007399,155.59214773776182
3009181,192.4099795115369
3010963,115.15867762961902
3012745,108.56791473716112
3014527,107.91933321413138
3016309,92.72624721604093
3018091,110.53650026961812
3019873,125.98550213268824
3021655,141.0025981015594
3023437,104.58295105337523
3025219,101.49263374282276
3027001,107.88139393966192
3028783,96.73928794413398
3002054,121.20827912353563
3003836,118.94461777567028
3005618,175.73315108561243
3007400,220.4703675106896
3009182,160.58932912239072
3010964,82.66053866493418
3012746,69.76628516473585
3014528,117.02664550643578
3016310,112.40597722693208
3018092,137.85414307419842
3019874,155.66793961049657
3021656,132.47020336973128
3023438,98.03922222550405
3025220,104.40204700799218
3027002,123.98758843742917
3028784,122.51456133007154
3002055,3455.7709956845647
3003837,2729.043551233477
3005619,3380.1685369919724
3007401,3983.9119565181204
3009183,4449.894279622259
3010965,2747.2341328496495
3012747,2714.140393177972
3014529,3035.039078525935
3016311,2745.7151503716645
3018093,3011.2379207860176
3019875,3564.9524345433433
3021657,3742.7809782243507
3023439,2862.2917505727837
3025221,2826.1981305850345
3027003,3137.9890088904685
3028785,3082.138425790696
3002056,31.895410711688925
3003838,25.07731676002818
3005620,31.514787065833932
3007402,39.660473619585524
3009184,38.65184429220675
3010966,20.323972207306426
3012748,24.002941591991316
3014530,24.25744244927669
3016312,24.598725950500324
3018094,28.548019567292798
3019876,32.867929658302
3021658,35.139371197732544
3023440,21.857981073628597
3025222,22.033557539388397
3027004,24.274943949135842
3028786,23.937930228352226
3002057,1.0349525339550467
3003839,0.9571690927491656
3005621,0.9399305922219289
3007403,1.5860159473248585
3009185,2.1150008995755916
3010967,1.0498013389646939
3012749,1.034750845958207
3014531,1.106901899633194
3016313,0.901205401654401
3018095,0.9674536048883285
3019877,1.5341734316579825
3021659,1.9222500260526194
3023441,1.0236515400840551
3025223,1.122563416976092
3027005,0.9897903765541542
3028787,0.9943621432837837
3002058,29.733889527967523
3003840,24.202250626201305
3005622,23.557433889937
3007404,38.00781541169149
3009186,36.556816607938494
3010968,20.120690253339884
3012750,20.886646255204464
3014532,20.960724739047148
3016314,20.33465638138172
3018096,25.178447372488346
3019878,34.271127440818596
3021660,34.67922632384093
3023442,22.562313253724742
3025224,20.50134388883517
3027006,21.502672324085484
3028788,22.855748511056703
3002059,34.64538394924525
3003841,20.483945771342135
3005623,23.50396158981251
3007405,35.73881739338674
3009187,39.211154872713045
3010969,22.644985597155998
3012751,17.06106169948124
3014533,26.24541683910132
3016315,29.383243637787775
3018097,36.91141432128703
3019879,46.69134321692005
3021661,44.87954269715161
3023443,29.886070626539066
3025225,29.96752429471995
3027007,31.844758141671235
3028789,27.467087173175685
3002060,0.027695870846841508
3003842,0.013091733730441896
3005624,0.014616334225493063
3007406,0.023811241239060074
3009188,0.10623305075905709
3010970,0.09432432013034107
3012752,0.015241989182142195
3014534,0.006804255937483545
3016316,0.0014992857982330558
3018098,0.0027101380652050974
3019880,0.0037621579883552435
3021662,0.0046223600103861735
3023444,0.003164060900291284
3025226,0.0027072803120860717
3027008,0.004817777239099484
3028790,0.002793235960407985
3002061,234.75379724088916
3003843,166.50343292316958
3005625,228.18290485773744
3007407,273.79009122271583
3009189,327.6090925360775
3010971,178.39220554641724
3012753,176.75001746585792
3014535,193.01830318020416
3016317,168.9307969300314
3018099,188.15836004232946
3019881,234.61832814388413
3021663,256.8912625690308
3023445,175.82384408396172
3025227,182.082772677578
3027009,196.61802794806886
3028791,188.27779800728703
3002062,15.160342008707076
3003844,11.940311483403136
3005626,14.508097078240977
3007408,27.447307842441287
3009190,30.141088943360938
3010972,11.276862270575725
3012754,12.274708708740254
3014536,12.423334112333407
3016318,10.503325253425459
3018100,13.030089830754022
3019882,21.469695781371154
3021664,24.625829907535756
3023446,11.202408575076335
3025228,11.963664532483849
3027010,11.029984247312129
3028792,11.925678981973292
3002063,23.571025050615464
3003845,7.961668880354575
3005627,10.822375502722108
3007409,12.715628727496565
3009191,10.001778488360737
3010973,3.1971683081830577
3012755,4.296969737840094
3014537,17.32032832614955
3016319,8.459265148248207
3018101,11.436207343700318
3019883,12.083745007759171
3021665,9.344276908182803
3023447,5.6107431066905376
3025229,6.480538655419139
3027011,16.664040737031446
3028793,8.392463525484006
3002064,13.916941461129658
3003846,6.120786697926579
3005628,5.917891896475375
3007410,9.555091916595762
3009192,9.63750628399604
3010974,5.503592274860765
3012756,5.433128722261542
3014538,5.7559612038987416
3016320,6.01166434843973
3018102,5.598832739708801
3019884,8.720678519741606
3021666,8.856465373661932
3023448,5.751030675812417
3025230,5.151185149304098
3027012,5.997186286464614
3028794,5.89908863596408
3002065,68.9397419976725
3003847,56.105948351963754
3005629,95.77353563379454
3007411,108.55653873824542
3009193,32.94488524912319
3010975,24.418349231166612
3012757,30.828062500336557
3014539,43.01453450957437
3016321,44.79018081467078
3018103,71.77941672225303
3019885,80.23570315728126
3021667,41.67006241759744
3023449,31.365597172848908
3025231,35.32879250848814
3027013,39.15134410480682
3028795,38.34025180573723
3002066,11.77587792690535
3003848,10.180756684816972
3005630,12.791303265266876
3007412,18.108120064953074
3009194,17.20883836140661
3010976,9.671139788806327
3012758,9.613709688413408
3014540,10.177439057287282
3016322,9.948957571884144
3018104,11.972237635154068
3019886,16.065382943815717
3021668,15.766455970484918
3023450,9.798025404248284
3025232,9.472598718386857
3027014,9.227347279466885
3028796,9.311441988216883
3002067,205.37669047736392
3003849,182.7154627033215
3005631,382.6634097008253
3007413,272.31197072719345
3009195,282.09551722750365
3010977,174.32182285532022
3012759,164.16213886561562
3014541,171.8244918618902
3016323,155.01293409641275
3018105,213.0485358393382
3019887,180.84952431313755
3021669,191.9334767681352
3023451,160.53959899550452
3025233,158.62321223415537
3027015,175.99041056821048
3028797,167.51620222436296
3002068,312.45223893172636
3003850,234.71256711849992
3005632,298.5226670796913
3007414,399.87192476639535
3009196,421.7950008388264
3010978,209.30964743862907
3012760,221.89766651390127
3014542,262.7445234420101
3016324,205.47742769950696
3018106,231.18683080451623
3019888,292.28121345810854
3021670,317.45179135568964
3023452,235.84367994713796
3025234,224.64783529430233
3027016,253.9892353520091
3028798,253.1501548123134
3002069,12.53704742523477
3003851,12.186505425377396
3005633,11.534111021047083
3007415,17.295173457075293
3009197,19.437987621587926
3010979,11.004571845842179
3012761,11.595107781869928
3014543,11.348417516343227
3016325,10.20915992697338
3018107,11.087830169467923
3019889,16.282001719941874
3021671,17.46630614931991
3023453,11.134358620375837
3025235,10.959057220449429
3027017,11.101034577123437
3028799,10.729532515372545
3002070,8.3941475986154
3003852,7.137720479578512
3005634,7.818287552704909
3007416,11.5254901062519
3009198,13.156061963146213
3010980,7.717288411373932
3012762,4.741085512537269
3014544,7.6922621800126505
3016326,6.864372422643257
3018108,7.378391683630459
3019890,10.585824426048871
3021672,11.98272019765082
3023454,8.054921850508846
3025236,6.063976026751701
3027018,7.260527853818668
3028800,7.526590499403331
3002071,187.41458477959566
3003853,159.26418413272322
3005635,245.07259537066093
3007417,240.10289096611373
3009199,253.52563856879138
3010981,171.47379252845417
3012763,156.08328609024466
3014545,176.4269360750803
3016327,155.55422595188404
3018109,205.0656471049443
3019891,195.02024272786707
3021673,213.03691411112447
3023455,162.89276118792455
3025237,161.49747883778835
3027019,178.19998195406183
3028801,171.43603248193983
3002072,69.38234286594276
3003854,54.66897632752768
3005636,59.45110834123245
3007418,78.17252855555493
3009200,90.43563691810319
3010982,55.00708579696617
3012764,54.4024289938231
3014546,60.239979496277066
3016328,53.19093373383574
3018110,56.977958237505995
3019892,66.5730145632936
3021674,69.33034984829622
3023456,51.51591738362911
3025238,52.0201801672765
3027020,58.070405796203794
3028802,54.65139727981244
3002073,2812.5771717507773
3003855,1462.7934802036327
3005637,1941.8233312818495
3007419,2154.130583980792
3009201,2500.2450179370603
3010983,1534.4231341325494
3012765,1437.7189026408344
3014547,2334.4102015215853
3016329,1469.456404327025
3018111,1754.4890405916528
3019893,2013.8866165529898
3021675,2074.018568985806
3023457,1609.2930282478235
3025239,1620.7746062034932
3027021,2341.4052164853533
3028803,1548.6162673980791
3002074,22.01270266915294
3003856,0.0
3005638,0.0
3007420,0.09417399946557625
3009202,0.26952931968490207
3010984,0.032355765606828346
3012766,0.0
3014548,0.0
3016330,0.3654840719472765
3018112,0.34061744166042535
3019894,0.5579530941418033
3021676,0.883290731898496
3023458,0.4815218133926213
3025240,0.3554767974475297
3027022,0.4448273212977812
3028804,0.4672150335549312
3002075,6.887653237318567
3003857,5.258543232922893
3005639,8.145539754995037
3007421,7.40734652856446
3009203,9.114177435099945
3010985,5.665576280067287
3012767,5.814696959878117
3014549,5.533748850285345
3016331,5.246665183797458
3018113,7.310146925091547
3019895,7.343014845329311
3021677,8.36623798480999
3023459,5.3784257436581635
3025241,6.745290209818308
3027023,5.4649894304035485
3028805,5.356545742144392
3002076,3.2348236738282874
3003858,3.0504281339737944
3005640,2.9541798600758207
3007422,5.338764352598577
3009204,6.31773112114517
3010986,3.0899192881891726
3012768,3.0410615014907276
3014550,2.8516805579894524
3016332,2.638005268038846
3018114,2.7899277055022864
3019896,5.114755157744228
3021678,5.551681927873275
3023460,3.0627520042409913
3025242,2.8108932616180415
3027024,3.0338419984865985
3028806,3.2242623496290377
3002077,0.0151336940424173
3003859,0.0021720809264953738
3005641,0.015446436872294071
3007423,0.010453859968580531
3009205,0.0014418516198663094
3010987,0.057949868308901864
3012769,0.008361730159199757
3014551,0.020321469881568226
3016333,0.0004896097545759872
3018115,0.012454440313873721
3019897,0.0
3021679,0.0
3023461,0.018307755751947513
3025243,0.004329236116778541
3027025,0.0061701986696969325
3028807,0.0009314460203737129
3002078,5.9363423075782995
3003860,2.8758991957120124
3005642,4.548145491708199
3007424,9.937791193485168
3009206,10.564632137920569
3010988,6.533772392836948
3012770,4.258233074859964
3014552,4.717988882793565
3016334,4.243140821943555
3018116,3.1608310927939787
3019898,6.1383827586888025
3021680,8.913482793272182
3023462,4.263470726172458
3025244,5.435952442997212
3027026,5.978378955520308
3028808,4.130598768404213
3002079,2162.8111686026164
3003861,1863.2870163647713
3005643,2135.5298639758335
3007425,2482.213513795173
3009207,2497.850454967027
3010989,2102.4265478426973
3012771,1852.933753929826
3014553,2083.465070035461
3016335,1897.7514792913123
3018117,2096.809329228199
3019899,2447.261279076771
3021681,2405.0532533956434
3023463,1921.88501852057
3025245,1921.2218614293245
3027027,2086.928132963173
3028809,2017.2171249354408
3002080,0.015408725674854138
3003862,0.0019122431945729906
3005644,0.007690684912392535
3007426,0.0028164364188153043
3009208,0.002034242883989372
3010990,0.062477150154244036
3012772,0.008066110637096916
3014554,0.010107824075338645
3016336,0.002091191297569579
3018118,0.0038886521778794384
3019900,0.0
3021682,0.00036561168972839794
3023464,0.007387710702971707
3025246,0.0036829743391254117
3027028,0.00531038962857529
3028810,0.0007810615392764322
3002081,460.02536960822675
3003863,360.47465539372655
3005645,399.7013284119535
3007427,479.68690606086926
3009209,493.77495150979536
3010991,452.73508225205586
3012773,369.1840415178779
3014555,418.65138698634433
3016337,368.9730888625815
3018119,401.2585230792126
3019901,453.7900478806119
3021683,459.02369507444865
3023465,394.24424159257654
3025247,382.2270444102309
3027029,424.49144421233314
3028811,414.1882662871689
3002082,7.72848121749569
3003864,7.8315543714097045
3005646,10.195929739822175
3007428,12.436600075753324
3009210,9.878105993760832
3010992,6.987460007329389
3012774,7.318702906095457
3014556,6.839347102777118
3016338,7.2417129210951545
3018120,8.656660349175459
3019902,11.331631076108728
3021684,8.638065466588593
3023466,5.630898100875439
3025248,6.003904313005101
3027030,5.977368687626889
3028812,6.129519099444298
3002083,727.092957389058
3003865,511.7759629713264
3005647,627.4051970144084
3007429,718.4350421841283
3009211,747.6497276777685
3010993,663.6554857241321
3012775,609.2632326351179
3014557,659.1534466005766
3016339,597.3573367680003
3018121,635.0059606187572
3019903,748.9447283440362
3021685,738.9569584339979
3023467,619.1453122782946
3025249,626.3400123821257
3027031,686.5106409464329
3028813,680.1796468333094
3002084,840.4476591868251
3003866,641.639392425746
3005648,778.1324238980266
3007430,818.4448824986399
3009212,853.1310607742527
3010994,753.382538739493
3012776,689.0395019150387
3014558,741.933773766412
3016340,636.2036774316394
3018122,694.6657548329226
3019904,803.4051905867015
3021686,803.0667426213132
3023468,679.0288126824854
3025250,679.3102418544619
3027032,740.1907881607395
3028814,709.811951582928
3002085,174.4490571949892
3003867,138.4433233077864
3005649,170.75117673031716
3007431,167.57109771393345
3009213,176.80889464756038
3010995,149.90995864073457
3012777,155.48618268864936
3014559,143.02663694795493
3016341,130.1737769282291
3018123,150.52732310999852
3019905,155.80434841179243
3021687,156.60019619650393
3023469,137.30993424247688
3025251,133.41720048241345
3027033,143.7718191432881
3028815,143.84912813951414
3002086,115.76874123008645
3003868,105.46076308810837
3005650,135.51387078308892
3007432,145.5320905054924
3009214,161.79323391226657
3010996,123.5857318579736
3012778,98.08779600072391
3014560,115.34999398003258
3016342,100.13916815200582
3018124,120.1073422959605
3019906,133.60784925143284
3021688,134.74236465325018
3023470,111.4820533271706
3025252,106.16147592903302
3027034,117.20490837136215
3028816,104.00285735865948
3002087,102.78433314048686
3003869,95.080511968821
3005651,109.78631372932689
3007433,124.17388082883645
3009215,99.83504402541782
3010997,82.32045469580494
3012779,70.58964295406982
3014561,101.12313640557646
3016343,101.2966946802436
3018125,109.17460330041696
3019907,125.503340660777
3021689,108.08619625118058
3023471,88.96438604702884
3025253,95.57340592190752
3027035,107.1816038674272
3028817,103.44863442728115
3002088,2986.347581789449
3003870,2309.948277456086
3005652,2725.806470707257
3007434,3115.3892371701636
3009216,3243.9653983196445
3010998,2767.362246291414
3012780,2352.936459908012
3014562,2691.6731786872638
3016344,2475.7439379384505
3018126,2720.4169194566357
3019908,3132.6831166523298
3021690,3110.2661558079762
3023472,2587.0635388479072
3025254,2554.8770183510946
3027036,2908.557397939505
3028818,2823.3576331497757
3002089,30.01101544970282
3003871,28.540453094183306
3005653,31.999661068489917
3007435,36.37864364628705
3009217,37.61160646954823
3010999,30.415889473095543
3012781,25.535431157461428
3014563,27.785329311961693
3016345,24.752737350224436
3018127,29.98501834823799
3019909,34.23561753881086
3021691,32.73889215655864
3023473,25.47939705998137
3025255,24.78418819827615
3027037,27.182263908022964
3028819,25.196502907324543
3002090,0.8172511663789727
3003872,0.7283192920640861
3005654,0.739497643129298
3007436,1.1735583672452723
3009218,1.4449800416517065
3011000,0.8329976284201157
3012782,0.2594771096213879
3014564,0.8057296022971149
3016346,0.7464222377360045
3018128,0.7671077429565948
3019910,1.2231337869360244
3021692,1.4286455948581693
3023474,0.85188849909813
3025256,0.6182847294564103
3027038,0.7749532376834152
3028820,0.8909467025525851
3002091,31.079002042381763
3003873,26.356471503589535
3005655,29.17969083027465
3007437,36.885164248060285
3009219,33.25493296474256
3011001,29.33441233579705
3012783,23.163365795840367
3014565,24.595064326403776
3016347,23.717580522661265
3018129,27.186313749984794
3019911,35.19786848110496
3021693,33.27815069651057
3023475,25.235816063752093
3025257,23.0336247261143
3027039,23.937375218212892
3028821,23.66409901301223
3002092,41.9517616287665
3003874,18.624295995953947
3005656,23.70485936609644
3007438,34.959544635681894
3009220,38.05346295277896
3011002,29.717966962933847
3012784,37.18025160954159
3014566,19.054747573836774
3016348,17.79146574443727
3018130,20.637990261473437
3019912,26.834025013711074
3021694,24.24990430065156
3023476,20.130889504088056
3025258,19.116669567334743
3027040,18.45152114356256
3028822,14.468846179409312
3002093,0.027652981356171252
3003875,0.0071225742106509485
3005657,0.01001677016457649
3007439,0.010450330186393547
3009221,0.07121875008269467
3011003,0.0824694803299854
3012785,0.0040786557827079606
3014567,0.0053779105902840045
3016349,0.0
3018131,0.0005003324895680313
3019913,0.0
3021695,0.0
3023477,0.0021428380462431467
3025259,0.0015934828100805732
3027041,0.0036440886393745743
3028823,0.0
3002094,207.64065595705213
3003876,156.88660263461364
3005658,147.4878323463693
3007440,200.35762880210928
3009222,220.56129293003633
3011004,178.2567578313739
3012786,160.31512679166815
3014568,166.63378726811428
3016350,144.9165437754465
3018132,159.24650382879858
3019914,197.4935693131744
3021696,198.5806228621565
3023478,152.55564410131828
3025260,155.8714107204665
3027042,170.1851727982785
3028824,161.2084443562874
3002095,10.645581243441544
3003877,9.279476030157282
3005659,11.096579629720003
3007441,20.03252760410434
3009223,22.58640801987612
3011005,8.94734177334963
3012787,8.897025244796245
3014569,9.942954301018233
3016351,8.867967380459888
3018133,9.644126215447846
3019915,18.116856503820383
3021697,18.602597146023868
3023479,8.766965059513478
3025261,8.709996236589278
3027043,9.76848960164034
3028825,9.3685985475
3002096,48.98143749424486
3003878,29.135701939005788
3005660,37.374137033122054
3007442,46.29943111959796
3009224,33.16855018540078
3011006,23.518872368646182
3012788,24.08545120083309
3014570,39.02257302525476
3016352,28.793309093436097
3018134,37.978776901510514
3019916,39.59715080699177
3021698,34.757992006026655
3023480,24.92103735348759
3025262,26.775425294496213
3027044,40.47997653268097
3028826,30.331301109918513
3002097,11.466504145543269
3003879,2.183540569823958
3005661,2.3281929782588335
3007443,4.7699237492061854
3009225,4.193342621573044
3011007,3.4374102889450326
3012789,2.1308401641040664
3014571,8.673635256570812
3016353,3.7705568095330535
3018135,6.332110185148004
3019917,2.804838223198639
3021699,2.8450254699678275
3023481,4.683035147634031
3025263,1.8100927393574813
3027045,3.137490360025146
3028827,4.824772940969816
3002098,71.28508386883932
3003880,46.31524449290503
3005662,94.46419141075478
3007444,87.3427883343288
3009226,50.18384581560391
3011008,37.467127047994104
3012790,39.18426100068553
3014572,53.0414901231678
3016354,44.763706782567
3018136,56.05818169958429
3019918,76.5646276071173
3021700,37.62703278090961
3023482,26.114875661111057
3025264,31.5823562312342
3027046,42.557262832042824
3028828,46.68150366754387
3002099,9.711814130823262
3003881,9.67841289159424
3005663,11.865876237712442
3007445,16.710551278092527
3009227,14.522686097485268
3011009,9.488978556675956
3012791,9.43617381567824
3014573,9.814117753092566
3016355,9.42259368526418
3018137,11.41539737087075
3019919,14.84584530694895
3021701,13.168378276313826
3023483,9.420787933496724
3025265,8.659190947557887
3027047,8.857560467106529
3028829,8.66582598488439
3002100,225.48273941304103
3003882,215.9914206540905
3005664,271.7831906508135
3007446,224.92268457724938
3009228,230.4689639323623
3011010,196.65417485734966
3012792,184.03473657278883
3014574,206.02125473911647
3016356,184.5926125335982
3018138,245.24416731193605
3019920,220.07206971825056
3021702,221.6693937384257
3023484,194.23124204034903
3025266,192.45300464915655
3027048,212.88762701097673
3028830,202.23073592123612
3002101,259.3913405521921
3003883,150.5281513885682
3005665,196.82148763139034
3007447,236.8890726901093
3009229,256.678176445471
3011011,208.90068718298835
3012793,180.4878595205682
3014575,197.4078158043079
3016357,165.16453582220478
3018139,180.64304512688568
3019921,241.4052281407362
3021703,244.90557418946824
3023485,191.42747129618576
3025267,187.92850356236497
3027049,219.86986859203782
3028831,210.35095352502034
3002102,9.020947119207941
3003884,7.652044873133608
3005666,8.174352885075251
3007448,10.72173805477617
3009230,11.598531864914165
3011012,8.298519586277994
3012794,8.331686346260506
3014576,8.546876866848718
3016358,7.568371594992741
3018140,7.824407181873908
3019922,11.113344874016173
3021704,11.641910496126565
3023486,8.115465581609994
3025268,8.143878312220517
3027050,8.097678595293432
3028832,7.648820192622471
3002103,8.99846262595714
3003885,7.012150078644001
3005667,7.416825907015874
3007449,11.034312445142803
3009231,11.081338135074693
3011013,7.482673438119235
3012795,7.565653906358418
3014577,7.517786449641019
3016359,6.8856646959041115
3018141,6.515719722995421
3019923,10.165445499602678
3021705,10.353087600080512
3023487,6.749010453497881
3025269,7.027620221246193
3027051,7.234220377153939
3028833,7.159900636443308
3002104,220.56731139493513
3003886,192.4443433584353
3005668,274.3817883953646
3007450,235.3393797566824
3009232,238.0193551335838
3011014,197.74906096046445
3012796,195.521579166927
3014578,192.96600247483195
3016360,172.6841557118324
3018142,216.87842942608245
3019924,212.73316049566344
3021706,213.1132536148042
3023488,179.5626657411817
3025270,180.0576308606184
3027052,198.72639854993932
3028834,191.67969205743375
3002105,56.40543347616886
3003887,44.38409510725782
3005669,46.40396874367207
3007451,46.133860059837
3009233,50.6202283628834
3011015,41.02469143317251
3012797,45.588309436669455
3014579,45.889398823283386
3016361,41.77379149320297
3018143,45.42531284962579
3019925,50.87859612244199
3021707,50.206701367162346
3023489,41.13325795607835
3025271,42.934279429637904
3027053,45.10038814326097
3028835,42.72038156506386
3002106,3240.216359186232
3003888,1881.2796063862852
3005670,2223.2482030440783
3007452,2432.1427603779707
3009234,2550.005526150819
3011016,2274.091475359836
3012798,1833.196220022153
3014580,2834.23252247601
3016362,1815.7771055675646
3018144,2125.3435560366615
3019926,2425.3358856126993
3021708,2391.9304780014513
3023490,1977.211014924009
3025272,1959.5197384265775
3027054,2858.7162111332614
3028836,1917.5468625152337
3002107,15.412146053868755
3003889,0.0
3005671,0.0
3007453,0.022011347651973285
3009235,0.014420706877313982
3011017,0.0
3012799,0.0024251574405007997
3014581,0.0
3016363,0.27661780640000405
3018145,0.2684318454677749
3019927,0.3840834845332555
3021709,0.4398435759706585
3023491,0.28588644352462983
3025273,0.32425102702935166
3027055,0.28263148952518774
3028837,0.32859155242513177
3002108,12.108065471391123
3003890,10.42295207283574
3005672,15.588938436586867
3007454,14.43703759178493
3009236,16.573645460674083
3011018,10.680969523272042
3012800,9.636374228224463
3014582,10.694789469875237
3016364,11.23904911533638
3018146,15.204910885299377
3019928,15.5084199066432
3021710,16.285422385712987
3023492,9.903853721235157
3025274,9.456841632779067
3027056,12.506472889593601
3028838,11.893318184004274
3002109,4.848538699315441
3003891,5.113728411337696
3005673,5.689556690146431
3007455,7.111256926596372
3009237,7.181633338611806
3011019,2.9949227975748194
3012801,2.5719100698051616
3014583,5.48708262709637
3016365,5.394510843717716
3018147,6.031563587835488
3019929,8.055025590205553
3021711,7.713075611717966
3023493,4.614087898809704
3025275,4.623022345569957
3027057,5.635617170757381
3028839,6.004384455384262
3002110,0.04509865538149108
3003892,0.05287426983016441
3005674,0.012239222231921832
3007456,0.01678865660117748
3009238,0.019389783577412903
3011020,0.022601233767165534
3012802,0.014735556641196738
3014584,0.009538410842591058
3016366,0.014662852148475644
3018148,0.009695663469582203
3019930,0.014574312663463063
3021712,0.016971412863364097
3023494,0.01196202879919967
3025276,0.014724374162717858
3027058,0.04021758684694691
3028840,0.05415035268543836
3002111,5.653877354961096
3003893,3.9361405850892495
3005675,1.9151809719662642
3007457,4.73168092844348
3009239,5.054341346134957
3011021,3.844472098632638
3012803,2.434345682925215
3014585,3.814248988129595
3016367,3.767085336914331
3018149,1.6941858913114547
3019931,2.5541257929682994
3021713,5.135533926703548
3023495,2.224817659787743
3025277,4.748288174751468
3027059,4.3478858402815606
3028841,2.5462706082416546
3002112,4302.70692130073
3003894,4604.374526125463
3005676,5054.045939157572
3007458,5428.656016796894
3009240,6066.463043795757
3011022,4608.311170917427
3012804,4333.152621440486
3014586,4325.83185809945
3016368,4347.92376127559
3018150,4822.542143160787
3019932,5321.700649958842
3021714,5520.354550521286
3023496,4564.783544558168
3025278,4617.496223335388
3027060,4530.87959076575
3028842,4961.173306006695
3002113,0.0
3003895,0.0007697615102207062
3005677,0.0003227488756585638
3007459,0.0011350980113113468
3009241,0.002030488204886566
3011023,0.0013972636459807007
3012805,0.0
3014587,0.0
3016369,0.0
3018151,0.0
3019933,0.0018500688285110825
3021715,0.003337357593529537
3023497,0.0
3025279,0.0
3027061,0.0
3028843,0.004771202039010733
3002114,502.61874228326195
3003896,507.304059527502
3005678,508.37254207274464
3007460,569.344291812169
3009242,836.8681897675455
3011024,540.8652244274903
3012806,514.9151250715619
3014588,523.4901518395272
3016370,532.3419591394477
3018152,565.6738696485608
3019934,627.4892779613548
3021716,740.41724015924
3023498,572.1924774571931
3025280,565.4400723284358
3027062,527.9428513034683
3028844,608.6565987619887
3002115,12.397096734779955
3003897,13.575147071338902
3005679,16.964225820157115
3007461,19.56310338363381
3009243,12.940830943713086
3011025,8.618633982430726
3012807,10.308944394356017
3014589,11.139762846277867
3016371,12.060053833699383
3018153,16.589189901211032
3019935,17.50589955560496
3021717,12.08950220151518
3023499,9.298492465916727
3025281,10.604694834322842
3027063,11.061722532398482
3028845,12.476511875941137
3002116,1062.6668012221735
3003898,1076.132558574169
3005680,1216.8349271217312
3007462,1325.343777750448
3009244,1461.428000330797
3011026,1084.2269749536297
3012808,970.701961792337
3014590,1079.6015090014405
3016372,1099.8320904837014
3018154,1207.3527900153347
3019936,1335.091631733265
3021718,1353.0672588399852
3023500,1162.0111123726372
3025282,1163.8093906839113
3027064,1182.6993151808601
3028846,1356.805520068043
3002117,701.3406144887164
3003899,623.4388558418287
3005681,706.7115804039369
3007463,788.5360841301516
3009245,1071.0978561001286
3011027,735.8779039906498
3012809,641.3241262413006
3014591,783.059880291065
3016373,679.5072839837779
3018155,676.3774709667427
3019937,823.8990805470536
3021719,853.4181316894798
3023501,728.3189164566344
3025283,723.9163694131557
3027065,818.6119839229885
3028847,774.404177785932
3002118,289.76711349216197
3003900,261.1838778831386
3005682,327.7882565871856
3007464,320.4313017082821
3009246,392.1739566191956
3011028,289.22685420812815
3012810,270.2896418736727
3014592,263.1409378611116
3016374,271.07760106365373
3018156,328.4292880684865
3019938,322.34572897971526
3021720,347.6927371894952
3023502,293.95259015312126
3025284,287.8558607606312
3027066,272.75558848354814
3028848,316.2965609780899
3002119,161.8442426588654
3003901,189.89679126900774
3005683,187.17422829349712
3007465,250.8536557187758
3009247,335.14553381670277
3011029,461.6340776185645
3012811,145.16134130679555
3014593,201.72784006659546
3016375,207.87307134368783
3018157,210.32839698726704
3019939,258.7261315198132
3021721,280.8001956948271
3023503,344.0397049550326
3025285,209.617426526346
3027067,208.89041940274095
3028849,237.71734001081256
3002120,55.15890802905877
3003902,70.09070977072854
3005684,83.26323472786619
3007466,140.99651490493744
3009248,68.69723244945095
3011030,58.61991750441869
3012812,59.533508902768766
3014594,57.65551374539141
3016376,59.029894377488425
3018158,66.23509532830262
3019940,99.65981107809885
3021722,65.58022909061546
3023504,56.61582699710694
3025286,60.68266242226847
3027068,56.945523571566476
3028850,61.75596033172702
3002121,4212.958372878357
3003903,4094.0563598338554
3005685,4671.764928739257
3007467,5023.996396588195
3009249,5846.288881084739
3011031,4297.735689717477
3012813,4152.046402253971
3014595,4188.942949280444
3016377,4335.478877374519
3018159,4577.316843723941
3019941,5050.794733040082
3021723,5205.695946148466
3023505,4505.29906560251
3025287,4566.398099191173
3027069,4469.564049986801
3028851,5015.791869613599
3002122,9.53121097362495
3003904,10.46153338723858
3005686,13.135759872621131
3007468,14.141709152290131
3009250,14.888025205049269
3011032,8.83774526944269
3012814,8.5244503009504
3014596,9.941453680676132
3016378,10.53354056504198
3018160,12.506715954716944
3019942,13.764258746909652
3021724,15.942401830070414
3023506,10.094875579698758
3025288,9.99987081386701
3027070,10.123174960229852
3028852,11.440155435658822
3002123,0.17425803909357077
3003905,0.10328422052496429
3005687,0.11330599242515627
3007469,0.12578321083531874
3009251,0.14944898872979953
3011033,0.12371867670532599
3012815,0.12184154442823436
3014597,0.19992444309152976
3016379,0.15191218667165077
3018161,0.16128858411105637
3019943,0.17351038806044364
3021725,0.18322843105089692
3023507,0.1585073514630954
3025289,0.1527453323649143
3027071,0.20629931074937094
3028853,0.2319088295465391
3002124,17.62225039971932
3003906,12.987112767169236
3005688,16.026366174673587
3007470,22.278118512525385
3009252,18.326961262788412
3011034,15.980204813567966
3012816,16.46466128376267
3014598,13.806070928726058
3016380,15.955104646000079
3018162,17.589793364241146
3019944,21.57953774619487
3021726,20.626584945060632
3023508,13.69930558774336
3025290,16.177650631700754
3027072,12.015432624042475
3028854,16.159119620240986
3002125,25.456262636162354
3003907,16.26394303212666
3005689,17.723616527092233
3007471,26.077670881351413
3009253,23.89046709571514
3011035,20.788381466120686
3012817,15.686456279826672
3014599,18.240690255856205
3016381,16.67166853467951
3018163,22.0903865719971
3019945,27.834760614183818
3021727,27.479259891817815
3023509,17.833042011272493
3025291,20.72978011840468
3027073,21.03870592331039
3028855,18.94305880480918
3002126,0.10642248947587139
3003908,0.12862296568479048
3005690,0.1365886380988389
3007472,0.15214609334942467
3009254,0.1999699032563699
3011036,0.06876011773998349
3012818,0.0650274737845115
3014600,0.11073744680588778
3016382,0.11675736398659102
3018164,0.12196528720955813
3019946,0.13901721979655654
3021728,0.15782912810317004
3023510,0.07526432838096907
3025292,0.07584826879350219
3027074,0.09477816097593887
3028856,0.10916453399300396
3002127,242.39033739401725
3003909,225.07821407952326
3005691,241.38665092262355
3007473,273.6814592814929
3009255,325.718663750826
3011037,239.55174122254175
3012819,223.31117175381678
3014601,227.3254735908399
3016383,238.87539085777317
3018165,240.28127806422802
3019947,273.5670304754627
3021729,295.0868030814694
3023511,240.39929851356678
3025293,238.11732118553434
3027075,232.04373960467137
3028857,282.71330518604356
3002128,0.0029784407744652113
3003910,0.0005732767660686465
3005692,0.0015184781706224434
3007474,0.002535464604859446
3009256,0.005645087303400604
3011038,0.007224908947859779
3012820,0.005395283683887741
3014602,0.0011827293739785922
3016384,0.0014734814227217626
3018166,0.0
3019948,0.00037907277022286335
3021730,0.003993596948541351
3023512,0.0011362157168975026
3025294,0.004004304754398286
3027076,0.0
3028858,0.005462697194007778
3002129,16.62143508348731
3003911,4.072580278780889
3005693,5.661553786661749
3007475,6.429487829644214
3009257,5.124604703798497
3011039,2.7188034482060854
3012821,7.918789898295269
3014603,3.7409835626655124
3016385,4.9833933453154655
3018167,7.346820951946963
3019949,8.319881783647448
3021731,6.6719244686647885
3023513,4.158650317436005
3025295,11.2816094859243
3027077,4.860455368004246
3028859,5.415612875153788
3002130,8.150234101718233
3003912,0.8613370332140806
3005694,0.998253706582544
3007476,1.5776483284072895
3009258,1.0022947825386395
3011040,0.6397402847382158
3012822,0.11370109323887563
3014604,0.8233773588497062
3016386,1.294606875962389
3018168,1.3823825113394264
3019950,2.0839194041945706
3021732,1.8027172538027132
3023514,1.2597279600170224
3025296,1.5146449085507634
3027078,1.349759706716797
3028860,1.5623100821585323
3002131,58.392024823817316
3003913,61.75530063268052
3005695,84.23782547133779
3007477,144.6833786076626
3009259,48.78093310049589
3011041,37.88213323383501
3012823,34.84818124962816
3014605,32.247137790930594
3016387,47.60482824753151
3018169,80.19342058328243
3019951,94.84830119873821
3021733,46.88496638166035
3023515,27.56616908172479
3025297,29.91504560928773
3027079,31.577784202914486
3028861,39.35876935958524
3002132,2.10233410054435
3003914,2.201781420254321
3005696,2.030269911384423
3007478,2.858085993153137
3009260,3.041364954768298
3011042,2.408123188284653
3012824,2.016931236212296
3014606,3.061139946506796
3016388,2.6478197646950186
3018170,2.8419936856743853
3019952,3.5968321020051413
3021734,3.491813369570235
3023516,2.6209239437408502
3025298,2.5866833608562607
3027080,2.658921129599853
3028862,2.798616713507343
3002133,186.60830223164717
3003915,275.05409866276045
3005697,186.6360573458295
3007479,209.25229938307407
3009261,244.12155666793032
3011043,195.80558458327528
3012825,201.1122191524337
3014607,175.77699432126602
3016389,251.8790687301812
3018171,187.7469763579845
3019953,207.24598676806113
3021735,219.85322574129108
3023517,198.0209812868048
3025299,197.40125833527597
3027081,181.05026654733715
3028863,282.0446557268078
3002134,284.0805818528548
3003916,244.31496160287602
3005698,262.04064298062946
3007480,275.8165979801204
3009262,349.5317587198999
3011044,254.30173117684444
3012826,241.46821345549645
3014608,237.7350673379382
3016390,247.73727391092442
3018172,249.4971415009846
3019954,301.1834744138792
3021736,316.6644974374812
3023518,254.51951483480642
3025300,257.7699428833823
3027082,251.18970937388454
3028864,302.10499457713894
3002135,2.8299574870414137
3003917,2.934225227257597
3005699,2.9962637167455477
3007481,3.8659812451747957
3009263,3.9807802385384883
3011045,2.8417860422178136
3012827,2.7275396826032545
3014609,2.7630527222310577
3016391,2.8679898105775252
3018173,2.9771516681396015
3019955,3.9029902393638998
3021737,3.935859837770629
3023519,3.0244420527525016
3025301,2.759422981741407
3027083,2.7657710580499644
3028865,2.9606758693136768
3002136,1.676417189443236
3003918,1.0715935544350483
3005700,1.2569359292440612
3007482,1.8487751127204728
3009264,2.3182226705582045
3011046,1.7841535089986815
3012828,2.0594250046485714
3014610,0.9692808899232759
3016392,0.9892265231294841
3018174,1.0100036747049226
3019956,1.391216410583847
3021738,1.5378275957863121
3023520,1.032519534293847
3025302,1.1674559953127794
3027084,1.101545698914679
3028866,1.2530699302441042
3002137,205.8221407070869
3003919,210.73285606094734
3005701,300.2625340764757
3007483,216.980934260996
3009265,272.22146304964684
3011047,187.7319669050522
3012829,190.47363566163244
3014611,192.6622030535299
3016393,208.0348031894392
3018175,279.17231220827546
3019957,235.51649435014224
3021739,249.95463642248646
3023521,206.435785699815
3025303,208.6073585118486
3027085,199.90752999501555
3028867,234.52967599158
3002138,107.08561105570517
3003920,108.60739855594538
3005702,124.00190696495451
3007484,117.21036358712682
3009266,174.63692746093042
3011048,111.71670528806804
3012830,112.46537490787972
3014612,111.35247056129741
3016394,119.25257781574813
3018176,124.67081895259123
3019958,136.77001696686577
3021740,143.65523652571915
3023522,122.75153693509033
3025304,124.97285302287891
3027086,117.8146375539598
3028868,131.91013896113066
3002139,1756.13195292825
3003921,1078.295385277722
3005703,1301.6179006428831
3007485,1207.1158565280064
3009267,1424.4621395806525
3011049,764.413701403061
3012831,2112.246510371446
3014613,1239.4690707284392
3016395,1402.1970714514994
3018177,1511.6360927546082
3019959,1751.3049283263035
3021741,1787.2497388780994
3023523,1490.1171378610786
3025305,2317.800093887283
3027087,1233.131295664651
3028869,1464.5146318750105
3002140,28.04718452524254
3003922,0.9160999357572148
3005704,0.9747161860324169
3007486,1.4748521730957744
3009268,1.9891802459440289
3011050,0.8752964632205896
3012832,0.690636341173455
3014614,0.8851467303230716
3016396,1.845520815016996
3018178,1.781994643824912
3019960,2.6040129930747566
3021742,3.153808925063926
3023524,1.9672002475991508
3025306,1.8222619866487195
3027088,1.739713052706341
3028870,1.984465861499346
3002141,0.45531456903958833
3003923,0.5441686958443887
3005705,0.5987785124826589
3007487,0.5911233220055215
3009269,0.8772691838175891
3011051,0.5509244714625768
3012833,0.17693857787676884
3014615,0.5177530679849006
3016397,0.5743934250643797
3018179,0.5953324784542623
3019961,1.68726550116386
3021743,0.8203038847088768
3023525,0.4408812754994113
3025307,0.3917010150679217
3027089,0.41768272854485256
3028871,0.5044006500853807
3002142,13.590836148739262
3003924,11.501786923670126
3005706,13.257586909818174
3007488,18.652804467123293
3009270,19.916691339981696
3011052,10.389229438233022
3012834,11.247376472564076
3014616,12.175609647449354
3016398,11.3010686890933
3018180,12.977707749366871
3019962,19.085628141229325
3021744,18.775081692850307
3023526,12.640450915245637
3025308,11.284595029368782
3027090,12.224584464265833
3028872,12.333594969054246
3002143,0.019381145923326088
3003925,0.011723959870560158
3005707,0.006541546568232308
3007489,0.0036508504151569043
3009271,0.0027424763600950738
3011053,0.017841525297860924
3012835,0.009819885867240785
3014617,0.013488435834981544
3016399,0.006723878269465731
3018181,0.0041100261511410425
3019963,0.00036517770004636994
3021745,0.00036046670541417113
3023527,0.007748058469833986
3025309,0.0054564199661188495
3027091,0.00824302493321945
3028873,0.005393944164004845
3002144,16.21277998598605
3003926,11.520270820850818
3005708,14.486773141321933
3007490,18.580706761080435
3009272,17.401187101512186
3011054,8.372147217179522
3012836,8.839821282187401
3014618,12.263036344259362
3016400,11.14505435158182
3018182,12.698208832208323
3019964,18.833498242185012
3021746,18.16196799970218
3023528,10.842499067619974
3025310,11.055849266597482
3027092,13.10473957795899
3028874,12.613477520661165
3002145,8587.332057617417
3003927,7108.241476212171
3005709,9062.476536290915
3007491,10861.173511874613
3009273,10901.446267703
3011055,6719.0951969175585
3012837,6518.2108393897115
3014619,7516.1690956229795
3016401,6591.698155245568
3018183,8007.567482626741
3019965,9123.609385583335
3021747,8924.091002882706
3023529,6651.548211673654
3025311,6777.436266701912
3027093,7711.060515523511
3028875,7066.180852567367
3002146,0.020257085946591206
3003928,0.013311577823070395
3005710,0.00872538412161207
3007492,0.004126345545045671
3009274,0.002218419866708543
3011056,0.017700604599193565
3012838,0.009607635406191981
3014620,0.013627855425881482
3016402,0.008568206753844829
3018184,0.006251686283395938
3019966,0.0007621089020280579
3021748,0.0003210185226719166
3023530,0.006799846664524228
3025312,0.004609359614376714
3027094,0.007729197708059711
3028876,0.00678483464812623
3002147,1520.3909741027385
3003929,1261.6986814383883
3005711,1638.0415342144731
3007493,1834.8445566044836
3009275,1956.8906847620244
3011057,1325.1737652839079
3012839,1181.2372591188184
3014621,1438.9796942591638
3016403,1213.2308812287108
3018185,1411.9880083797768
3019967,1597.4534662924386
3021749,1608.9241904553962
3023531,1261.3672960443212
3025313,1276.489996999403
3027095,1435.4732001706932
3028877,1330.9896045095595
3002148,27.21806046811389
3003930,23.066932735445068
3005712,26.066860091038695
3007494,30.6867060460515
3009276,19.802378981304077
3011058,16.20433163774086
3012840,22.861257770141226
3014622,20.480976531793186
3016404,20.013539767213235
3018186,25.087914720928723
3019968,25.899276301993666
3021750,17.527774007693875
3023532,15.678301923614688
3025314,18.031360679914794
3027096,18.732304167665024
3028878,19.321617359505314
3002149,2216.9775269260685
3003931,1717.6882416472738
3005713,2096.5680512847844
3007495,2575.7613612635373
3009277,2591.734701686233
3011059,1828.6132230158855
3012841,1711.9394784331696
3014623,1986.448315586932
3016405,1692.491985123788
3018187,1962.2339836812562
3019969,2309.6207736042456
3021751,2228.0089620513636
3023533,1758.0675292643793
3025315,1792.2941763984174
3027097,2022.0799998398873
3028879,1879.5361751378714
3002150,2423.926417712974
3003932,1869.9735394768607
3005714,2438.708537443586
3007496,2920.1687139712194
3009278,3115.4617093763313
3011060,1970.481611112884
3012842,1816.309923909558
3014624,2128.1039002704547
3016406,1733.513522506456
3018188,2102.703458130623
3019970,2409.463090705141
3021752,2395.708290957177
3023534,1848.6842329808048
3025316,1899.0357093614518
3027098,2123.5139860266618
3028880,1923.9723116008956
3002151,529.7845638525445
3003933,408.5672305387675
3005715,637.7148389427704
3007497,621.2339776643233
3009279,627.8531126170948
3011061,420.92372643308795
3012843,418.61957910796303
3014625,432.8612048241232
3016407,381.7914908274427
3018189,496.3817255124627
3019971,491.88952081512144
3021753,496.6710746280285
3023535,396.98325351206995
3025317,403.8198576468858
3027099,444.4795263601436
3028881,433.65549005006045
3002152,588.0440956501184
3003934,429.0371059149372
3005716,684.3318552446458
3007498,719.5877260083158
3009280,823.0825626237671
3011062,519.2899705469821
3012844,461.1023714702253
3014626,494.55053978072164
3016408,406.0171465704286
3018190,542.2076423670813
3019972,552.5288667215732
3021754,564.3050267730492
3023536,451.3012072527285
3025318,449.3999929575277
3027100,503.8344755371401
3028882,434.8582063188651
3002153,379.29659902811835
3003935,320.65623392071734
3005717,460.62563815098474
3007499,460.8370143964842
3009281,390.68905506938495
3011063,250.25776529373934
3012845,263.710737680287
3014627,319.0296627769214
3016409,283.75012337183324
3018191,350.38522425030834
3019973,380.7995273589765
3021755,332.42873990514994
3023537,271.64701980782195
3025319,283.0799593060073
3027101,336.60447634565423
3028883,314.937735087223
3002154,9305.363931104292
3003936,7177.614330415784
3005718,9393.370411178132
3007500,11082.998211468353
3009282,11107.250304657064
3011064,7568.515614368138
3012846,7381.79135152535
3014628,8315.493341257992
3016410,7181.138571319141
3018192,8538.331714844462
3019974,9861.485169865251
3021756,9620.01222926027
3023538,7507.922798653217
3025320,7607.80503894357
3027102,8592.43049675727
3028884,7919.095533839104
3002155,85.75538446045807
3003937,72.36911791313626
3005719,72.54377972194534
3007501,83.90512004311813
3009283,84.13306625945539
3011065,69.42938303390996
3012847,68.13015352625195
3014629,74.2322461579315
3016411,67.08679895530776
3018193,76.97375050955709
3019975,90.07141372285031
3021757,86.29257891368593
3023539,66.5103159928019
3025321,68.21281899980305
3027103,74.69401942467287
3028885,68.56186205024277
3002156,4.1253841274139065
3003938,3.7615508256949597
3005720,3.457656466133375
3007502,5.054649476599333
3009284,5.553860562462302
3011066,2.680325738792114
3012848,2.391548399561698
3014630,3.6241749691211402
3016412,3.3585634571180343
3018194,3.450016457771928
3019976,5.111616405645716
3021758,5.201591894580607
3023540,2.874989897297558
3025322,2.835960539614675
3027104,3.4281229798524375
3028886,3.408036855671329
3002157,128.37326362170208
3003939,106.18125804310824
3005721,135.16989089340336
3007503,141.9572974718187
3009285,143.2497182303524
3011067,100.46107246337453
3012849,102.68401943820605
3014631,103.53173921488548
3016413,101.19441232892997
3018195,116.80634644836438
3019977,137.36030432638702
3021759,107.73097830947007
3023541,91.43684461000082
3025323,94.65994816212714
3027105,104.60393914155775
3028887,101.36149561800379
3002158,134.54621091133677
3003940,84.37272650507391
3005722,98.94073857563968
3007504,132.42463888385922
3009286,124.42790542077036
3011068,79.52962178971877
3012850,87.49914584901524
3014632,94.36977779726176
3016414,84.44600107440682
3018196,96.09076228414376
3019978,117.67362122467694
3021760,107.16257290306612
3023542,82.49417907346225
3025324,85.69865536048617
3027106,95.63386464279849
3028888,90.70308920861281
3002159,0.11919940174132965
3003941,0.04374721211487026
3005723,0.024789642821635396
3007505,0.05937092441398265
3009287,0.13381624511471257
3011069,0.14343459269015565
3012851,0.04096135975348285
3014633,0.05698526332324553
3016415,0.043355872470735246
3018197,0.02549154769555904
3019979,0.03922694302237254
3021761,0.042364551515426736
3023543,0.05577810137314485
3025325,0.04059711773947689
3027107,0.0941412016842867
3028889,0.08759589473870606
3002160,591.7036505669663
3003942,475.9189815896331
3005724,597.0180586840967
3007506,786.4595081094329
3009288,832.1462151920937
3011070,503.8836977445165
3012852,472.20036350351114
3014634,510.8736000408664
3016416,433.35681716099725
3018198,513.4478677355349
3019980,608.7262766955214
3021762,601.6801067546212
3023544,453.2808441449193
3025326,460.62043696572374
3027108,513.1279710556727
3028890,483.1470003536909
3002161,29.31386932600682
3003943,24.48870368769735
3005725,30.56252843368397
3007507,45.790287472492594
3009289,53.572991947401285
3011071,27.188888468190495
3012853,25.49012672106123
3014635,28.377028521030955
3016417,20.031124984039565
3018199,26.023269816294626
3019981,42.57778059001299
3021763,45.45650617685737
3023545,20.320225173978425
3025327,26.334828904637067
3027109,26.919117186920815
3028891,19.537155680828366
3002162,40.022184545569125
3003944,20.136387346343735
3005726,35.02091136886758
3007508,36.962446347382
3009290,27.44788553451806
3011072,14.17565412808471
3012854,16.738830617552384
3014636,25.033745611241002
3016418,18.864417462052074
3018200,29.6153048660142
3019982,31.88975910041785
3021764,24.82702396113987
3023546,14.510571595570918
3025328,16.90698044528251
3027110,25.54315333065864
3028892,19.92888355324365
3002163,56.97817738627339
3003945,49.60367740745303
3005727,55.47311721428215
3007509,81.38428115952449
3009291,79.53173184102667
3011073,59.23080314009851
3012855,50.27167928892581
3014637,51.99590965794042
3016419,48.127210506753556
3018201,58.90176471997682
3019983,67.56383640096799
3021765,65.30306089259246
3023547,48.38586106095651
3025329,51.37124641320975
3027111,54.677732481732995
3028893,53.76432153859826
3002164,320.64061584256416
3003946,308.1242926572133
3005728,411.91067567310967
3007510,449.74619018097343
3009292,214.88987995976933
3011074,170.0266776565999
3012856,179.18228273751131
3014638,249.62467205653402
3016420,239.70300833515617
3018202,288.972127644052
3019984,313.2992870179218
3021766,197.6003749835012
3023548,166.18999271376973
3025330,200.65972286065403
3027112,223.4996660036318
3028894,214.47289555941174
3002165,24.95862617219286
3003947,24.806536661109448
3005729,30.53491363393445
3007511,39.28859745755403
3009293,33.01124708896014
3011075,21.331971214586577
3012857,20.06031345216319
3014639,24.460466113287982
3016421,22.434819864444318
3018203,27.94201405684733
3019985,32.161153815394215
3021767,28.76332932958263
3023549,20.66342052795707
3025331,18.938378635751516
3027113,22.144761783335692
3028895,21.470874988748445
3002166,812.4589733886347
3003948,688.4558975142639
3005730,1531.3001200743531
3007512,871.5655114423038
3009294,840.9844287414148
3011076,659.3069571056811
3012858,621.2957910377977
3014640,738.1958744822531
3016422,637.3472659384139
3018204,1007.7887922769328
3019986,751.8432248627179
3021768,766.9515538459115
3023550,659.1209599963486
3025332,674.3118699705875
3027114,754.2116823597277
3028896,686.4237299198315
3002167,546.8434677011287
3003949,406.53325719984133
3005731,609.6929866081683
3007513,684.1871959726949
3009295,726.6633179057591
3011077,449.8094862861016
3012859,414.881748131256
3014641,479.7893741907532
3016423,430.1822596663663
3018205,475.0446939985571
3019987,563.977016296512
3021769,552.7050924241177
3023551,442.1344065185028
3025333,448.3597433324148
3027115,497.0475855930813
3028897,469.9436091254256
3002168,34.855123935702814
3003950,29.69813521098411
3005732,38.232555712367855
3007514,51.33295722824396
3009296,52.568304966142385
3011078,26.7628874385962
3012860,25.180272970800832
3014642,33.67660040984968
3016424,29.84715370123763
3018206,33.73786860766094
3019988,45.07257313819387
3021770,44.90065361676411
3023552,28.524620913129052
3025334,28.345223850905715
3027116,32.62896133662571
3028898,30.331877399028286
3002169,36.40163482957978
3003951,31.74244428339436
3005733,37.471478298320164
3007515,46.125694848559284
3009297,52.58147981013326
3011079,31.658495568784314
3012861,29.04549685209703
3014643,32.51678052998384
3016425,28.57368350107929
3018207,31.95085179942836
3019989,40.08477925050431
3021771,42.464074118139955
3023553,30.846414780336534
3025335,29.539441423139653
3027117,34.0404594452557
3028899,30.154857145444947
3002170,1133.40758546969
3003952,898.5770735722311
3005734,1653.3141138743151
3007516,1278.6926373114366
3009298,1347.4301231748784
3011080,897.4216271158342
3012862,842.816333716305
3014644,927.5240580906275
3016426,789.894055926462
3018208,1162.8975311527036
3019990,1007.5562542942513
3021772,1020.8612563890689
3023554,817.2414931526893
3025336,842.4184715845175
3027118,943.1622988719813
3028900,844.9867159515123
3002171,329.34963380869107
3003953,276.5369156729017
3005735,293.72656788375474
3007517,323.5240227504648
3009299,324.5282197299125
3011081,276.4919573647473
3012863,282.02828013453194
3014645,280.17021363699587
3016427,244.65327084876483
3018209,273.70007327923173
3019991,301.3092087689186
3021773,287.5722547559589
3023555,244.39931723849114
3025337,250.99895739169907
3027119,287.38682585412363
3028901,262.8798137320953
3002172,13336.371392256237
3003954,6724.639473051216
3005736,10041.721452884189
3007518,11606.414787762136
3009300,12276.724330569234
3011082,7866.403810859174
3012864,6986.30099933263
3014646,10480.14902077464
3016428,6648.923375719759
3018210,8636.530058060494
3019992,9600.585494912635
3021774,9276.14908524024
3023556,7141.577483785009
3025338,7102.668827770772
3027120,10461.04845942196
3028902,7042.830500611261
3002173,342.245199772193
3003955,279.24642477911857
3005737,335.66641277040094
3007519,569.8783187857144
3009301,481.87265498573475
3011083,285.39339284553535
3012865,295.3590481624707
3014647,303.91497455582555
3016429,273.6884294678059
3018211,299.5795503596513
3019993,378.200783996471
3021775,386.4413729844394
3023557,301.984283739322
3025339,296.2660466735111
3027121,339.4555567793531
3028903,312.2730353410491
3002174,89.53786341373717
3003956,68.23662577145996
3005738,125.74890169092099
3007520,101.29523705469994
3009302,114.5495007562959
3011084,72.95331835957063
3012866,72.29328010297789
3014648,86.4100226517521
3016430,73.22815392112837
3018212,113.1961178888432
3019994,101.27405070216031
3021776,104.73018454520155
3023558,75.79926568855306
3025340,75.71582072071952
3027122,83.8038955869553
3028904,75.92952678080263
3002175,13.477446885325639
3003957,12.534826705111206
3005739,15.335280195148945
3007521,23.06702083318812
3009303,24.100740101331954
3011085,11.965438493599597
3012867,10.158112524582135
3014649,12.799377860535136
3016431,11.963412772995058
3018213,14.197747945573942
3019995,18.838070253601433
3021777,19.73876960071721
3023559,11.32277283695329
3025341,11.354541014931348
3027123,12.406577906729956
3028905,12.952619280552348
3002176,0.016582027313990527
3003958,0.009766724164553651
3005740,0.00793156331341439
3007522,0.005128660858117401
3009304,0.003454383307827439
3011086,0.012701417778692789
3012868,0.007197337085157473
3014650,0.01027151776788683
3016432,0.004200785658240905
3018214,0.004976154192213137
3019996,0.0018792296641603073
3021778,0.0012037203421070783
3023560,0.0031990948746300975
3025342,0.004941287883689762
3027124,0.007160729746311895
3028906,0.0062968452260505755
3002177,14.30486125247446
3003959,10.435296507103374
3005741,14.025731800907089
3007523,19.548385149994147
3009305,24.005991856673365
3011087,13.030692699626648
3012869,12.175104962108646
3014651,12.210455067220506
3016433,9.765400515935333
3018215,11.97554785131331
3019997,16.975419718443515
3021779,19.498521162504566
3023561,11.737242552746046
3025343,11.891592826517622
3027125,13.068252003710862
3028907,12.743702357803672
3002178,7922.8650874788045
3003960,6617.758408749635
3005742,9029.653090506603
3007524,10628.09779577167
3009306,12064.572974384915
3011088,7039.686321015425
3012870,6491.137984158941
3014652,7138.467130706318
3016434,6578.442783597334
3018216,7991.391623501349
3019998,9182.298516402394
3021780,9294.395384281224
3023562,6675.384791335389
3025344,6681.995139721022
3027126,7324.452584217059
3028908,7172.258549933897
3002179,0.02704037535793689
3003961,0.02185672092870142
3005743,0.025884301575409524
3007525,0.02337123385258136
3009307,0.03102500292388677
3011089,0.02543532382185867
3012871,0.007430864413029041
3014653,0.010524192343819766
3016435,0.005318515981514962
3018217,0.00855028303789228
3019999,0.0014466716953761662
3021781,0.0026700561291026948
3023563,0.0027685996746528874
3025345,0.004969130781191211
3027127,0.007192505041547691
3028909,0.007395488583880133
3002180,1222.452623039401
3003962,992.8255155212286
3005744,1327.1409933668458
3007526,1416.0415034437374
3009308,1578.393471343489
3011090,1026.4390081522668
3012872,936.882871661756
3014654,1104.8774103732085
3016436,966.1133219081289
3018218,1165.913926545441
3020000,1281.5391850882486
3021782,1319.244446755936
3023564,1002.552404968333
3025346,1021.8086500024677
3027128,1119.9972284009555
3028910,1079.905524567859
3002181,26.2489498255211
3003963,24.03422201000238
3005745,30.099188234824044
3007527,34.4591526068269
3009309,21.765569440976503
3011091,13.64788744729517
3012873,17.265321942236547
3014655,19.656855436168087
3016437,20.29033215405558
3018219,25.37901228468937
3020001,26.917911103832306
3021783,19.09379489321704
3023565,14.457162325604765
3025347,16.710032117156857
3027129,19.519742852553126
3028911,20.905020300694403
3002182,2310.4996974161063
3003964,1820.8468490643907
3005746,2363.4722815614955
3007528,2686.1978881876876
3009310,3002.487047253437
3011092,1952.3227446501621
3012874,1858.571304836207
3014656,2005.6960069689958
3016438,1789.3307496906393
3018220,2145.750015658023
3020002,2494.6907334369057
3021784,2487.669915831561
3023566,1879.7615731457797
3025348,1914.4011170840906
3027130,2106.3868687436334
3028912,2066.9060896197884
3002183,2144.770773226075
3003965,1649.1189457851472
3005747,2280.4660291075593
3007529,2581.8403631517212
3009311,2818.749920445343
3011093,1758.2707009485823
3012875,1661.9223952032364
3014657,1882.218533972097
3016439,1594.2353876109585
3018221,1966.9643246046262
3020003,2228.281897499931
3021785,2285.7296169489177
3023567,1730.756192671917
3025349,1751.4528593167113
3027131,1927.5445642260809
3028913,1808.8315770263328
3002184,647.5430504348177
3003966,539.2707002513034
3005748,857.2241748218203
3007530,819.1426012689839
3009312,921.2498690098115
3011094,592.4578887699175
3012876,570.454534579106
3014658,563.4163105254202
3016440,508.6809744409502
3018222,681.4744255260748
3020004,677.6899527130804
3021786,704.5712826502091
3023568,542.5477758665935
3025350,547.5020299998158
3027132,582.7824669667125
3028914,583.3886867243356
3002185,352.77070832764775
3003967,272.2171813626749
3005749,427.17417192613067
3007531,425.13304003482244
3009313,556.7456870570777
3011095,331.3116328341642
3012877,277.79952962980593
3014659,306.49916229326135
3016441,263.85956646163135
3018223,353.5406512276007
3020005,359.62440208651697
3021787,386.6204676270663
3023569,295.7968383958219
3025351,293.85316627492665
3027133,316.80069250484087
3028915,289.52515620466687
3002186,300.16242832333
3003968,276.60748705106045
3005750,406.0878315324585
3007532,423.0072206388197
3009314,363.3627228582323
3011096,228.41752596977767
3012878,199.7459273816901
3014660,248.84201429595214
3016442,234.37067019501876
3018224,287.79121811671956
3020006,307.12931857209327
3021788,285.69765228198685
3023570,220.12826503884608
3025352,233.49649019863162
3027134,263.0691887824868
3028916,251.14806981916567
3002187,10559.16208594115
3003969,8079.859051495599
3005751,11015.82712849666
3007533,11935.350233000856
3009315,13624.927348900237
3011097,8863.856933700847
3012879,8556.204979148193
3014661,9385.732093543256
3016443,8545.58203753092
3018225,10278.658153018012
3020007,11865.237221481128
3021789,12168.860892311299
3023571,8802.615137630686
3025353,8834.317278712499
3027135,9700.717390710597
3028917,9436.45846836992
3002188,92.89795158969345
3003970,82.41899652717997
3005752,112.20120077603434
3007534,109.28759841564981
3009316,110.18032469538474
3011098,71.95909124390204
3012880,70.65502081222178
3014662,78.87993096810773
3016444,75.8058544214175
3018226,89.60617737995308
3020008,96.3178506712972
3021790,95.92511987886036
3023572,71.0583981218333
3025354,72.21403470034993
3027136,84.6081556271882
3028918,78.153752941664
3002189,1.465048284180904
3003971,1.24195505588051
3005753,1.4161816001318615
3007535,2.1236253867748496
3009317,2.2848438240632505
3011099,1.2282168828341518
3012881,1.1225766821944856
3014663,1.2992971426067716
3016445,1.1800347345754336
3018227,1.3364161357456699
3020009,2.004700989871637
3021791,2.229509031969208
3023573,1.0919356394576367
3025355,1.1151114763984065
3027137,1.190826961340827
3028919,1.1979831283718083
3002190,78.03085596452743
3003972,56.39202283479627
3005754,74.65967469377931
3007536,80.77675718133362
3009318,78.48084593621418
3011100,44.35388399209609
3012882,46.112081159819546
3014664,62.301223845785536
3016446,63.32700767611906
3018228,75.18234293784921
3020010,80.92358900796823
3021792,64.26062970276855
3023574,48.78085130619877
3025356,51.6095351909126
3027138,65.747702885134
3028920,63.024724779206196
3002191,93.88967493882897
3003973,68.18970984073519
3005755,79.04809549874882
3007537,106.02450918396555
3009319,104.37077648274708
3011101,72.39078291084718
3012883,66.95864564734411
3014665,78.08224249134831
3016447,70.86275309005968
3018229,77.1638529859344
3020011,107.59026446429063
3021793,107.33466207873477
3023575,74.89859218771625
3025357,69.7799922086022
3027139,76.75367901173439
3028921,77.860816100147
3002192,0.6199737038423273
3003974,0.6200627007983782
3005756,0.6612043241711912
3007538,0.9681197227753442
3009320,0.9968085620960653
3011102,0.5705006689317464
3012884,0.1664833255664491
3014666,0.5506220949570503
3016448,0.5095636654467354
3018230,0.6279010719358432
3020012,0.9431150767918807
3021794,0.9838209970398001
3023576,0.5261937362949131
3025358,0.4869300435353636
3027140,0.6564504559892961
3028922,0.5523045751879295
3002193,608.5126311793105
3003975,454.06489266156495
3005757,617.1535138253224
3007539,739.4523881094605
3009321,893.1266245713852
3011103,515.4731786012632
3012885,490.8739838663243
3014667,486.5014247386984
3016449,430.2669276811712
3018231,505.45861924085193
3020013,594.2848315605423
3021795,608.3320486539363
3023577,453.7670885053674
3025359,470.6421275558028
3027141,520.4002850082343
3028923,495.79581569201576
3002194,23.743042470874258
3003976,19.33267863242268
3005758,23.907118571001508
3007540,33.61396931597763
3009322,46.720201210800106
3011104,12.970199767349529
3012886,11.62319454757859
3014668,15.10356031784235
3016450,16.34111690735323
3018232,15.024510701493364
3020014,28.3898265378841
3021796,33.78742547029773
3023578,11.180426376309882
3025360,16.496907427358284
3027142,14.502165106237781
3028924,14.010957665614496
3002195,45.70265598149914
3003977,23.301758359138802
3005759,41.188025314690584
3007541,40.65242653559262
3009323,31.876470046496035
3011105,15.606508437801631
3012887,21.165506050733498
3014669,28.10080011988838
3016451,20.644098968474385
3018233,31.877719088411002
3020015,32.83833171767083
3021797,28.591340649598596
3023579,16.723587507662106
3025361,19.406894143260388
3027143,31.317947366870275
3028925,22.295500777577455
3002196,15.507820029245748
3003978,5.174762119066561
3005760,11.22194394411617
3007542,15.470405165064319
3009324,18.77726045792231
3011106,14.994521042669525
3012888,11.114167219733291
3014670,5.041074786669477
3016452,6.894511436666934
3018234,8.857018237596579
3020016,10.744884230176787
3021798,7.070914569082465
3023580,8.735984020316577
3025362,7.413421071631912
3027144,11.344809197494662
3028926,11.28589702009099
3002197,244.9745448690154
3003979,218.2739234421335
3005761,315.84699502635505
3007543,332.0245995558817
3009325,169.93350594700962
3011107,94.3206182094993
3012889,118.6161491173827
3014671,166.06620580100335
3016453,161.74376719181552
3018235,193.14905469279424
3020017,211.91197953726615
3021799,136.7054708373589
3023581,120.19145453446765
3025363,116.68851020621729
3027145,156.8271157178937
3028927,154.25238861697179
3002198,21.047192408561614
3003980,21.068870344791623
3005762,26.44872289215941
3007544,34.17255994624417
3009326,34.05253224987317
3011108,19.47265580759674
3012890,19.063607112049322
3014672,20.922897550946818
3016454,19.631458541799983
3018236,25.16072297107632
3020018,28.15549706092311
3021800,26.663444855374593
3023582,18.677731395317153
3025364,17.790086181599168
3027146,17.944699349004004
3028928,18.235738154100417
3002199,999.4124822789873
3003981,858.886314260758
3005763,1976.9476308287055
3007545,1121.0262865035531
3009327,1226.8971313626168
3011109,809.6064339162098
3012891,780.9859774198403
3014673,853.8830906039316
3016455,760.9664280131311
3018237,1197.3818879004386
3020019,908.479742859639
3021801,952.2279535617567
3023583,795.7337540039302
3025365,816.1910946486354
3027147,878.3261061939747
3028929,823.9571489828205
3002200,747.8397649777154
3003982,541.055878116318
3005764,710.6716803782089
3007546,862.4764492101996
3009328,1007.4935924939891
3011110,616.1603943708627
3012892,558.9932602872494
3014674,597.4222628964424
3016456,520.3735796574914
3018238,611.0945120492897
3020020,722.7731491758381
3021802,738.4132981505613
3023584,567.5192844420584
3025366,579.3935218531274
3027148,629.4756238904528
3028930,607.5035197401731
3002201,21.301128102995758
3003983,19.172432229716776
3005765,28.083232179045684
3007547,36.33666046643585
3009329,35.98079382282611
3011111,18.357176158870562
3012893,16.32024223984737
3014675,21.225503311199635
3016457,19.415457321826427
3018239,22.895830687266578
3020021,31.893877998841152
3021803,33.507708658666395
3023585,18.78724233921301
3025367,17.99729112115695
3027149,20.713552694971458
3028931,20.216573215207788
3002202,28.20992354721116
3003984,22.289793953890733
3005766,28.18712529274134
3007548,40.77478329180301
3009330,46.11826357626089
3011112,23.461503353533413
3012894,22.63289177323962
3014676,24.21804022206602
3016458,22.755219886300484
3018240,26.315659117693325
3020022,37.91982985584104
3021804,42.22991915721987
3023586,22.598654190531864
3025368,22.043801901594055
3027150,26.153511830707988
3028932,23.438341478506175
3002203,1163.5164883811349
3003985,990.0769870834737
3005767,1841.8171776400761
3007549,1461.771692051777
3009331,1636.569321027527
3011113,1092.0839782835076
3012895,1008.2735589107086
3014677,1115.942290244673
3016459,988.5053662021297
3018241,1488.3601067389181
3020023,1288.8715371162125
3021805,1362.1480229084955
3023587,1022.8339431767687
3025369,1048.2528878420196
3027151,1142.5348103722256
3028933,1076.5903606224676
3002204,246.49882976305125
3003986,220.18687780807286
3005768,288.6627584751547
3007550,300.0720077724259
3009332,310.55452145348687
3011114,215.1207229969302
3012896,186.8742327098929
3014678,224.46624548125342
3016460,203.16294688600206
3018242,229.40114160475727
3020024,251.57204659764955
3021806,253.49341970897353
3023588,200.541237319938
3025370,203.96519965647315
3027152,232.51066904994343
3028934,222.3537160491627
3002205,8745.13845707958
3003987,4671.6338110540155
3005769,6874.820158281324
3007551,7420.195986739207
3009333,8208.456651605557
3011115,5284.383745330022
3012897,4492.1647792314825
3014679,6954.789218803817
3016461,4469.167237113265
3018243,5895.260069280735
3020025,6589.275080581215
3021807,6614.834209223853
3023589,4912.451375385687
3025371,5031.506140817509
3027153,7048.807086540728
3028935,4912.420257694373
3002206,492.29761108171283
3003988,374.359573623019
3005770,513.058359477721
3007552,555.1386359805637
3009334,759.133496193923
3011116,448.1985012801074
3012898,379.8563886081362
3014680,466.8087880852748
3016462,410.58960111977575
3018244,481.7131472023778
3020026,623.2500112703347
3021808,655.558060919975
3023590,442.4063712145733
3025372,457.7807700738304
3027154,498.8050284438047
3028936,485.43034125773744
3002207,84.03840295480789
3003989,63.204217010385435
3005771,124.81373108692223
3007553,97.29746218776484
3009335,108.94525623151816
3011117,69.37161326906113
3012899,68.21356410466372
3014681,70.95293121082318
3016463,66.28108721329089
3018245,92.1531524547003
3020027,88.5876320559488
3021809,94.75404286955266
3023591,68.82108060089739
3025373,69.20766567607112
3027155,75.21126358671563
3028937,69.40111156534546
3002208,10.2541853764382
3003990,9.520432010170225
3005772,11.361013580652541
3007554,18.097784891865157
3009336,19.951790519130896
3011118,9.319850229589978
3012900,10.014556426761033
3014682,9.03503290451299
3016464,9.121135012002407
3018246,10.800889068047603
3020028,17.20239462814983
3021810,17.451980992233775
3023592,8.95921901804911
3025374,9.09490334614802
3027156,9.787589110125031
3028938,9.101834825255175
3002209,0.015488640358242831
3003991,0.006932232077387311
3005773,0.006348461794562028
3007555,0.0022046644883228494
3009337,0.0028755412474484095
3011119,0.007746100825444854
3012901,0.0021516744226243887
3014683,0.005858197509134379
3016465,0.0021372359711048492
3018247,0.0031894552643160733
3020029,0.00025616055257970987
3021811,7.631395756931655e-05
3023593,4.381934153762269e-05
3025375,0.0008006549791577857
3027157,0.0030538865433218138
3028939,0.003338370545829527
3002210,19.157568906349347
3003992,17.66690554513953
3005774,22.230950319941517
3007556,30.78968790705494
3009338,35.459316962302466
3011120,17.440664719746472
3012902,17.76985913069462
3014684,18.00899759864734
3016466,14.927841802867173
3018248,17.246997826520055
3020030,26.71227426015638
3021812,29.185871272634916
3023594,17.097883944585963
3025376,16.841092411503592
3027158,18.342574982683093
3028940,18.931331161038013
3002211,4708.54227418797
3003993,4365.447045262926
3005775,5600.123561129974
3007557,6874.057121211808
3009339,7689.598902770235
3011121,4241.206892907837
3012903,3961.077749723226
3014685,4128.2201679721
3016467,3891.163980558466
3018249,4544.603349018785
3020031,5695.686216357391
3021813,5715.3307437595395
3023595,3870.524520071784
3025377,3964.7116183279013
3027159,4244.751370310084
3028941,4341.848493423194
3002212,0.08628165025078742
3003994,0.07418840446553089
3005776,0.06605103313158912
3007558,0.11224263957857121
3009340,0.14834953632877515
3011122,0.023627274088906608
3012904,0.016072081573615653
3014686,0.020407430838870717
3016468,0.017376818065803795
3018250,0.015218502739048697
3020032,0.021109607220404863
3021814,0.024203976117337517
3023596,0.010382558012461377
3025378,0.011429606767816023
3027160,0.06540439886730304
3028942,0.06655747456879217
3002213,823.6555138876244
3003995,734.2575496074736
3005777,930.1254176484099
3007559,1045.5381369560284
3009341,1225.4311497543824
3011123,739.5310998983373
3012905,699.9910386890264
3014687,776.4478164618955
3016469,704.1140912697041
3018251,794.9029636150411
3020033,931.6968682583448
3021815,947.5389131377843
3023597,713.4286831233376
3025379,736.7447638727546
3027161,792.5868345310381
3028943,811.8712894127588
3002214,12.071309556632487
3003996,14.51366110512624
3005778,17.104162844837937
3007560,26.170037533862168
3009342,16.17116121051046
3011124,10.518526450492315
3012906,9.361437861390751
3014688,12.617297882639328
3016470,12.317393508370644
3018252,16.45470620303323
3020034,22.592444255030113
3021816,16.663603936852073
3023598,9.547445284142187
3025380,10.182821354611862
3027162,12.125477776271183
3028944,12.733565498517178
3002215,1796.8652214238234
3003997,1572.0970233536693
3005779,2040.5681445886876
3007561,2554.6273516221695
3009343,2680.3004578671284
3011125,1574.050309379542
3012907,1471.3342613624052
3014689,1672.069986928189
3016471,1554.8741623190244
3018253,1776.7212204147415
3020035,2162.10527453179
3021817,2130.7142468873467
3023599,1532.0903621187888
3025381,1587.6409911971257
3027163,1731.8688781425565
3028945,1830.1284574593794
3002216,1277.2243554070774
3003998,1089.5439160930912
3005780,1439.2772508945302
3007562,1788.5926763483196
3009344,1990.4059490090306
3011126,1181.38953886735
3012908,1082.476125136442
3014690,1158.7607493899502
3016472,1045.6470681607734
3018254,1203.5779981089595
3020036,1477.866937879291
3021818,1500.825387448871
3023600,1077.4314804392818
3025382,1111.0892490429906
3027164,1193.0142743720999
3028946,1222.2021089095797
3002217,664.6083435143311
3003999,570.2977103635743
3005781,951.6377522389752
3007563,950.8552141345393
3009345,1084.3853106321587
3011127,624.1438631392258
3012909,578.9542022497457
3014691,595.0248068139282
3016473,545.3535467764699
3018255,707.8628282089722
3020037,764.2913064087717
3021819,783.3694234157638
3023601,569.5740134266752
3025383,584.3234591423635
3027165,621.4766855306764
3028947,641.7313131147256
3002218,116.8739013020214
3004000,107.69783185347158
3005782,154.63391268741455
3007564,192.32385141140094
3009346,221.73969284362408
3011128,123.07834681527599
3012910,99.68347998745669
3014692,119.3038184833718
3016474,109.16036324330553
3018256,138.0589714057896
3020038,162.69035833812603
3021820,172.63814787177716
3023602,115.85150463994842
3025384,113.17080208560621
3027166,120.81180011120738
3028948,117.52335325499017
3002219,223.5063508271884
3004001,185.7640309608796
3005783,293.20948814115593
3007565,296.0670431231599
3009347,316.4708068123365
3011129,170.77024118786736
3012911,175.8020045452704
3014693,185.00931719590142
3016475,178.86857684879996
3018257,203.35920227573948
3020039,245.13142752202384
3021821,227.23350571728244
3023603,161.02669769038965
3025385,175.38687344306683
3027167,193.6431355665536
3028949,200.13349487001798
3002220,7594.248064055002
3004002,6682.616924684228
3005784,8611.311626606264
3007566,11115.356258442625
3009348,11884.181372434212
3011130,7006.032737463557
3012912,6513.310829664285
3014694,7081.319021965491
3016476,6681.27618533191
3018258,7721.504592224839
3020040,9462.8403803214
3021822,9516.863074713941
3023604,6773.495521540437
3025386,6760.778891961622
3027168,7514.342625879992
3028950,7878.64712865882
3002221,39.11390898969861
3004003,36.690697814320345
3005785,42.59877718312055
3007567,55.62677694648772
3009349,60.73032903551791
3011131,34.656021977176884
3012913,34.976456514964234
3014695,37.609100534066144
3016477,35.158968614222836
3018259,42.55185325604549
3020041,53.94727970893117
3021823,52.44440202795314
3023605,31.24867576695611
3025387,33.200091728238256
3027169,36.71280612475999
3028951,36.53379828938489
3002222,2.44504907772402
3004004,2.593776787657349
3005786,3.0429143175286355
3007568,6.282665044568357
3009350,6.027694982917392
3011132,2.4809280288157356
3012914,2.309589745818679
3014696,2.5142422262642956
3016478,2.395300290710044
3018260,2.6185529472550733
3020042,4.869819952012769
3021824,5.082041588511828
3023606,2.3391072288907915
3025388,2.494431592424071
3027170,2.5115940386175564
3028952,2.6018709485902476
3002223,48.962371222032004
3004005,45.95536664344686
3005787,48.970937826544734
3007569,56.96600623358673
3009351,55.389893832813165
3011133,32.05343466580649
3012915,31.927340364610444
3014697,36.14562010423913
3016479,35.44952232285119
3018261,41.75247637263349
3020043,63.03135861558039
3021825,51.81181762691813
3023607,32.845118549285935
3025389,39.48732003169125
3027171,39.14344506821055
3028953,36.769403616983936
3002224,31.279023401044157
3004006,18.803704233783638
3005788,23.59820746646408
3007570,38.21837902489879
3009352,41.72053730680632
3011134,20.08095253777083
3012916,19.466408102171343
3014698,22.874851021210684
3016480,22.793732565104467
3018262,21.307790505298982
3020044,35.72042067514716
3021826,38.86890435346999
3023608,22.89533323331949
3025390,21.711015829979484
3027172,23.67123097049512
3028954,25.953388159509487
3002225,0.40499293197849623
3004007,0.39350281312310953
3005789,0.3937577523978659
3007571,0.779387144900118
3009353,0.7475927654229771
3011135,0.4010908036962717
3012917,0.1525823636130991
3014699,0.4405823741607715
3016481,0.3940973325562631
3018263,0.3993427988511134
3020045,0.7669035186475256
3021827,0.8210894075461442
3023609,0.40002068673064256
3025391,0.35728758551917705
3027173,0.41763375182323353
3028955,0.4159603437883856
3002226,513.5501592396942
3004008,433.49950278487614
3005790,582.7068157409075
3007572,779.0177127070953
3009354,864.3423289789524
3011136,479.413244979113
3012918,458.0870887703648
3014700,472.0578597247774
3016482,433.8976199131055
3018264,505.0363899240888
3020046,633.7333890670457
3021828,640.7716484065171
3023610,435.53738576375525
3025392,446.3846205734101
3027174,494.1183574195407
3028956,511.8417336230381
3002227,21.215676837788976
3004009,20.822348140545056
3005791,21.522736096658964
3007573,56.963696483597346
3009355,64.57277768427416
3011137,17.17059663141385
3012919,17.94756755910237
3014701,27.21047238574649
3016483,17.3764891848529
3018265,18.190894405658003
3020047,51.61428792851086
3021829,53.21376719211571
3023611,21.614038400507408
3025393,26.604618414597525
3027175,24.363676116123326
3028957,22.15332274593418
3002228,36.32590881509002
3004010,15.843727248269458
3005792,27.684941880832355
3007574,33.15923976103908
3009356,28.722578409968992
3011138,11.68376066117788
3012920,15.03991589937844
3014702,27.248723363854555
3016484,16.346333374000736
3018266,21.02877425872758
3020048,26.51171623921429
3021830,23.723161060282155
3023612,13.173683792011369
3025394,15.093153978527752
3027176,25.938931434256016
3028958,18.16191782875254
3002229,14.443571168389289
3004011,10.360860570896401
3005793,11.11026911103725
3007575,12.840488667383939
3009357,12.918804503690637
3011139,7.036844831540949
3012921,6.366959118537854
3014703,6.628552875935114
3016485,8.90599352894619
3018267,7.362483265555767
3020049,18.77579375880316
3021831,15.95181515476475
3023613,10.344769004332733
3025395,10.373179032148116
3027177,7.834301414151471
3028959,10.92722918549436
3002230,119.8721487676266
3004012,124.30341145277619
3005794,187.7200623894017
3007576,224.1336953789045
3009358,100.95875283771602
3011140,77.49411835182103
3012922,78.40749959952562
3014704,95.45119670039934
3016486,92.40172590024072
3018268,121.89086157731874
3020050,151.57374882126555
3021832,94.25019501391343
3023614,60.361159939067456
3025396,72.09263411146345
3027178,85.72252988686101
3028960,96.06608481109966
3002231,11.867734148155966
3004013,11.79872077611295
3005795,16.314902284287715
3007577,22.188886364694692
3009359,24.16404715528914
3011141,12.53343365132671
3012923,11.567038503323836
3014705,11.062392988950846
3016487,11.011763946169973
3018269,13.514726654634295
3020051,19.674660016400953
3021833,18.906171494223162
3023615,10.794335203789794
3025397,10.334200672070288
3027179,9.711894676152456
3028961,10.147975507891235
3002232,976.1664102787157
3004014,745.5195568369389
3005796,1760.5595254979028
3007578,1023.0194493789768
3009360,1091.3718540449904
3011142,880.2243606842721
3012924,849.4559053391371
3014706,852.2771142010937
3016488,789.9315602959892
3018270,1166.9111543438992
3020052,948.7967787404754
3021834,988.1562000918533
3023616,795.1527824315444
3025398,823.9439898386504
3027180,880.684473904639
3028962,865.3401775465414
3002233,665.5688319962177
3004015,528.7081609535488
3005797,708.4123634566519
3007579,915.7079944468018
3009361,1078.5014497827729
3011143,589.2026041544854
3012925,568.7532160530933
3014707,588.0622119049634
3016489,512.4242221262185
3018271,600.259282068576
3020053,788.6288615465046
3021835,795.9409503297733
3023617,536.7835213111999
3025399,562.252021070986
3027181,611.8931777469684
3028963,645.0067099158144
3002234,20.298005574833315
3004016,17.47381001249593
3005798,21.275828432981168
3007580,34.337764513902215
3009362,35.835955486362636
3011144,15.575431194531783
3012926,17.149214246081314
3014708,19.886834291905217
3016490,17.359347150202954
3018272,20.6624191857689
3020054,31.478041417159698
3021836,32.33187723579227
3023618,16.29747743907502
3025400,17.018267653014266
3027182,18.6561682959627
3028964,19.690803943556578
3002235,38.233592146110475
3004017,30.866936208306754
3005799,35.9028193898824
3007581,52.851973982658784
3009363,54.2737711249004
3011145,29.244752359936427
3012927,29.63046235011083
3014709,28.639331735421695
3016491,26.831970030950686
3018273,31.26927046675945
3020055,43.75556351829183
3021837,47.88376283697688
3023619,26.96546515342948
3025401,27.83919913282952
3027183,28.709661211705036
3028965,28.6627416172382
3002236,657.287703378539
3004018,587.9800591077665
3005800,1036.6654169496137
3007582,903.9658653136968
3009364,1032.3329542782303
3011146,659.3400892715737
3012928,579.3215459188058
3014710,594.1871706633045
3016492,553.8318135233899
3018274,767.3690314735982
3020056,712.7566334471758
3021838,739.90240423669
3023620,550.9734520650032
3025402,575.3608416639753
3027184,615.6475955988088
3028966,618.8110458643251
3002237,127.64063429508052
3004019,107.74221310914207
3005801,143.35357436195875
3007583,170.9168149521071
3009365,164.2990984502508
3011147,92.58400889218797
3012929,90.97466195535412
3014711,110.27124580042421
3016493,103.51978710875476
3018275,115.01908220691212
3020057,140.97973486432002
3021839,140.28137246062292
3023621,99.95379925455279
3025403,102.30112260351473
3027185,111.78430010975507
3028967,111.75380264574476
3002238,3496.9446078876704
3004020,1993.1443798386654
3005802,2784.5655186012846
3007584,3530.7047219672054
3009366,3801.4253864724274
3011148,2250.6050458366144
3012930,1956.4616584636926
3014712,2957.8949288537856
3016494,1939.744926383345
3018276,2382.903015601693
3020058,2963.2356607130855
3021840,2961.1345284167287
3023622,2031.7648273091745
3025404,2067.3417900602567
3027186,3053.396153121607
3028968,2166.308188003049
3002239,276.2443201277929
3004021,210.3518205031451
3005803,282.1781123417252
3007585,450.04701159594487
3009367,435.04358485293045
3011149,216.12249150324533
3012931,255.39705302566313
3014713,228.48145387882343
3016495,209.44424594789322
3018277,219.63056769121616
3020059,301.5132777468282
3021841,315.0053461644164
3023623,223.6722546235617
3025405,226.02272453323312
3027187,236.8100571573705
3028969,242.52990474943792
3002240,40.75710182101924
3004022,35.87340305382892
3005804,59.412429974239416
3007586,60.39905004436175
3009368,66.38456416313535
3011150,35.505816474488675
3012932,37.20049758120238
3014714,35.45370262473423
3016496,31.96813465933859
3018278,49.31396694566729
3020060,53.357816334851805
3021842,55.156489667271806
3023624,33.779279427432336
3025406,35.31841939085264
3027188,39.44812935965525
3028970,38.919013269853735
3002241,12.275198862886702
3004023,12.947334204303028
3005805,16.010964471043717
3007587,23.850547541913073
3009369,25.616304349403617
3011151,12.00158146620673
3012933,6.344495983945566
3014715,13.121514775434159
3016497,12.340443170658054
3018279,15.327780724737918
3020061,21.81410589235327
3021843,22.61216632032559
3023625,12.025976286173133
3025407,10.58989715585224
3027189,13.937945462472527
3028971,13.920398237436011
3002242,0.01667272864478193
3004024,0.007579006198222676
3005806,0.008424442214520055
3007588,0.002158942632565095
3009370,0.002795033526510681
3011152,0.014498233918737424
3012934,0.008445629476900963
3014716,0.01164175383465734
3016498,0.0028000158420045944
3018280,0.00411672084434446
3020062,0.0
3021844,0.0
3023626,0.0024474158655747873
3025408,0.0045265591538575815
3027190,0.006784706057144333
3028972,0.003116858860920927
3002243,22.54526279907243
3004025,19.687192469489656
3005807,22.45708538326565
3007589,30.925242391976454
3009371,33.74135169530113
3011153,19.536802345089274
3012935,19.91915065316253
3014717,20.291323213407622
3016499,16.5712118033109
3018281,19.390711790125646
3020063,29.661139105610484
3021845,29.305673330453732
3023627,19.005640310843784
3025409,19.46886916100127
3027191,20.78421654876005
3028973,21.566575309044044
3002244,7408.912093822694
3004026,6369.716960799374
3005808,8524.433159622211
3007590,9473.985898610927
3009372,10713.82511420086
3011154,6593.71017239707
3012936,6248.150800107961
3014718,6688.74190382798
3016500,6145.042206258621
3018282,7283.687028130319
3020064,8437.943424441219
3021846,8602.641186086874
3023628,6167.536915576319
3025410,6258.936308426738
3027192,6806.533726963619
3028974,6763.906504891797
3002245,0.029841271955077745
3004027,0.021756707390729362
3005809,0.022661019805925785
3007591,0.022718763757741515
3009373,0.035571986217184375
3011155,0.018004391049230253
3012937,0.010666839532997352
3014719,0.01371502744692984
3016501,0.005528900696112894
3018283,0.007946010394133469
3020065,0.0
3021847,0.0003808294545886276
3023629,0.004769579746164417
3025411,0.006200993941523368
3027193,0.0084796234660078
3028975,0.0056984900089351136
3002246,1165.9430200048464
3004028,972.2865350743359
3005810,1206.201210094973
3007592,1334.3326647174854
3009374,1490.9383132840173
3011156,965.6847994194768
3012938,933.8246841813616
3014720,1053.7004849115758
3016502,932.1782507797062
3018284,1078.0676622359724
3020066,1205.7521465936568
3021848,1245.994912597578
3023630,967.6888271176898
3025412,987.1819996187177
3027194,1062.2780798034591
3028976,1060.2472898405879
3002247,21.00832498140225
3004029,21.222563000340656
3005811,26.747198871512342
3007593,26.184655290706285
3009375,20.637185216851822
3011157,15.15922231899478
3012939,17.398748226877412
3014721,18.01531487441781
3016503,18.203046273158865
3018285,22.690119662864927
3020067,24.310600614066146
3021849,18.782254360608846
3023631,14.105941832566087
3025413,16.276304350550834
3027195,16.841736956889477
3028977,17.802138917781566
3002248,2129.413257940017
3004030,1632.649192314478
3005812,2086.2159729003397
3007594,2478.8538301278736
3009376,2589.9490233715424
3011158,1762.715807750932
3012940,1677.773251633783
3014722,1847.3417804057856
3016504,1672.4932857710592
3018286,1907.8642831139005
3020068,2244.3987772996625
3021850,2238.093808177693
3023632,1729.446309483101
3025414,1788.26397475123
3027196,1952.717442417523
3028978,1974.809821156917
3002249,2032.9691673110617
3004031,1582.8732146189195
3005813,2022.4789082015052
3007595,2393.107469805432
3009377,2618.4559299556063
3011159,1737.7787660908707
3012941,1646.453852701504
3014723,1708.4954839551035
3016505,1456.0192646090518
3018287,1741.1401913197788
3020069,1994.413996995095
3021851,2043.8330505286485
3023633,1576.4055310808014
3025415,1614.9983050946123
3027197,1750.3215777380901
3028979,1684.5224440066925
3002250,588.32155388284
3004032,499.7353103075768
3005814,804.7460205508233
3007596,726.29735429021
3009378,818.2387406495714
3011160,526.4306373084228
3012942,499.1487713364624
3014724,511.1294806558057
3016506,460.46362530131825
3018288,608.1310119731096
3020070,606.2102885281224
3021852,630.6509726004392
3023634,490.80913811645706
3025416,496.08815555486655
3027198,530.0464740364558
3028980,540.3541722269812
3002251,330.88945466074205
3004033,258.2457975202538
3005815,390.318321447655
3007597,415.7218569188464
3009379,488.1365107263503
3011161,328.06478572653253
3012943,283.4832476921358
3014725,289.310680112699
3016507,246.61458620067143
3018289,319.9214380002406
3020071,335.16397851310967
3021853,360.52658023427017
3023635,277.54844254151806
3025417,277.09603684756047
3027199,296.24443416952
3028981,274.0627888895615
3002252,237.57001799700444
3004034,199.3853488736493
3005816,267.4661478823303
3007598,298.47355138337304
3009380,274.77276204642664
3011162,171.0176823177513
3012944,176.28156658700266
3014726,206.81459575992676
3016508,190.72283053097416
3018290,226.24892638012838
3020072,253.4164314262862
3021854,236.0691418255343
3023636,177.8690275152311
3025418,192.9135692041623
3027200,213.39783939618437
3028982,213.79551928684074
3002253,10161.264238148631
3004035,8096.478741727148
3005817,9945.46781441671
3007599,12006.62345325842
3009381,12690.112947565436
3011163,8861.487518411564
3012945,8484.716996839088
3014727,8516.395486165202
3016509,7738.890630246038
3018291,8922.986273833085
3020073,10404.239389146258
3021855,10622.83311113045
3023637,8021.714413909552
3025419,8244.331051436062
3027201,8751.28015791234
3028983,8855.389468997813
3002254,46.40454469237576
3004036,42.654386910573784
3005818,54.717977523970056
3007600,51.59606430790492
3009382,50.45057701976038
3011164,33.837691871106614
3012946,33.044314922859186
3014728,42.949170188150305
3016510,39.875242617006464
3018292,48.13251373510908
3020074,52.748704793620334
3021856,54.626989529560774
3023638,37.151363556310066
3025420,38.183054827126504
3027202,43.950838473630576
3028984,45.072993414868456
3002255,1.419461104468563
3004037,1.3551462854203276
3005819,1.1811609857102643
3007601,1.3296351313945578
3009383,1.5670678818030455
3011165,0.32468975283724305
3012947,0.28558151914991053
3014729,1.2026989765158418
3016511,1.1547375226637242
3018293,1.2363487282106422
3020075,1.5499473387339116
3021857,1.8870304962235895
3023639,1.0494879669426411
3025421,1.0753775579456957
3027203,1.2605272829081888
3028985,1.3929810234825943
3002256,79.21615619343147
3004038,65.46724787349878
3005820,70.31258063579331
3007602,96.14727807760028
3009384,88.80131341560279
3011166,60.740733179229636
3012948,66.71622878826895
3014730,65.57582862775489
3016512,62.638156631159404
3018294,73.60013026451853
3020076,89.63366388630023
3021858,80.25318680137605
3023640,56.66026911170519
3025422,64.54638304914344
3027204,63.332642749208794
3028986,66.08732251191884
3002257,77.40417439675582
3004039,57.63510729947044
3005821,66.38132575111622
3007603,83.60690667180346
3009385,80.53807779750076
3011167,58.50028318293591
3012949,52.623189754477
3014731,59.44191688953199
3016513,55.52148366571905
3018295,61.58037450794776
3020077,73.42193574479803
3021859,77.36535739098981
3023641,52.00414012784492
3025423,54.61622037977268
3027205,61.70777833613467
3028987,61.7374533306623
3002258,0.6014945641876106
3004040,0.6244269750045126
3005822,0.6569137243745934
3007604,0.9672877015833703
3009386,0.9530122347337757
3011168,0.5980051185991314
3012950,0.19940564656558937
3014732,0.7616848036659528
3016514,0.686494098431973
3018296,0.7168754083423541
3020078,1.1186252144700088
3021860,1.2121058322026526
3023642,0.7309359271386991
3025424,0.8768127403625497
3027206,0.8629944311575851
3028988,0.9280888133164048
3002259,570.4666523988266
3004041,446.9299335755006
3005823,570.2429489624225
3007605,684.9862031217132
3009387,782.3455175047303
3011169,497.6643414214447
3012951,470.6909908383445
3014733,460.1665909360784
3016515,411.733691930607
3018297,478.3702788178457
3020079,561.5414725500166
3021861,574.5241504401796
3023643,434.09002901749676
3025425,456.523114123129
3027207,500.99108115270883
3028989,492.1497026299051
3002260,25.73130071572075
3004042,21.923088138628614
3005824,21.04882938556982
3007606,38.65613069187261
3009388,40.956216569941105
3011170,12.21260916105418
3012952,12.595218359752254
3014734,17.822218711277433
3016516,19.30828422760827
3018298,15.870040239819062
3020080,34.5385480269339
3021862,40.183202529477576
3023644,12.218462598269193
3025426,16.21549471282172
3027208,14.549943607315143
3028990,19.02092222592597
3002261,46.27624021038543
3004043,26.220693177074125
3005825,39.556847425654986
3007607,39.01518382591316
3009389,33.930744612658884
3011171,21.55803674155737
3012953,23.95703496813437
3014735,39.05029526341218
3016517,25.58633363458883
3018299,31.636571398885803
3020081,33.45628233756211
3021863,31.988524469105744
3023645,20.79970680823126
3025427,24.56463803100095
3027209,31.101599014885505
3028991,25.666153459125855
3002262,27.17596956456705
3004044,22.172031689606417
3005826,25.75058783390809
3007608,28.826134021859144
3009390,24.834047455334666
3011172,23.68799083887337
3012954,22.99802718784737
3014736,14.872044159749839
3016518,14.142891901266694
3018300,14.602577251436193
3020082,15.872896086526106
3021864,19.53978162136062
3023646,12.43861552202955
3025428,10.293665967188192
3027210,11.217114542214773
3028992,7.19664432428921
3002263,226.53010668025243
3004045,218.9220816537875
3005827,305.6515545418355
3007609,322.7050066337026
3009391,172.40963612090374
3011173,127.91542774137001
3012955,138.36103195069765
3014737,176.42245571669434
3016519,163.87360629111572
3018301,204.70351985285757
3020083,227.56763968126347
3021865,153.51604108612113
3023647,112.00898969626762
3025429,153.83420091986804
3027211,161.62059980108393
3028993,156.80368770614385
3002264,16.546911316473853
3004046,15.323422162623137
3005828,20.694768114155476
3007610,25.67799476240342
3009392,24.939972940395517
3011174,14.246602821492344
3012956,14.090266869034338
3014738,14.443486107337094
3016520,13.851271685947147
3018302,18.555631628105747
3020084,21.7045311374076
3021866,20.833171479354633
3023648,13.687673299870392
3025430,13.3600482754224
3027212,13.638889801873793
3028994,14.179868935831742
3002265,827.8939551948871
3004047,738.477516858152
3005829,1475.480031956721
3007611,915.0136320243097
3009393,919.9343947957701
3011175,753.377368001073
3012957,699.3473375514
3014739,768.3576904706389
3016521,686.500143376856
3018303,1043.8250617667036
3020085,798.9333954660952
3021867,839.9648157683706
3023649,712.8323182079365
3025431,734.5308488985096
3027213,787.7472289715623
3028995,757.7748437406059
3002266,700.9858002075965
3004048,527.0033247321868
3005830,697.5179176248676
3007612,849.434494712859
3009394,964.5991339187455
3011176,592.669452194424
3012958,577.1485691132325
3014740,578.6273661406794
3016522,502.09167131970247
3018304,594.3516457860889
3020086,708.3501767488283
3021868,729.8356552533672
3023650,554.0877376662637
3025432,571.2421899270788
3027214,630.1651608210068
3028996,643.8454811811512
3002267,21.357287667548203
3004049,17.847147496418746
3005831,20.290050049575985
3007613,33.38176370974318
3009395,32.96412913870719
3011177,16.38959043028548
3012959,17.078702295913022
3014741,19.22263198981131
3016523,17.40626682650306
3018305,20.565018960465057
3020087,29.291528801863297
3021869,29.67068434460339
3023651,16.552879375045038
3025433,16.63766186273213
3027215,19.957934320134573
3028997,19.549589214460244
3002268,28.145375276845467
3004050,21.07750181769699
3005832,23.474071684211804
3007614,34.33368808176751
3009396,37.45835315502507
3011178,17.38523062432284
3012960,20.296150669989487
3014742,22.251630195246786
3016524,19.709211557148226
3018306,22.189201265865318
3020088,31.799598067586697
3021870,33.97511565855965
3023652,18.885077189213003
3025434,19.64040591023758
3027216,22.31381195729786
3028998,21.486237768115497
3002269,986.0981847871559
3004051,833.7764555851114
3005833,1579.725411816252
3007615,1209.1796184997654
3009397,1322.1952121793677
3011179,952.6054707539375
3012961,875.1390607100451
3014743,932.5926245495679
3016525,835.1888140513142
3018307,1197.2049740147343
3020089,1054.3446286965907
3021871,1113.610574569977
3023653,856.2875345573249
3025435,887.0593779611505
3027217,956.9859633093107
3028999,930.1598952248373
3002270,249.7035454810285
3004052,196.72251366045666
3005834,243.26692667808152
3007616,278.59453898592744
3009398,285.9615500691472
3011180,219.4628368340129
3012962,220.0863519771821
3014744,203.1181597438015
3016526,187.5771365444973
3018308,204.62116150113403
3020090,234.6768453060873
3021872,239.7050450801081
3023654,190.4406949596695
3025436,195.59447554920257
3027218,210.88417760772282
3029000,206.91209133378962
3002271,7985.6674698573
3004053,4025.291625059071
3005835,5792.441275337048
3007617,6559.4369086521665
3009399,7026.629996301291
3011181,4865.5164599674545
3012963,4492.9108947829955
3014745,5915.205620514069
3016527,3885.250639459402
3018309,4967.09062745631
3020091,5576.376978904144
3021873,5595.014895775524
3023655,4310.499493686043
3025437,4388.601358173534
3027219,6081.316711404824
3029001,4311.982664874884
3002272,351.26359801356557
3004054,276.67679154531567
3005836,404.0155504021677
3007618,469.72123960270943
3009400,495.5006491455969
3011182,249.9345889735321
3012964,271.7369717584724
3014746,340.0388615563602
3016528,300.1098423773654
3018310,331.8512575402092
3020092,437.36948071239084
3021874,463.48389587266337
3023656,326.8330528550978
3025438,342.90213148086406
3027220,361.33639255012594
3029002,364.3096942368252
3002273,67.6366208112501
3004055,52.90840649692334
3005837,92.08734854153532
3007619,80.8712170945127
3009401,86.55962636633448
3011183,58.643957851150255
3012965,56.48085585509739
3014747,59.6551545622429
3016529,56.38325805661584
3018311,81.5945885974332
3020093,75.44543415342231
3021875,80.77040987738052
3023657,58.021740664114475
3025439,58.04365525133617
3027221,62.150914442745155
3029003,59.7852683736099
3002274,8.417072843357067
3004056,9.02718469382119
3005838,10.745040125470354
3007620,19.180678682812868
3009402,20.627298848622868
3011184,7.660869683781968
3012966,6.061868454934522
3014748,9.281410325964972
3016530,8.97279951161869
3018312,11.690246308023182
3020094,19.58063943028151
3021876,20.434435287020907
3023658,8.595820932000334
3025440,7.723849396976313
3027222,9.64718722474649
3029004,10.108511389017838
3002275,0.0060554066600764095
3004057,0.0019697504192762757
3005839,0.0031112809389456718
3007621,0.00279839674468553
3009403,0.0028094618735844453
3011185,0.0013390949658524827
3012967,0.00011440118832789578
3014749,0.001244229662524537
3016531,0.00011276677239580787
3018313,0.0008085270468538679
3020095,0.0019652385386187154
3021877,0.002995972044123852
3023659,0.0
3025441,0.0
3027223,0.0010578801157688574
3029005,0.0037147726608015457
3002276,18.20203665782069
3004058,17.31871595841862
3005840,19.82844159635486
3007622,29.273477859013386
3009404,35.924154366045634
3011186,17.571256046520343
3012968,16.358769972914917
3014750,18.581748992004922
3016532,15.585451925583909
3018314,18.991779752548183
3020096,31.506409540004416
3021878,33.752998306096195
3023660,15.818083557335662
3025442,15.964511627805914
3027224,18.666339549727727
3029006,19.47950066914187
3002277,3448.0037940645257
3004059,3238.3607351253363
3005841,4089.2717741986303
3007623,5698.608761557608
3009405,6193.6591274614975
3011187,3156.6635070710836
3012969,2754.5805102570207
3014751,3364.803891072161
3016533,3268.2698618633935
3018315,3821.140389858873
3020097,4951.819196659996
3021879,5060.52593852802
3023661,3121.500630786589
3025443,3242.7456462596692
3027225,3463.8599857231306
3029007,3623.9787500334983
3002278,0.007047242707364033
3004060,0.002720887673780923
3005842,0.0028081502225224026
3007624,0.0038764635218210414
3009406,0.004902744011347388
3011188,0.002650485651492382
3012970,0.0
3014752,0.00023870888046141443
3016534,0.0008307273305735644
3018316,0.0033757192011859213
3020098,0.0035912419916448017
3021880,0.0054259562501989544
3023662,0.0
3025444,0.0
3027226,0.00012614369042421655
3029008,0.004235646868682098
3002279,711.3819988225533
3004061,661.1398941972485
3005843,822.5702094269315
3007625,1039.602185044461
3009407,1197.5756583917466
3011189,701.6872210677951
3012971,614.1616438237851
3014753,687.532389118031
3016535,644.3873294499039
3018317,715.4114788533543
3020099,873.2927214291982
3021881,918.6157280626509
3023663,653.2154751055365
3025445,669.6498897879379
3027227,709.1164085780933
3029009,751.2347127559923
3002280,14.139689001186817
3004062,16.16484016042107
3005844,20.24643020935625
3007626,28.39495381403512
3009408,22.535142794775737
3011190,13.757154619345902
3012972,10.208693494889667
3014754,14.015745615954303
3016536,15.368595030505324
3018318,19.734450792277382
3020100,27.207590500598585
3021882,20.452649001229933
3023664,12.34284128533767
3025446,12.491635347282854
3027228,13.672807178361401
3029010,14.255093128726642
3002281,1503.9699764164409
3004063,1337.1155756352362
3005845,1675.342664288936
3007627,2226.059280560727
3009409,2484.964348659316
3011191,1351.2408560569386
3012973,1280.9327049492813
3014755,1443.5096610331393
3016537,1377.2320690315382
3018319,1541.133203017891
3020101,1994.1571839737
3021883,2019.2426542400087
3023665,1358.7991045237338
3025447,1409.8597112103087
3027229,1504.3148127926981
3029011,1655.84314083628
3002282,958.2569595847599
3004064,871.3967992433489
3005846,1192.197521676928
3007628,1586.1414052720475
3009410,1801.5054994236864
3011192,906.0237378336675
3012974,829.7380185597048
3014756,944.6005014649091
3016538,885.351680766725
3018320,1044.1756691605478
3020102,1334.2821341032638
3021884,1369.643979770476
3023666,889.6026241211433
3025448,925.0164049611899
3027230,986.3277531816292
3029012,1037.5419089325194
3002283,502.73287688833017
3004065,479.2087097602733
3005847,713.10318305933
3007629,741.712927864313
3009411,904.1312106319239
3011193,468.23595084577204
3012975,418.6636584482805
3014757,474.77461161315046
3016539,449.8143005760199
3018321,568.7817501050137
3020103,621.0138897451899
3021885,652.0949008584643
3023667,458.3293043546501
3025449,468.68280452677556
3027231,497.8902675819868
3029013,529.155217538585
3002284,83.94605242864361
3004066,77.36161268858702
3005848,110.98318208100928
3007630,145.156238388026
3009412,182.25052959509435
3011194,89.6829872812068
3012976,74.225809396579
3014758,84.12494290699256
3016540,79.56435362649871
3018322,100.87481285969538
3020104,125.50721861024749
3021886,136.42629310265443
3023668,84.41374177523603
3025450,83.93470226000568
3027232,87.35743250584466
3029014,87.78577365556127
3002285,154.596914431104
3004067,147.0429273283746
3005849,206.09016342560392
3007631,263.79615422106895
3009413,268.38639970017533
3011195,124.3507419295783
3012977,107.11749624033706
3014759,148.57949251450438
3016541,143.34051598496072
3018323,169.61876501822942
3020105,219.50523362311665
3021887,206.63626698249652
3023669,131.3919695286318
3025451,144.09740628228963
3027233,156.32405888061874
3029015,165.97832568619535
3002286,6092.5001204098835
3004068,5571.624815839251
3005850,7437.872113873028
3007632,9469.199692793192
3009414,10608.62873924469
3011196,5798.844962126294
3012978,5137.6237412857035
3014760,5839.756337177579
3016542,5780.031699593703
3018324,6644.787150494962
3020106,8455.825137543485
3021888,8721.410098754683
3023670,5726.829050710644
3025452,5865.714081228633
3027234,6324.138300624035
3029016,6740.316785354643
3002287,28.400932603178365
3004069,37.975458490086076
3005851,42.60069346262388
3007633,59.308595750319476
3009415,62.81871608779761
3011197,28.875638138675196
3012979,22.01643216838143
3014761,38.22828613674799
3016543,36.25225456667308
3018325,44.330463577651244
3020107,59.59974508589395
3021889,59.81086784105261
3023671,32.53878608123162
3025453,31.911487897627836
3027235,37.7706481774484
3029017,38.000326261472175
3002288,0.28610723040698666
3004070,0.2830657805621551
3005852,0.335752453570954
3007634,0.5303994971913343
3009416,0.6865833915422604
3011198,0.1333810804883605
3012980,0.10786032350254071
3014762,0.21149605909007144
3016544,0.21926784851794076
3018326,0.2510209236510196
3020108,0.400989326286485
3021890,0.48505101294162395
3023672,0.1448267279015405
3025454,0.15192425468579154
3027236,0.21862272992328566
3029018,0.2695157107900427
3002289,34.177836116109354
3004071,31.189294100513294
3005853,29.52649183437742
3007635,37.52363830395737
3009417,43.168022955770816
3011199,19.88539804256888
3012981,21.749486280549704
3014763,21.737423169419163
3016545,21.041770753212536
3018327,28.45953094270335
3020109,37.57568864198925
3021891,41.52158758981216
3023673,21.896773628894483
3025455,22.043482792441164
3027237,23.651831556157884
3029019,25.474102209104647
3002290,32.1714137939718
3004072,19.3411378826532
3005854,27.858226495521407
3007636,39.92235249515734
3009418,37.879484900010375
3011200,22.11357062059821
3012982,16.958511606676655
3014764,26.336118015043457
3016546,25.856283577887115
3018328,27.147659869214873
3020110,42.1220975643494
3021892,47.16007556495243
3023674,22.60347626739944
3025456,24.795918201707863
3027238,30.161408565577144
3029020,31.686454182502747
3002291,0.08480960729564473
3004073,0.06167880923610484
3005855,0.05970998724146795
3007637,0.13832143550174483
3009419,0.1711561187058301
3011201,0.06587454724407808
3012983,0.00897786823433864
3014765,0.011680212716103226
3016547,0.008498733565438185
3018329,0.0092743237990818
3020111,0.030674515006169578
3021893,0.03639031259665144
3023675,0.008636275110541117
3025457,0.005046669633460563
3027239,0.059773065282510605
3029021,0.06612945822887327
3002292,423.3076248948491
3004074,372.95237481345913
3005856,485.9962244976725
3007638,652.7435034660159
3009420,734.9631166631598
3011202,372.6688585284362
3012984,355.1364144653243
3014766,386.98826680041356
3016548,370.3726813259798
3018330,425.13200132542244
3020112,532.8517488227243
3021894,557.5079561270292
3023676,366.48628048893255
3025458,378.20576283388374
3027240,410.9424355678957
3029022,433.1929476138276
3002293,22.772477755689646
3004075,11.14048711126886
3005857,18.718821086791092
3007639,43.56392447573764
3009421,44.94017067878517
3011203,17.16998927949685
3012985,13.015069301645935
3014767,8.923374581795667
3016549,16.26282924186012
3018331,18.39117305760041
3020113,34.07861887656813
3021895,34.191291402464174
3023677,13.995778067550221
3025459,15.2396708227718
3027241,17.122620194238
3029023,18.160692316018725
3002294,20.281178800792986
3004076,7.353822863331998
3005858,10.072526689871578
3007640,14.873920712884077
3009422,13.365254350976954
3011204,3.914908461470791
3012986,4.1202455767002
3014768,11.237643831895276
3016550,7.079663089649334
3018332,10.862181513828984
3020114,15.042864070486656
3021896,13.020212398981215
3023678,5.155173003727558
3025460,5.576248828452065
3027242,14.016658131721341
3029024,8.070160449885009
3002295,10.605465592543508
3004077,5.916409924226009
3005859,4.516898241993583
3007641,9.961574625415915
3009423,5.879945560348001
3011205,2.2175401162694843
3012987,4.78032880793072
3014769,6.818433413510749
3016551,3.84090467934514
3018333,6.957989992547337
3020115,7.307917021771799
3021897,16.913520441658125
3023679,8.867080396081535
3025461,3.4554351234890563
3027243,6.823162981306598
3029025,3.6056205845483937
3002296,104.37678369094793
3004078,99.89729259671621
3005860,171.66467996633818
3007642,201.0128476837283
3009424,75.46095023204931
3011206,45.0679430489481
3012988,61.348426087092456
3014770,82.37442309222614
3016552,82.7583131873286
3018334,127.06899590280034
3020116,132.40686465162082
3021898,104.35016590196032
3023680,57.808603030399446
3025462,59.1287748351381
3027244,84.99794782467784
3029026,70.97681403604652
3002297,5.886266934318862
3004079,5.1369215290517465
3005861,6.77110722340919
3007643,12.5696620841467
3009425,11.590043384844963
3011207,5.068896951147884
3012989,5.043604080211913
3014771,4.812400340128574
3016553,4.936683199066086
3018335,6.443138398276663
3020117,11.197173801224396
3021899,10.581160541692897
3023681,5.040350562155469
3025463,4.949414802010643
3027245,4.758440056490204
3029027,4.8645861467165625
3002298,670.801947511536
3004080,629.1276635654357
3005862,1469.942360396307
3007644,858.824590278438
3009426,981.1530180707259
3011208,604.2925216517583
3012990,576.3627213244644
3014772,697.2487480838664
3016554,661.1337427421564
3018336,989.174941003902
3020118,835.0915341113523
3021900,884.8273739250366
3023682,659.8827532506251
3025464,687.1414974050425
3027246,724.0909998663197
3029028,739.3882235773364
3002299,557.5025500440429
3004081,509.115308741713
3005863,670.3973779904271
3007645,941.7561966506114
3009427,1094.5278894224928
3011209,543.1180603279153
3012991,478.3534098706679
3014773,547.8494959599964
3016555,510.0268307912509
3018337,594.9823961500027
3020119,801.1081028493928
3021901,822.104477672388
3023683,532.0042104151039
3025465,552.1049182903547
3027247,582.2460899684366
3029029,628.0907550953322
3002300,15.203074628039003
3004082,14.321682675043157
3005864,16.96502968190725
3007646,29.468578180829223
3009428,32.551204017860115
3011210,14.10447564080838
3012992,12.971024673746323
3014774,14.922178630819305
3016556,14.453050926185293
3018338,17.10285292304992
3020120,28.964422053515495
3021902,30.292295261209805
3023684,13.941005977117214
3025466,13.863240816319909
3027248,14.616502007707942
3029030,15.73730634967454
3002301,21.374063086231786
3004083,17.259189104640953
3005865,23.09261131799606
3007647,38.35604470448876
3009429,37.6343865355183
3011211,16.23863083113105
3012993,14.398130198357038
3014775,17.82490927833225
3016557,16.712691370254912
3018339,21.32510425119778
3020121,36.037906476993705
3021903,37.010840557393486
3023685,17.628665837530637
3025467,17.849288796232106
3027249,18.464466650049022
3029031,18.42645775395398
3002302,648.8130911151251
3004084,637.5503803556953
3005866,1077.7815718659606
3007648,960.4407377732283
3009430,1122.94136675094
3011212,661.485635312314
3012994,581.2803103307724
3014776,662.2057445737886
3016558,637.999330716198
3018340,877.8269758790129
3020122,870.6116540592608
3021904,922.691653125898
3023686,629.0939427608395
3025468,653.5226706121986
3027250,682.3504128603212
3029032,716.0733135450782
3002303,82.39345750100313
3004085,79.78942778565501
3005867,100.12971396751762
3007649,131.49343334508617
3009431,126.8562707077535
3011213,73.86150584913145
3012995,70.92053118764682
3014777,77.57526563422802
3016559,75.24852517250874
3018341,84.82064502764972
3020123,109.92788980840118
3021905,112.36706838127706
3023687,73.87588497057764
3025469,75.66614538551137
3027251,80.89275644591743
3029033,82.10474939441248
3002304,2243.0588184844946
3004086,1375.3869160124516
3005868,1864.8077284076483
3007650,2452.4134323016287
3009432,2870.3144173486776
3011214,1366.0564193891098
3012996,1180.0095863267597
3014778,1960.6588550307006
3016560,1356.0574811423844
3018342,1624.5541126980952
3020124,2027.972815073336
3021906,2061.002594411911
3023688,1379.383056412057
3025470,1400.212514462887
3027252,2036.1997190255313
3029034,1494.6156103521578
3002305,333.16509622385104
3004087,337.7784797504162
3005869,314.09961047366863
3007651,460.55173504398846
3009433,487.60125369369706
3011215,245.9601663491156
3012997,202.3314518242795
3014779,332.7547573488088
3016561,316.12306810730075
3018343,359.7623391218661
3020125,526.3066284962368
3021907,558.4870547225888
3023689,326.294139494135
3025471,332.6604651726444
3027253,381.5302711330012
3029035,406.8397570994543
3002306,19.51999798272666
3004088,17.384802800763236
3005870,32.7652032093826
3007652,32.3250572308812
3009434,36.92038189093122
3011216,16.438276157000278
3012998,16.609505672995496
3014780,18.459188141962574
3016562,17.52012326749562
3018344,29.19704133838873
3020126,30.427297029833085
3021908,32.76645812951175
3023690,18.184823579494385
3025472,18.579825588058313
3027254,20.536324581417194
3029036,20.57964675987459
3002307,10.355843708992815
3004089,8.45208403804826
3005871,9.94577743851949
3007653,12.294508260571225
3009435,13.421422652220196
3011217,7.333939590676152
3012999,8.523811434940605
3014781,9.001381867306177
3016563,10.87245843262454
3018345,9.62101942675768
3020127,11.891259594521573
3021909,12.697031248015655
3023691,8.052656330239772
3025473,8.566757745679803
3027255,9.075904828211081
3029037,9.309981553525583
3002308,0.015275902887674594
3004090,0.005120973544184314
3005872,0.003884369669241912
3007654,0.0016528530166440908
3009436,0.0014328402255847949
3011218,0.014069864264410712
3013000,0.007334326989425333
3014782,0.00947755118251743
3016564,0.00024507055280033736
3018346,0.0003162167998247997
3020128,0.0
3021910,0.0
3023692,0.006449742549050547
3025474,0.0037609191570029048
3027256,0.005805028842181013
3029038,0.0027526088383516348
3002309,13.661915677194996
3004091,9.512001072429749
3005873,11.822641352869368
3007655,16.311478665425046
3009437,20.530011952700928
3011219,13.546695938396809
3013001,14.960319322254838
3014783,12.420617144157236
3016565,10.24748417987754
3018347,11.705512954309057
3020129,15.281679038494389
3021911,16.68507660289696
3023693,11.987771862679478
3025475,12.056535212449065
3027257,11.660032913417226
3029039,11.679634526082069
3002310,6194.610183159687
3004092,5451.163208043166
3005874,7037.192418080027
3007656,7599.634003796321
3009438,7939.412793972584
3011220,5671.876851202632
3013002,5154.058811287341
3014784,5604.759032382716
3016566,4927.390693781934
3018348,5963.208923326144
3020130,6431.805907463392
3021912,6549.554981338882
3023694,5291.98310496722
3025476,5237.476296274685
3027258,5707.465795127963
3029040,5308.7521979966905
3002311,0.01764547162438639
3004093,0.008006156505100228
3005875,0.0066326282801361615
3007657,0.0029885660042344633
3009439,0.0028358090241049926
3011221,0.018881519341108387
3013003,0.009065801920274723
3014785,0.011212337412631791
3016567,0.003284643109878832
3018349,0.0030683286029457874
3020131,0.0
3021913,0.0006745516643677547
3023695,0.010256644814422433
3025477,0.0044067340048902295
3027259,0.006734327924503426
3029041,0.004940022263688806
3002312,1275.2425502482472
3004094,1019.6315890792717
3005876,1287.106063660926
3007658,1268.7570946231788
3009440,1355.0477045887512
3011222,1084.5390345253165
3013004,983.7837977330778
3014786,1178.6564081176114
3016568,1004.3848233149292
3018350,1189.3595190959031
3020132,1249.1413127179878
3021914,1291.319063875166
3023696,1087.6668890224107
3025478,1065.9653725427015
3027260,1188.1521863048554
3029042,1110.0898486096248
3002313,24.80474180272263
3004095,26.259880161613932
3005877,33.16361594241596
3007659,30.90255850330215
3009441,20.435957100007005
3011223,19.736926022003193
3013005,21.08983165321145
3014787,25.222805301952125
3016569,25.643563822866835
3018351,34.42095506681336
3020133,36.51750602301572
3021915,26.866148700827665
3023697,20.787109591082434
3025479,21.958560215640542
3027261,25.35751952379738
3029043,26.367517596941155
3002314,1876.0354802270977
3004096,1397.2826163371321
3005878,1659.0493462203603
3007660,1846.8245273294203
3009442,2067.1349874182997
3011224,1609.4970153304166
3013006,1538.0089980049108
3014788,1621.907861489077
3016570,1404.4536649784884
3018352,1616.842524918131
3020134,1761.9044920298068
3021916,1778.6680294688788
3023698,1526.5840369375119
3025480,1504.3387240755892
3027262,1676.1376112190599
3029044,1604.149811672336
3002315,2142.447789605671
3004097,1768.5546061884388
3005879,2209.6768439508473
3007661,2372.772981660814
3009443,2571.022351934533
3011225,1977.912069836388
3013007,1742.3677314427923
3014789,1940.40723878231
3016571,1604.3764827918283
3018353,1954.7209645838775
3020135,2088.2023200896942
3021917,2123.6962189530354
3023699,1814.2291722462223
3025481,1783.5703615873756
3027263,1964.9229952652859
3029045,1795.7336642717812
3002316,422.0259631882696
3004098,319.8909961755677
3005880,506.5127645260077
3007662,447.3650217522577
3009444,514.6312876442015
3011226,356.04550853953987
3013008,333.5051670513696
3014790,337.70914883732826
3016572,302.2166793741576
3018354,390.051165004304
3020136,384.86220151515346
3021918,399.280544291968
3023700,331.93957234125565
3025482,327.3088921559692
3027264,355.12529253049547
3029046,348.44479919854444
3002317,463.348701267875
3004099,359.81580669194
3005881,522.9065113801278
3007663,476.19918584420293
3009445,583.4114301531937
3011227,424.93708364805775
3013009,376.7633288725042
3014791,411.71852873826157
3016573,339.65043098417146
3018355,448.50923625066685
3020137,442.26701158408946
3021919,468.82945451022687
3023701,391.8609334788501
3025483,379.3024019482927
3027265,425.79356873922205
3029047,368.42084467344256
3002318,321.71126554624135
3004100,257.62913908335025
3005882,405.9148838935207
3007664,375.62806950417877
3009446,353.2088605554612
3011228,248.96080451801427
3013010,242.2231226624259
3014792,274.96026377820385
3016574,240.61096254317022
3018356,307.28902049117096
3020138,316.52710901719234
3021920,294.90653751527026
3023702,242.88975936478448
3025484,252.76794613061858
3027266,288.8303748102642
3029048,268.0125857212157
3002319,7999.626161546231
3004101,5892.445975209651
3005883,7726.247128193547
3007665,8193.606400036873
3009447,8673.279201610241
3011229,6793.421939071493
3013011,6385.763656233644
3014793,6784.290639964114
3016575,5863.987621571694
3018357,6979.875441722027
3020139,7421.628348043091
3021921,7579.080207616316
3023703,6418.888496182946
3025485,6324.89859302811
3027267,7056.690200499727
3029049,6624.87195462939
3002320,75.25293182506088
3004102,64.27379503421224
3005884,78.50900565634154
3007666,86.48998130034379
3009448,90.19558483719304
3011230,74.07602355850112
3013012,70.62576656819986
3014794,71.16016734969885
3016576,62.16818694132064
3018358,70.70352817994474
3020140,73.31840763753901
3021922,75.5400841650385
3023704,64.61993516324611
3025486,64.69012681038248
3027268,70.4230832451072
3029050,64.95023042701352
3002321,1.3705758479939227
3004103,1.2813788700614615
3005885,1.3770741063559147
3007667,1.640182155534245
3009449,1.5556751408049052
3011231,1.1674300146726362
3013013,1.1334656752455383
3014795,1.3491538110997319
3016577,1.2712000009092475
3018359,1.343187149495881
3020141,1.7248199834162863
3021923,1.7010397922612557
3023705,1.1840795674958273
3025487,1.100738687247487
3027269,1.2498337927324186
3029051,1.2295639535035112
3002322,57.42426502751352
3004104,50.03656647395959
3005886,57.63188920248007
3007668,57.96584037642114
3009450,59.309799538253095
3011232,46.24137058812304
3013014,43.73335922077422
3014796,50.85173509865269
3016578,50.86623234371242
3018360,54.80470970673705
3020142,55.88699993788982
3021924,51.688122870171775
3023706,45.12839960667434
3025488,42.52427991631295
3027270,46.57074518858028
3029052,51.6021651768923
3002323,66.43945846732885
3004105,51.693395817215816
3005887,54.33278445879702
3007669,56.009552728879385
3009451,62.84605905780628
3011233,53.75640986228077
3013015,46.030965593098784
3014797,50.000996172920935
3016579,50.98009004382749
3018361,53.427830965545205
3020143,60.617924680793344
3021925,59.18564198146667
3023707,50.340501398338894
3025489,49.681376628772966
3027271,52.92598353750041
3029053,47.49026894003623
3002324,0.49898486972558387
3004106,0.32599713082331694
3005888,0.13316492448598394
3007670,0.15340010354457978
3009452,0.17937654409026813
3011234,0.16218906724286314
3013016,0.12871125026527366
3014798,0.46941470943862657
3016580,0.3832711442898864
3018362,0.350911387052866
3020144,0.3673417660544862
3021926,0.40772655992081624
3023708,0.37205053912475955
3025490,0.383703587667278
3027272,0.4649070784551185
3029054,0.42458509358787583
3002325,452.35056617840684
3004107,353.0331643927245
3005889,424.0977722025635
3007671,517.4521715121027
3009453,584.6745127579701
3011235,415.71209980305747
3013017,403.880630209178
3014799,400.0978714506773
3016581,350.7619464837444
3018363,404.9155425077181
3020145,466.7125869729941
3021927,476.1882453287896
3023709,378.52699750982174
3025491,377.480331375419
3027273,418.21299684234776
3029055,391.4189563825758
3002326,9.791327274679047
3004108,14.597611187549033
3005890,9.930892436752801
3007672,13.451157363848738
3009454,27.85427881762808
3011236,12.961769958081112
3013018,7.971073486051806
3014800,9.896686147786548
3016582,10.999327046256155
3018364,16.921484728918383
3020146,18.914922438743854
3021928,23.752840419413104
3023710,8.45933130424328
3025492,11.71404592012774
3027274,13.156876763710734
3029056,10.954252035225693
3002327,46.39310603021366
3004109,24.73093351296163
3005891,41.552386275698694
3007673,35.83323997298657
3009455,34.297854540715974
3011237,22.23488869756657
3013019,17.407725769772615
3014801,35.5850512246243
3016583,22.890361456273467
3018365,33.30999851833065
3020147,30.403689516415685
3021929,28.93553861858578
3023711,20.945040289713702
3025493,22.425845018581914
3027275,40.72505904691
3029057,24.45859750271641
3002328,16.023748862222597
3004110,7.194572990923601
3005892,7.527622610753904
3007674,13.085460149506842
3009456,17.189951782466153
3011238,5.740646713158282
3013020,7.527871427714871
3014802,10.437789098774902
3016584,10.27919757592682
3018366,10.440267108839372
3020148,15.392008040495858
3021930,15.47911579457905
3023712,8.802030726874845
3025494,7.747268914274137
3027276,8.81782592211244
3029058,7.290788682650432
3002329,234.00237629483595
3004111,237.9701891996342
3005893,344.9242274194856
3007675,346.33421336420605
3009457,192.13105043900825
3011239,137.38664163897758
3013021,133.73214706345678
3014803,173.22626002367392
3016585,166.18895109796225
3018367,204.77620137465388
3020149,224.5277420157237
3021931,150.69974025767502
3023713,138.6478215727783
3025495,137.9441247542036
3027277,171.36968928402936
3029059,152.29346357230153
3002330,19.555379079124023
3004112,18.336267639581838
3005894,23.804125443339483
3007676,27.241084854306493
3009458,26.1158069747039
3011240,18.10245726383637
3013022,17.31559151917109
3014804,17.576492688423446
3016586,15.996012008517193
3018368,22.928666097676423
3020150,24.50634846876945
3021932,23.515224385447866
3023714,16.702460057067526
3025496,15.296459455154704
3027278,16.038910893042353
3029060,15.650727203953346
3002331,765.9636250088752
3004113,689.0654856258975
3005895,1480.9351553014715
3007677,769.5929607444003
3009459,794.5728392690158
3011241,730.9128088843486
3013023,681.1161410508427
3014805,679.5684685758492
3016587,587.1473541327465
3018369,902.2904081754526
3020151,658.8102087545686
3021933,690.7130963061958
3023715,639.5284416443765
3025497,635.577926990373
3027279,693.8930817096561
3029061,637.6229436548913
3002332,548.5846338208526
3004114,396.65064609401065
3005896,490.57252912636955
3007678,612.6082377961842
3009460,650.7431857694402
3011242,459.39242789287846
3013024,434.99978725961654
3014806,440.25288553028486
3016588,370.5753168451013
3018370,430.2873573398993
3020152,509.6502755438061
3021934,516.4803896605756
3023716,447.033545741943
3025498,427.17055229624634
3027280,459.1263130618684
3029062,456.597680469903
3002333,16.32100712515351
3004115,16.74280102242813
3005897,18.315040473885464
3007679,27.303709583466418
3009461,28.910878803855685
3011243,17.17721999714559
3013025,12.195144533851588
3014807,17.267566249177904
3016589,15.805819005528063
3018371,18.118107746995822
3020153,23.64355067976828
3021935,25.106947694672716
3023717,16.522800124134378
3025499,15.414050813454272
3027281,17.03658398140124
3029063,16.664699460234914
3002334,31.768871231820825
3004116,26.501444174440905
3005898,31.17227154967486
3007680,42.42275032709363
3009462,41.14651807186225
3011244,25.975918022590523
3013026,24.974271618091166
3014808,26.200567275498134
3016590,23.73083514140458
3018372,29.43350395651027
3020154,32.07733498154885
3021936,33.5556885912739
3023718,25.00462204376087
3025500,24.021294280631768
3027282,26.649769798452592
3029064,24.926264485920175
3002335,956.8533823450008
3004117,742.1922683131664
3005899,1454.3229748042984
3007681,961.8871056519579
3009463,1102.9097155772724
3011245,905.7388933812608
3013027,833.5537362105833
3014809,858.5458622827182
3016591,733.605203397542
3018373,1078.3166170176835
3020155,869.504081759903
3021937,922.0879711687157
3023719,797.4891785753406
3025501,797.0709768008128
3027283,874.5499054671351
3029065,790.9787525720111
3002336,229.9374967296038
3004118,188.5566049083999
3005900,255.127605646935
3007682,228.63658984694098
3009464,234.66285602542993
3011246,208.76798991151875
3013028,190.3388688354551
3014810,194.6880658702571
3016592,171.60356357555557
3018374,191.67800749915594
3020156,198.97017320332225
3021938,203.9227687452866
3023720,178.452435166191
3025502,176.1407802405939
3027284,200.69992729864632
3029066,185.49820124372
3002337,10560.421711031928
3004119,5607.415647635561
3005901,7624.84116018851
3007683,8162.1661902607375
3009465,8308.556192355143
3011247,6661.50295217051
3013029,5881.40225253593
3014811,8039.610715692107
3016593,5272.207051198336
3018375,6736.2850346410605
3020157,7046.417343008742
3021939,7015.957065331695
3023721,5918.611401970258
3025503,5871.226732577274
3027285,8189.802160382668
3029067,5562.050390478958
3002338,240.83167514025388
3004120,197.02011429024694
3005902,219.27304721106825
3007684,251.3277880403623
3009466,266.89374121182414
3011248,233.14076424497145
3013030,196.34118935462365
3014812,268.03350074838704
3016594,235.99595128156582
3018376,280.09344429794004
3020158,327.2302743198309
3021940,354.9944824332103
3023722,260.68893862764645
3025504,251.846372143938
3027286,288.5046293205546
3029068,279.046094579455
3002339,75.49998994721473
3004121,60.20345534737056
3005903,107.49382626058848
3007685,75.85634736779893
3009467,85.11781947946359
3011249,66.81629821067746
3013031,58.908815648218706
3014813,72.53122138293503
3016595,63.19688887178629
3018377,99.13764139906294
3020159,80.14080494484377
3021941,82.62787452445704
3023723,69.2594107437374
3025505,65.06781251710238
3027287,74.75669540466403
3029069,66.83638745417913
3002373,8.910486940038089
3004155,7.79250253753515
3005937,8.762349844091135
3007719,13.898905678611099
3009501,14.308020565486991
3011283,7.278425026740639
3013065,8.26126685463226
3014847,8.69258119785265
3016629,8.224584686525985
3018411,10.148937479239835
3020193,15.725456665523625
3021975,15.53919724691175
3023757,8.41186149244643
3025539,8.566172890299987
3027321,9.242165631456166
3029103,8.553025722612524
3002374,0.013295269954280493
3004156,0.004295572974763782
3005938,0.00665878213659517
3007720,0.0005555534139003933
3009502,0.000557311974554389
3011284,0.01087557458621149
3013066,0.006248663830941056
3014848,0.00951214651038135
3016630,0.002362309358521385
3018412,0.0042537937074701325
3020194,0.0019337819571665308
3021976,0.0007331332045262059
3023758,0.004059099563631401
3025540,0.004262838334559524
3027322,0.0071584492391416205
3029104,0.00442508518833363
3002375,13.566808215661977
3004157,11.191512928242231
3005939,11.958928167415296
3007721,18.43879253825197
3009503,20.120105837438278
3011285,12.093031446817692
3013067,11.92513915159001
3014849,12.612633602716173
3016631,9.552824146491892
3018413,10.807196662360482
3020195,16.693005450462717
3021977,17.49129971009772
3023759,11.641662571582208
3025541,11.679392694622186
3027323,12.14023635755683
3029105,9.912977454026246
3002376,3740.170244441717
3004158,3494.43148574412
3005940,4113.342284317705
3007722,5111.173349496868
3009504,5083.19403552168
3011286,3470.560954937789
3013068,3297.8560234069287
3014850,3488.569134679034
3016632,3238.4525483068737
3018414,3771.6557742789737
3020196,4569.064753190119
3021978,4408.434504567754
3023760,3264.8752803150182
3025542,3288.1508455491494
3027324,3514.1168032893943
3029106,3495.8737834973704
3002377,0.024880654422466324
3004159,0.018000150404902146
3005941,0.017173001761082867
3007723,0.020149072042733255
3009505,0.022569381433172095
3011287,0.02425259662573905
3013069,0.019741099312412014
3014851,0.009237594742825539
3016633,0.0034781793517294286
3018415,0.005332994156422449
3020197,0.0027537452758047078
3021979,0.000741157387479144
3023761,0.003242236553382455
3025543,0.003903259962699829
3027325,0.006472266634644313
3029107,0.005602594911786526
3002378,588.7848485871613
3004160,486.0848222887234
3005942,601.871740277889
3007724,608.1909506306885
3009506,640.3966270218356
3011288,513.2089151525502
3013070,466.8591397200933
3014852,520.3976633395399
3016634,464.8858257884015
3018416,511.7826841802803
3020198,581.047390329714
3021980,583.117724292255
3023762,481.9224518348113
3025544,481.3351563050924
3027326,521.6384861211828
3029108,521.7162972331438
3002379,33.02605043441195
3004161,34.5546103159291
3005943,37.57136229933526
3007725,41.78402047838716
3009507,30.410441288633667
3011289,23.90178266051392
3013071,27.540928577774793
3014853,30.830810313939338
3016635,32.56594931366858
3018417,37.13006418999374
3020199,39.65684185372121
3021981,30.53384307568834
3023763,24.38697346123446
3025545,27.035501207016523
3027327,28.776603326397748
3029109,32.04063901571987
3002380,1403.9392520730353
3004162,1189.4702168906344
3005944,1501.1974291088125
3007726,1716.7849080075048
3009508,1813.9016626399234
3011290,1256.4349489634826
3013072,1187.8733828253241
3014854,1250.6711114403927
3016636,1149.4481656692576
3018418,1290.2100283042173
3020200,1510.1367627998018
3021982,1461.043100304237
3023764,1176.2526192353346
3025546,1197.4897432145415
3027328,1287.3703711502494
3029110,1312.45256402854
3002381,1095.3579826354999
3004163,890.8208703728989
3005945,1106.138164116937
3007727,1260.807073255346
3009509,1300.093119961322
3011291,960.7661229227739
3013073,927.3076649909593
3014855,978.365904090599
3016637,880.3551972613346
3018419,1010.1817125771607
3020201,1164.6747501608168
3021983,1145.8317527153442
3023765,915.0877096062433
3025547,921.2233199913436
3027329,975.4776972012774
3029111,966.853543016139
3002382,473.1580025774099
3004164,368.33235578997574
3005946,516.3160433035031
3007728,500.5027834029358
3009510,506.7328231768177
3011292,346.64738509950695
3013074,377.0781222963567
3014856,366.1406840819773
3016638,331.46539709017947
3018420,403.02569408047947
3020202,433.73246048233665
3021984,435.73261716973064
3023766,351.3013570791209
3025548,347.8914493613053
3027330,369.68614526908505
3029112,382.0399490590701
3002383,96.65599046086281
3004165,87.92251753968822
3005947,111.22141775536251
3007729,131.41488118699277
3009511,134.6538201776506
3011293,99.59122214026723
3013075,84.6773730170771
3014857,92.81080403389804
3016639,84.70316979967693
3018421,104.06368964599676
3020203,119.76870977451124
3021985,123.65522184905694
3023767,94.0888707794669
3025549,89.41839161223919
3027331,94.6646291829332
3029113,88.84434495882289
3002384,130.6568876778471
3004166,150.2659971767988
3005948,153.8969479272889
3007730,193.57617548471407
3009512,141.9249624363309
3011294,130.449593440189
3013076,102.42389389860303
3014858,128.82469012067426
3016640,123.86455230983817
3018422,136.3739989939339
3020204,155.9275703259417
3021986,132.12605593484486
3023768,111.60952457460814
3025550,115.13239372088314
3027332,133.2880347914688
3029114,131.19548226972242
3002385,5840.415180894012
3004167,5385.659125366223
3005949,6456.363633605845
3007731,7472.920820734817
3009513,7686.695348129691
3011295,5398.063666650407
3013077,5218.3626153646155
3014859,5434.884443475959
3016641,5078.026055602109
3018423,5797.566625578441
3020205,6876.105699591593
3021987,6631.161845281663
3023769,5235.337233239975
3025551,5286.304414526115
3027333,5644.312726172905
3029115,5652.665679497848
3002386,64.66448013725172
3004168,55.864184608446784
3005950,69.43106634807957
3007732,70.42249842228831
3009514,66.91777252577259
3011296,53.17683006291829
3013078,58.06181343662673
3014860,62.96594655626535
3016642,58.85687799350325
3018424,70.42687662223932
3020206,74.5162753219551
3021988,68.05841122165391
3023770,50.83642001176809
3025552,55.04621971827854
3027334,60.251861886350845
3029116,56.93046574836277
3002387,1.2476531912513658
3004169,1.1105811208125345
3005951,1.155070690292055
3007733,2.245786221178275
3009515,2.1360128125675466
3011297,1.1953469444554343
3013079,1.5451465967919011
3014861,1.2026525277828395
3016643,1.0626186606791643
3018425,1.1283782831298172
3020207,2.1110211952082043
3021989,2.0690400969158156
3023771,1.145681018326752
3025553,1.3009497043631886
3027335,1.123466458485319
3029117,1.1349444333373417
3002388,59.73546334892534
3004170,64.31043222567999
3005952,68.1995828180566
3007734,79.32417972808608
3009516,68.60536028882616
3011298,56.1285284792271
3013080,39.484318933121536
3014862,53.65411954514932
3016644,60.83124966245345
3018426,65.07878799377448
3020208,80.49889987053889
3021990,68.12039081772348
3023772,53.69731592163989
3025554,53.7571610298991
3027336,60.835305805421285
3029118,57.87701816889549
3002389,37.92564976731732
3004171,25.727378182257425
3005953,34.58667661295842
3007735,48.21181444798301
3009517,44.301065684294834
3011299,27.46156602503422
3013081,22.37193635520589
3014863,31.104956057545962
3016645,29.52498199613957
3018427,32.11957071671983
3020209,36.735834256555854
3021991,39.1074457038684
3023773,22.99294447079708
3025555,29.027782391642063
3027337,33.46854963983284
3029119,33.200108507826506
3002390,0.06465817797212961
3004172,0.014865876468432633
3005954,0.010148485695544735
3007736,0.018103277538030718
3009518,0.023922898826386717
3011300,0.02566773104499819
3013082,0.018278018997261412
3014864,0.020113799192775537
3016646,0.010964212229021733
3018428,0.008073854094061377
3020210,0.018013065275542608
3021992,0.021355773992920237
3023774,0.015409872655576464
3025556,0.01255878149855231
3027338,0.0587005631110738
3029120,0.03955543629182756
3002391,338.97524649286333
3004173,260.1607651655442
3005955,347.34091769872475
3007737,447.3915428657706
3009519,484.94526016047286
3011301,307.30521522990324
3013083,282.43837541673344
3014865,288.49575084548115
3016647,262.20954048691493
3018429,285.4664690865535
3020211,351.07944169477696
3021993,342.42192736178686
3023775,271.71556885195986
3025557,273.43755479375596
3027339,299.5644052404021
3029121,296.7432376540773
3002392,7.696579545083028
3004174,9.191891931067799
3005956,10.52878812790107
3007738,19.336513815628937
3009520,16.213198367107392
3011302,5.8223359695210135
3013084,3.1545397393171846
3014866,8.152761256707636
3016648,7.572140590301404
3018430,11.552190238927617
3020212,18.41962098192617
3021994,25.062032151595407
3023776,10.802631880801437
3025558,12.660552813391357
3027340,6.986126316414445
3029122,10.216847400897645
3002393,17.62879105810757
3004175,5.987659765781058
3005957,9.068351052474318
3007739,13.171017874719032
3009521,10.039578737452594
3011303,5.257174293744799
3013085,3.8735837786691856
3014867,11.275960770351546
3016649,6.346705753332656
3018431,9.756461628086656
3020213,13.33778891200795
3021995,10.635891505305388
3023777,5.363534927431329
3025559,5.359388975622786
3027341,11.623319201926078
3029123,9.255648648055542
3002394,11.499097161633765
3004176,2.4327627029722554
3005958,2.5699392996939983
3007740,3.6094478054673282
3009522,3.2062480011388232
3011304,1.877901992136703
3013086,2.1210852688455772
3014868,2.5447683369786502
3016650,3.154969090645015
3018432,3.470705610205203
3020214,5.184020844387738
3021996,5.069508788059848
3023778,2.9294144181366164
3025560,3.0200601351876757
3027342,3.3740510224257414
3029124,3.634230461195584
3002395,124.42001931812983
3004177,134.35308405938233
3005959,185.87134264862348
3007741,205.7938302682544
3009523,110.41744751020792
3011305,80.296210073246
3013087,76.34012770962435
3014869,104.49305965436649
3016651,111.16328404666166
3018433,132.2603591262969
3020215,147.6953357440011
3021997,98.882828125132
3023779,74.0395863472619
3025561,87.32237202867894
3027343,101.39921856620403
3029125,102.57207560234055
3002396,9.643389941230238
3004178,10.087466833044923
3005960,13.11066823783049
3007742,19.448350136310115
3009524,18.14396346576854
3011306,11.005536249800995
3013088,9.854540549169636
3014870,10.032720152886432
3016652,9.600304247932458
3018434,12.839431641886113
3020216,17.130607815871986
3021998,15.249375190751499
3023780,9.794544507185803
3025562,9.130842878090798
3027344,9.05209084864112
3029126,9.162649498919146
3002397,519.2632724493932
3004179,480.65754546331124
3005961,800.9271780911404
3007743,523.3775294744929
3009525,552.6961341935374
3011307,457.6910052041785
3013089,403.07349704562233
3014871,524.2531072518133
3016653,484.2615701018803
3018435,686.8520592135163
3020217,566.3296076006412
3021999,570.5624329048036
3023781,496.1370428401644
3025563,499.6965449869355
3027345,539.6655305949348
3029127,522.5610840893723
3002398,512.6808778919213
3004180,428.4065388111654
3005962,496.67852959944867
3007744,643.9526356105283
3009526,696.0499448189363
3011308,466.55800815756857
3013090,376.9190978962588
3014872,475.5126591455237
3016654,424.1472844564739
3018436,485.44482341247294
3020218,605.3771125035171
3022000,598.0592333671349
3023782,447.26302133428027
3025564,439.30808489875216
3027346,493.36802587090807
3029128,489.87236056158935
3002399,11.13911116340194
3004181,10.700783781098849
3005963,11.949218737856661
3007745,19.399427046352205
3009527,20.253462487123425
3011309,10.62560915668139
3013091,8.68023799733505
3014873,10.517311783412524
3016655,9.875811754260141
3018437,11.124108284198725
3020219,17.788793921091415
3022001,17.20333657893774
3023783,10.112151833996732
3025565,9.43897271496561
3027347,10.828847985997536
3029129,10.621475044375488
3002400,21.441744217464404
3004182,18.563970314450284
3005964,20.865468525567607
3007746,32.224551861676694
3009528,32.58819440090323
3011310,18.00101495648518
3013092,18.57703925779222
3014874,18.922629122427534
3016656,17.22139866195135
3018438,19.85566373011367
3020220,28.607199679545392
3022002,26.58792633034228
3023784,16.765857810239204
3025566,16.745092558483947
3027348,18.661657063698765
3029130,18.194045877601063
3002401,381.02073487472535
3004183,328.20031285052545
3005965,581.9396762357377
3007747,432.410792641084
3009529,479.86753420094425
3011311,364.38445413733734
3013093,322.90090670125664
3014875,318.84024562561245
3016657,291.59021412188156
3018439,371.6923233976054
3020221,350.66601081310586
3022003,356.9478629287249
3023785,297.6095356012363
3025567,302.7099852137403
3027349,327.16567260545094
3029131,320.8333316619621
3002402,87.46000080338736
3004184,82.96809687598521
3005966,94.3281567467618
3007748,94.02982765515435
3009530,95.27409642850368
3011312,72.05947067129961
3013094,70.70456783722824
3014876,81.18438835124347
3016658,76.48807712144145
3018440,83.68497149652455
3020222,94.6275107772048
3022004,92.0780164555033
3023786,74.39094782910287
3025568,74.64041261890245
3027350,80.26259120825948
3029132,79.0106174668404
3002403,2622.3430448204745
3004185,1694.66996623897
3005967,2188.5586134916302
3007749,2491.8553520649048
3009531,2408.0753325212977
3011313,1857.5425507726495
3013095,1748.7463561912173
3014877,2399.78905391218
3016659,1607.8701613293051
3018441,1961.1707306121095
3020223,2218.5986595301656
3022005,2141.180630720825
3023787,1714.722110919839
3025569,1723.6525830883386
3027351,2411.1342598899605
3029133,1724.0201419606071
3002404,292.0132836067483
3004186,228.95612761498134
3005968,250.4877820192127
3007750,365.1618225774626
3009532,414.2476653774698
3011314,245.43748384516115
3013096,210.76031593066637
3014878,319.96020731402706
3016660,291.95274826502003
3018442,337.0037987634708
3020224,447.3450677495098
3022006,465.49745691516273
3023788,319.7722345563455
3025570,310.8078448358853
3027352,355.456460306144
3029134,357.06463569653397
3002405,16.799917473759876
3004187,13.592951057774302
3005969,21.71639227722261
3007751,19.978911677214935
3009533,23.913394103811353
3011315,12.741826143265177
3013097,13.31069198030208
3014879,14.45379816511224
3016661,15.291785461470909
3018443,19.705327702337755
3020225,20.33527314973756
3022007,19.171172480654224
3023789,13.094752028625223
3025571,15.354970669684748
3027353,15.86232499993425
3029135,15.05637640256881
3002406,6.5633194970562085
3004188,5.868540142281531
3005970,6.524913306666119
3007752,9.585815721728686
3009534,10.453912272365388
3011316,5.878269582128103
3013098,6.44729436599053
3014880,5.809056441517991
3016662,5.1964681242363815
3018444,5.79235845133
3020226,9.07359405241438
3022008,9.265862383211823
3023790,5.594866083819471
3025572,5.806713528958543
3027354,5.9391027019214215
3029136,5.51690894854548
3002407,0.009026953163367366
3004189,0.0021032019627618783
3005971,0.0001370780931134612
3007753,0.0
3009535,0.002246655149634179
3011317,0.006736619594102986
3013099,0.001226031867387604
3014881,0.0029471078702564633
3016663,0.0
3018445,0.0
3020227,0.0
3022009,0.0004847806419360275
3023791,0.0021767373172117727
3025573,0.001506332786913497
3027355,0.0043180844438967395
3029137,0.0032641874152666756
3002408,7.248158853237432
3004190,4.500225815807645
3005972,4.608599264307763
3007754,8.201984797846446
3009536,6.373101744079791
3011318,3.196554102599159
3013100,1.3321155325520238
3014882,4.8678241497590164
3016664,2.6325549026105466
3018446,3.2275739957509484
3020228,4.798852234079791
3022010,8.110274275703068
3023792,3.457234501766635
3025574,5.215871801945995
3027356,6.384687554104875
3029138,4.45874132777957
3002409,4700.841984197782
3004191,3478.584003597403
3005973,4958.241710393128
3007755,4885.100433187005
3009537,5731.900298075867
3011319,3809.8593648140372
3013101,3574.1190879816572
3014883,3936.7554055905093
3016665,3263.4817869360777
3018447,4011.246896593618
3020229,4276.032163772891
3022011,4383.574662047015
3023793,3518.4590252137436
3025575,3520.115523925573
3027357,3938.00193871527
3029139,3532.8818906583097
3002410,0.009835880827489391
3004192,0.003456708887663093
3005974,0.0017524534362442718
3007756,0.0
3009538,0.002515882671640758
3011320,0.007232688442898758
3013102,0.0016480333057798194
3014884,0.0036387125016082334
3016666,0.0
3018448,0.0
3020230,0.0
3022012,0.0009931621245681127
3023794,0.001825875596907095
3025576,0.001230026469081003
3027358,0.004003695919056203
3029140,0.004117984237271662
3002411,971.0803349096731
3004193,685.3364387370196
3005975,934.7421206842087
3007757,904.5979680187401
3009539,1122.0888373957343
3011321,801.0812915016759
3013103,701.7030885899017
3014885,847.0076708124261
3016667,663.8883823914056
3018449,786.9120017884771
3020231,801.6371879191803
3022013,828.4236242296123
3023795,725.0562867863177
3025577,723.832959913701
3027359,831.4356230854322
3029141,732.606964008341
3002412,10.59513699749512
3004194,9.722976115303007
3005976,13.149508464203336
3007758,14.57792407047492
3009540,9.8144294594173
3011322,8.152918099535347
3013104,9.745188952329878
3014886,9.480027179742585
3016668,9.838664364321634
3018450,12.381649129228292
3020232,15.080342977988579
3022014,10.547601896519398
3023796,8.494296658744455
3025578,9.065317143533795
3027360,10.029725606962854
3029142,9.687150862432556
3002413,1632.9572136197705
3004195,959.5104277734913
3005977,1396.175068528158
3007759,1406.6889102623009
3009541,1605.1590062654857
3011323,1198.6153794133518
3013105,1195.421652549511
3014887,1236.957864830429
3016669,1006.6196823460097
3018451,1182.754798245286
3020233,1314.549113365024
3022015,1315.3529388920388
3023797,1119.736763445452
3025579,1134.3787051929735
3027361,1308.9050264382543
3029143,1154.8947419875676
3002414,1885.6625686374148
3004196,1140.5020892005589
3005978,1650.4458909704551
3007760,1653.0404049151045
3009542,1917.9446517328208
3011324,1279.8203636857054
3013106,1257.177546524849
3014888,1366.2047369436125
3016670,1085.4484020213627
3018452,1313.7014707052497
3020234,1405.0237271314845
3022016,1435.9100257178798
3023798,1192.972449602227
3025580,1211.3006735552108
3027362,1379.6049343719376
3029144,1209.5643186162376
3002415,294.2440999017327
3004197,199.02872974100714
3005979,371.26930283478833
3007761,250.70287992357933
3009543,326.5193034446481
3011325,218.31760360877888
3013107,203.80803949689982
3014889,216.49182206206686
3016671,185.53581673284637
3018453,236.3931873975124
3020235,229.10337880533484
3022017,239.15506212489518
3023799,201.71185021431765
3025581,202.97860796488638
3027363,225.39473828221784
3029145,212.1064917626023
3002416,379.9045974775211
3004198,236.71320222879558
3005980,447.9533857828322
3007762,340.55771891796684
3009544,451.9684525122339
3011326,308.2769336699096
3013108,302.90825586982794
3014890,307.9367794743304
3016672,242.86762445924555
3018454,353.1545026835875
3020236,318.44031578646724
3022018,337.2468762236658
3023800,283.94343086853183
3025582,276.09215400382
3027364,314.7195235067133
3029146,262.66668938393224
3002417,249.29192589254092
3004199,217.69009522880287
3005981,328.74045513066267
3007763,307.33001707445356
3009545,263.181336073689
3011327,154.2866609284945
3013109,176.59676755496335
3014891,220.1456864585605
3016673,189.36622773733166
3018455,246.04319556339667
3020237,264.97503628502994
3022019,224.45517185675854
3023801,180.92988969514832
3025583,196.09918240706244
3027365,228.40360380123175
3029147,207.09238373177268
3002418,5811.910846608053
3004200,3777.032052461638
3005982,5180.819235464894
3007764,5182.173854361871
3009546,6014.020231760732
3011328,4335.371744557159
3013110,4306.047319202665
3014892,4502.594357658309
3016674,3743.0097600801323
3018456,4504.970781792997
3020238,4785.882294523949
3022020,4930.895282966504
3023802,4142.241352956421
3025584,4104.1129048105795
3027366,4760.156637743559
3029148,4151.738354416303
3002419,56.67075912733438
3004201,38.84394182723236
3005983,50.5539469078349
3007765,56.39402252515914
3009547,56.9103339092473
3011329,47.11315759287789
3013111,53.82399297163363
3014893,44.61110629958622
3016675,36.8077369921335
3018457,43.779777222817074
3020239,46.38139618879896
3022021,46.725803599353206
3023803,41.412972817423736
3025585,40.303251796515674
3027367,46.77326722290084
3029149,38.15987181074332
3002420,1.5344267814784043
3004202,1.3359468717495429
3005984,1.495337932135585
3007766,2.093953227641977
3009548,2.4061712522616383
3011330,1.344322331591389
3013112,1.4111265577801941
3014894,1.403689504281654
3016676,1.2529376679075301
3018458,1.4485987838602103
3020240,2.1199171285609126
3022022,2.2691369768178737
3023804,1.3026006071878788
3025586,1.6374719889374525
3027368,1.556117943930298
3029150,1.475312905654512
3002421,39.15158492803887
3004203,23.109759942619025
3005985,28.58799231808742
3007767,31.62678351210012
3009549,25.988036742635533
3011331,16.651752579801784
3013113,28.66339763455399
3014895,21.608403963092638
3016677,21.153520424090303
3018459,24.581128908743466
3020241,34.88648532966192
3022023,23.56128979268389
3023805,20.24289070965547
3025587,21.879020662622864
3027369,25.402662489081223
3029151,25.22236321215077
3002422,46.941771945815475
3004204,38.34792203875601
3005986,46.51682584421459
3007768,54.95658302468835
3009550,58.166356522960115
3011332,49.74917459197051
3013114,27.707354562483513
3014896,52.65011620136409
3016678,41.03011877288851
3018460,52.47004342732677
3020242,64.54410737953064
3022024,65.86942194240294
3023806,51.21951416338177
3025588,42.36297370209339
3027370,56.151671648455014
3029152,50.453628726241256
3002423,0.12900888717952766
3004205,0.1180747534329155
3005987,0.11866403875060698
3007769,0.09532386557580465
3009551,0.11818796546795689
3011333,0.1057519070113367
3013115,0.09937053505382537
3014897,0.19269681912391246
3016679,0.14175320767677116
3018461,0.14242139081964192
3020243,0.12832929352870967
3022025,0.14255032440938645
3023807,0.16972338158810038
3025589,0.12892362754709316
3027371,0.25455345758487197
3029153,0.19606191358095715
3002424,341.77309171735027
3004206,208.14545213297205
3005988,306.881784327327
3007770,322.84812828952687
3009552,393.35415898537485
3011334,238.18287691143198
3013116,247.71004542157752
3014898,258.1420178632464
3016680,209.5926748307057
3018462,238.8684955559007
3020244,269.5670640919845
3022026,286.40187217297614
3023808,224.82715292076526
3025590,234.15221085728572
3027372,269.0626353162433
3029154,225.80905815986168
3002425,2.7368967050390864
3004207,1.8088279925688575
3005989,2.043420806599507
3007771,3.9107530838587725
3009553,4.738229743465559
3011335,1.6208912616503628
3013117,2.550770408213532
3014899,1.7854001080839013
3016681,1.6386776192105827
3018463,1.653860198517145
3020245,2.874315888521361
3022027,3.5095594059936204
3023809,1.6513925487093182
3025591,1.8089082695929577
3027373,1.6969593050437852
3029155,1.7191502349333698
3002426,65.81678440091612
3004208,35.121961259174356
3005990,53.2070658746643
3007772,52.26129260386566
3009554,41.131610360951775
3011336,30.15107125316112
3013118,34.341701756827945
3014900,51.7142678918298
3016682,34.652937456356355
3018464,47.91891746779254
3020246,47.43542400415182
3022028,41.51611819282371
3023810,30.97552570001385
3025592,35.520280514388865
3027374,57.12762979710044
3029156,35.80052822170888
3002427,13.181410066829805
3004209,3.070105980623431
3005991,3.393583117866353
3007773,4.2568627177885405
3009555,4.381614540493889
3011337,2.9953713695819246
3013119,3.198735711857541
3014901,3.5483274988644324
3016683,3.649646433652985
3018465,4.11234414900916
3020247,5.498423807406474
3022029,5.156476524937005
3023811,3.351052750185621
3025593,3.4929980541347017
3027375,3.623237941835312
3029157,3.7406481205718634
3002428,160.4240525275184
3004210,127.25043857357066
3005992,189.93032824465126
3007774,172.66613015377288
3009556,106.41297869892857
3011338,53.27245824405583
3013120,65.92592965323422
3014902,97.60079692217153
3016684,76.45279790285007
3018466,113.39803110501363
3020248,112.44121809506193
3022030,77.99393256252127
3023812,62.823641361679115
3025594,62.51797431243006
3027376,78.2438180958762
3029158,74.536877890206
3002429,11.80627192914517
3004211,10.239930417878854
3005993,13.906965116255515
3007775,16.811029891438924
3009557,16.972538374844508
3011339,10.359031360366648
3013121,10.008042774733315
3014903,11.217470985621084
3016685,10.469543441222774
3018467,13.630106911244573
3020249,15.229899220322828
3022031,14.068824765549119
3023813,9.945005446705013
3025595,9.234694399871577
3027377,9.992027006064797
3029159,9.30944211898158
3002430,668.0362706941095
3004212,510.31452606230823
3005994,1243.2021753818253
3007776,568.5668426649305
3009558,592.9303076807957
3011340,506.5851884193107
3013122,502.52716439446857
3014904,528.3881988881308
3016686,439.34343184336603
3018468,729.4908214185119
3020250,486.2620484226868
3022032,509.6584861194554
3023814,476.15015838219915
3025596,476.99111061021637
3027378,541.9243268528835
3029160,472.60612320107003
3002431,340.3525096434919
3004213,202.05432758576845
3005995,316.242976775874
3007777,361.3987238408438
3009559,398.8449194626723
3011341,240.30581561843815
3013123,222.49635819633454
3014905,258.2252911399891
3016687,209.25883208508307
3018469,242.65222483607081
3020251,291.6038441142543
3022033,305.18605413636504
3023815,255.21227344081035
3025597,237.26455062032798
3027379,268.8416406282408
3029161,279.6319981735459
3002432,19.832876169494238
3004214,16.516679752691346
3005996,20.048788541467882
3007778,25.301950351765786
3009560,28.056148705236684
3011342,17.45660539934649
3013124,14.522562928587492
3014906,19.354687697909007
3016688,16.488441232070027
3018470,19.12428230252425
3020252,22.744461774066774
3022034,23.76760446272806
3023816,16.536722249860656
3025598,15.952004016553646
3027380,18.65995566518333
3029162,16.866625966165234
3002433,11.018254801265632
3004215,9.682644255859922
3005997,9.109372279029
3007779,13.535698974556647
3009561,15.442787635434831
3011343,9.423411769052857
3013125,11.834243586612132
3014907,9.042781278985506
3016689,10.57026545575832
3018471,8.684840880707846
3020253,13.144656648658602
3022035,13.524518394147458
3023817,9.868525823313787
3025599,9.88323423289696
3027381,8.33739444859824
3029163,8.00156942325095
3002434,765.7308793127248
3004216,518.9671447143296
3005998,1308.3993202095216
3007780,631.0255271081196
3009562,820.6205775464286
3011344,643.1971069478008
3013126,621.7863184177943
3014908,632.4515723291742
3016690,519.0945900743205
3018472,908.4920718935601
3020254,592.2591064230826
3022036,629.2613807784041
3023818,566.8639123742447
3025600,574.213644359331
3027382,640.3216736993194
3029164,558.929743346053
3002435,139.78073317687804
3004217,112.03606360071048
3005999,149.74941524888183
3007781,134.1179814186954
3009563,162.3663300152466
3011345,110.8806011687887
3013127,95.93343147805707
3014909,122.97983651326422
3016691,106.47615698473692
3018473,120.5275192926751
3020255,126.47647027393691
3022037,129.1541116995222
3023819,105.75197489357778
3025601,106.62230444117775
3027383,124.31849505407347
3029165,112.41883732043713
3002436,8493.495856255186
3004218,3647.5777035565698
3006000,5346.567409791421
3007782,5088.269020198591
3009564,5771.1793494748745
3011346,4162.500304727366
3013128,4172.299182185459
3014910,6195.677103289425
3016692,3536.3327198681495
3018474,4609.568543589824
3020256,4733.407071286176
3022038,4748.135109467795
3023820,4030.5553846351945
3025602,4022.1919414821205
3027384,6244.292891374716
3029166,3702.987580575049
3002437,29.17177307480102
3004219,0.22752123410236502
3006001,0.2977802435789884
3007783,0.46461620280269944
3009565,0.7643990310720143
3011347,0.0
3013129,0.0
3014911,0.32149377984991545
3016693,1.0794896911113454
3018475,1.0722413877022579
3020257,1.4082098048814702
3022039,1.8443513363727206
3023821,1.1685154120213785
3025603,1.1445780173108782
3027385,1.4189133395561644
3029167,1.4131569274821125
3002438,49.43868940640173
3004220,33.825896641914774
3006002,72.50921399527391
3007784,42.75094557349195
3009566,47.23951911981035
3011348,37.29563188591217
3013130,41.30694299852751
3014912,43.10259253093482
3016694,34.91513553268947
3018476,53.02054191217712
3020258,43.12941857450763
3022040,46.39369050962089
3023822,37.92537114836034
3025604,39.60942814620316
3027386,43.06619503128464
3029168,37.01560832550677
3002439,7.955766860571896
3004221,7.967506494793231
3006003,8.859700213585107
3007785,13.603589970170924
3009567,13.189843210011299
3011349,4.38000630647948
3013131,2.7334254121498915
3014913,7.845425922881787
3016695,7.605881704830412
3018477,8.48254458390148
3020259,12.965862119746305
3022041,12.879452739277633
3023823,6.864695631188572
3025605,6.385691159811935
3027387,8.238568140716842
3029169,8.34637823097202
3002440,0.0016626654529347561
3004222,0.0038260741023132417
3006004,0.0016484114412538295
3007786,0.0004265150568649025
3009568,0.07692202141687822
3011350,0.13223383743145098
3013132,0.001880112273203863
3014914,0.002467324866196253
3016696,0.0025189200314089224
3018478,0.00037114348598681155
3020260,0.0
3022042,0.0006104914688627516
3023824,0.000312777742198826
3025606,0.00033534331622075644
3027388,0.002751924233987494
3029170,0.004606331912294859
3002441,8.091431717126568
3004223,4.707794660740017
3006005,8.714845469784114
3007787,12.594543390973323
3009569,11.1467087530246
3011351,7.907300666069129
3013133,5.933656346679364
3014915,7.17688828574099
3016697,5.272656376128945
3018479,6.10971023528614
3020261,11.777237126512105
3022043,12.576351912757282
3023825,7.757662367502107
3025607,7.520402642853928
3027389,6.616442030428444
3029171,6.832235088144134
3002442,4094.2053552967172
3004224,3639.3482074948606
3006006,4714.2653472805805
3007788,4959.035503446555
3009570,5315.323877797945
3011352,3622.0272197953905
3013134,3338.2054848774574
3014916,3677.0323004848124
3016698,3396.9541399400114
3018480,3911.782336077959
3020262,4401.791427507232
3022044,4420.191563622056
3023826,3467.7497292201137
3025608,3463.4344479233464
3027390,3713.717080422173
3029172,3546.420223356216
3002443,0.002180174844421705
3004225,0.004917219353584211
3006007,0.0026821687807287134
3007789,0.0
3009571,0.07973434881829354
3011353,0.13270293281632436
3013135,0.002259364850449646
3014917,0.003170883642790558
3016699,0.003932870634773492
3018481,0.0018492989480551516
3020263,0.0
3022045,0.0010172546787942792
3023827,0.0005725896658773039
3025609,0.0005733817150939093
3027391,0.00247442569785725
3029173,0.005197928175288478
3002444,890.9035871026463
3004226,764.7668750834209
3006008,1017.5786864509945
3007790,940.956657450762
3009572,1097.5722437065738
3011354,752.123829365407
3013136,695.1650502213228
3014918,739.0503531337203
3016700,672.4972927712616
3018482,753.8539261725958
3020264,799.2170783895043
3022046,811.5876132314471
3023828,702.0954246761349
3025610,701.3458446890168
3027392,756.5714391583556
3029174,733.3620112937277
3002445,11.195060738593162
3004227,11.25282084612675
3006009,15.879741369819982
3007791,19.60350555639078
3009573,13.531820649614799
3011355,9.162557738821382
3013137,10.08381830897283
3014919,10.573872754500073
3016701,11.300313532090785
3018483,14.131732914232247
3020265,16.902919768556277
3022047,11.984765299896958
3023829,8.900960154741535
3025611,9.913288463931616
3027393,9.666596448123022
3029175,10.308981463752962
3002446,1560.8271666193389
3004228,1252.811685669768
3006010,1541.1639835329815
3007792,1538.376132583541
3009574,1665.4383215497735
3011356,1177.9589365877216
3013138,1184.3837438360881
3014920,1237.0442910262082
3016702,1130.3713674951775
3018484,1295.1553369328979
3020266,1422.8509039121302
3022048,1410.5462568218873
3023830,1183.846045004779
3025612,1178.2005141782138
3027394,1291.5255829440205
3029176,1279.4800225712922
3002447,1245.851258436661
3004229,989.785940198056
3006011,1274.590661059688
3007793,1308.5180357633255
3009575,1455.4154106580754
3011357,1002.4078723571779
3013139,935.7354752372007
3014921,1065.7761733166776
3016703,933.3558783930989
3018485,1075.2010114949505
3020267,1205.8912381608463
3022049,1218.1199331220112
3023831,994.7479238247533
3025613,992.3237368768647
3027395,1089.2248814493703
3029177,1048.6089366407207
3002448,351.55704153845727
3004230,295.60670247168065
3006012,461.26137271990365
3007794,390.5038870068432
3009576,434.5561318956122
3011358,271.6144798547005
3013140,262.8752143272184
3014922,297.2054157133484
3016704,278.44770678237666
3018486,354.14517384583195
3020268,342.0132102924608
3022050,348.7382828160362
3023832,283.73744795518354
3025614,286.5463509979059
3027396,311.2778849124556
3029178,311.61555174481146
3002449,227.24721224360482
3004231,183.8226743975522
3006013,277.94945483340587
3007795,246.39347519263387
3009577,283.665482415166
3011359,197.200175382977
3013141,168.1091299710836
3014923,196.75398460029814
3016705,173.8483256247076
3018487,234.08475299569386
3020269,218.50706608384112
3022051,222.09144380869805
3023833,186.47876690904278
3025615,182.62786649581264
3027397,202.08365204993257
3029179,184.09558585594425
3002450,295.82340154574086
3004232,320.36257887084196
3006014,437.16455728354185
3007796,420.41217813758817
3009578,293.5678822397087
3011360,233.38011840764975
3013142,206.13305542209136
3014924,313.32579091594573
3016706,301.87196558348256
3018488,369.8633274391961
3020270,390.68480267205933
3022052,345.02772514438993
3023834,286.53295670427434
3025616,299.42143840505264
3027398,331.9533361819311
3029180,327.608235058701
3002451,5770.550842664918
3004233,4983.627834221751
3006015,6333.501413615115
3007797,6815.450249443394
3009579,7005.379401915655
3011361,4605.1289473978895
3013143,4390.837603129577
3014925,4880.779334974741
3016707,4593.1388160504985
3018489,5346.836553684
3020271,5736.032048036999
3022053,5673.316187156944
3023835,4748.454924446632
3025617,4766.1020005937435
3027399,5150.135694235802
3029181,5027.554873283766
3002452,35.86218913124116
3004234,35.86422543626373
3006016,47.339263759342124
3007798,45.945673680872346
3009580,45.407910473792576
3011362,27.411103331053493
3013144,27.670257554413766
3014926,33.79419471456936
3016708,33.25815647249718
3018490,38.6912323171912
3020272,41.909746868397434
3022054,41.54754070129447
3023836,30.543843031314168
3025618,31.017496516036925
3027400,34.63057463930468
3029182,33.92392823832887
3002453,2.5048149650620117
3004235,2.3220698053542184
3006017,2.410589370773418
3007799,4.3711713103982115
3009581,3.9565093648646843
3011363,2.5640189590605136
3013145,1.6671043311632705
3014927,2.537399148049678
3016709,2.3932698389117206
3018491,2.502919287674707
3020273,3.9378360818869615
3022055,3.688141848900669
3023837,2.4450036945314757
3025619,2.2897995563483375
3027401,2.5465034205479165
3029183,2.517248389780083
3002454,56.204379066538685
3004236,43.67311890700858
3006018,64.07928364320294
3007800,67.955945364005
3009582,52.73364308149505
3011364,46.01308627931073
3013146,39.761463151293675
3014928,45.33842031382184
3016710,50.371124197346326
3018492,61.14979486163967
3020274,63.32639166172154
3022056,64.46093498944977
3023838,46.64018052274498
3025620,48.96380395697279
3027402,47.11115583489532
3029184,47.568572274623925
3002455,55.34353611105288
3004237,35.38922350179868
3006019,42.74476874484529
3007801,46.068954923895056
3009583,53.91332357327369
3011365,33.99932805488374
3013147,36.105714171622544
3014929,36.0010391433688
3016711,34.90191714635916
3018493,38.277330562274216
3020275,46.13781463102466
3022057,49.994825121503474
3023839,30.685443349224055
3025621,37.950768031981376
3027403,39.72240357008679
3029185,35.249558336312624
3002456,0.08912258295753787
3004238,0.08450500817187774
3006020,0.07816352780053325
3007802,0.10927076636715312
3009584,0.13405063010360577
3011366,0.17926923856974353
3013148,0.02128240593388579
3014930,0.021363685818820883
3016712,0.020356302585896692
3018494,0.015619728330255734
3020276,0.0234047199883842
3022058,0.027788948953344297
3023840,0.020079770327067505
3025622,0.017927318019106186
3027404,0.07902088587441852
3029186,0.07995881779327974
3002457,326.2563131849125
3004239,277.13773007924937
3006021,381.9905466607447
3007803,409.9698488290057
3009585,454.46406688770406
3011367,275.22811349210355
3013149,264.7981425927691
3014931,291.4869685575888
3016713,257.3982992205578
3018495,288.5608381738193
3020277,339.82484693632887
3022059,341.52614754262845
3023841,273.6054311229891
3025623,274.6310797017904
3027405,300.32331964819963
3029187,294.20135082106503
3002458,6.8669612041287325
3004240,7.071678695558746
3006022,8.041565809508965
3007804,15.754831166289408
3009586,17.096430691503794
3011368,7.633637075492987
3013150,5.960264604261346
3014932,7.340034690992034
3016714,6.866583612489063
3018496,7.66231694136719
3020278,13.90914931957034
3022060,14.312662680719614
3023842,6.900560149106178
3025624,6.622514410912447
3027406,7.033088024782475
3029188,7.0737453314706755
3002459,67.23682625447573
3004241,41.16573640184752
3006023,62.61483172790546
3007805,70.65783204399291
3009587,56.43156515459041
3011369,35.230853252839836
3013151,39.783330833225655
3014933,60.32869107895382
3016715,42.856622638762246
3018497,57.14156455444631
3020279,62.36756223980214
3022061,52.68687577024743
3023843,36.678952466800034
3025625,42.721148962358846
3027407,62.36919430077185
3029189,44.80219879603087
3002460,12.213102329131809
3004242,7.401068742902782
3006024,8.562814046947933
3007806,11.456061906551335
3009588,11.171113541047788
3011370,6.387228808511121
3013152,5.750570861233306
3014934,8.083979859057012
3016716,8.134703647791007
3018498,8.901175511610091
3020280,11.939023209945551
3022062,11.531731427666939
3023844,7.760430936076079
3025626,7.635987742390817
3027408,8.463341222267905
3029190,8.719102181666717
3002461,255.47685618417594
3004243,254.30630778257034
3006025,345.5338583769292
3007807,384.8606299245375
3009589,156.62518419426004
3011371,148.46317094175902
3013153,141.09981876595242
3014935,201.97546847130081
3016717,190.03190185772368
3018499,247.27370013019348
3020281,284.53179298842815
3022063,191.87242176246548
3023845,182.3948879936121
3025627,167.13854020725998
3027409,216.2872619842958
3029191,181.1827046992505
3002462,11.104038555139146
3004244,9.735765223250207
3006026,12.063276199117595
3007808,16.27961796351683
3009590,15.23001092629716
3011372,9.855958417469699
3013154,10.763670839849768
3014936,9.730697290842782
3016718,9.759554947428489
3018500,12.021135950294576
3020282,15.42938331097099
3022064,14.001011303935448
3023846,9.62072350306329
3025628,9.891540506110568
3027410,9.044701736134586
3029192,8.987094500439413
3002463,446.67659015914586
3004245,382.68893971488393
3006027,992.5758407197345
3007809,456.65431659618895
3009591,497.5123944491497
3011373,352.7458144253105
3013155,365.0369749683268
3014937,376.93209324321305
3016719,350.73740127209936
3018501,537.9107297457476
3020283,392.5540701652317
3022065,399.010072182614
3023847,359.3178602551497
3025629,364.81442873596455
3027411,393.3553750968638
3029193,378.3202969999235
3002464,362.43017647755124
3004246,274.150024508376
3006028,390.5651099036921
3007810,401.5524190366141
3009592,411.7330104279292
3011374,255.3905012422209
3013156,245.65360162263894
3014938,295.52349338817277
3016720,253.809309510558
3018502,288.14310376226837
3020284,333.38943095951316
3022066,338.5365977775392
3023848,291.97160053146234
3025630,281.7158556307673
3027412,315.75344879666
3029194,319.10334948289096
3002465,12.530438799781463
3004247,13.34297953621382
3006029,15.988453091010337
3007811,18.903779105859545
3009593,17.765638682885196
3011375,12.231460658441089
3013157,9.102011003189153
3014939,13.843209061873301
3016721,13.266235940623554
3018503,14.913981624061593
3020285,17.909993390727415
3022067,17.683446730420467
3023849,12.646746301003489
3025631,11.865032308595838
3027413,13.826660258213069
3029195,13.661866527786392
3002466,23.23790131373453
3004248,20.1630583422227
3006030,23.04433815921027
3007812,30.80774398926388
3009594,31.305612577607473
3011376,17.555801976643952
3013158,17.868066404654844
3014940,21.875027033564592
3016722,20.10797842979372
3018504,24.520633187895402
3020286,31.449054105441274
3022068,29.770867294686965
3023850,18.78157232587455
3025632,19.330508399251347
3027414,22.091301832485044
3029196,21.689406031780795
3002467,444.569348422827
3004249,384.9078845850431
3006031,763.2688701507174
3007813,501.7732448926594
3009595,579.2206589932226
3011377,338.1629849353121
3013159,333.52586967335964
3014941,383.7968501563835
3016723,357.6394217977177
3018505,508.26945321567024
3020287,413.1087864278289
3022069,422.7155047259974
3023851,353.96461570531665
3025633,363.1649719599122
3027415,398.5818529415803
3029197,382.45731726705117
3002468,141.38497725005092
3004250,126.59365901621231
3006032,144.203721398878
3007814,127.09983196881619
3009596,149.0503044023271
3011378,116.33211027664164
3013160,105.60363207515154
3014942,121.33028467316448
3016724,114.9392978436684
3018506,122.51122303233126
3020288,128.674292887567
3022070,130.58817394064894
3023852,111.78834075684411
3025634,110.95999108391487
3027416,124.93843839491899
3029198,121.4008629327625
3002469,7497.216511025942
3004251,3564.6116097206664
3006033,4848.544288318887
3007815,4758.889887444967
3009597,4949.701168347012
3011379,3621.600357585583
3013161,3339.4202567132547
3014943,5442.441932854141
3016725,3318.4002519008022
3018507,4030.960568801032
3020289,4398.289166292611
3022071,4397.180547262594
3023853,3600.3541939910283
3025635,3549.2733609000225
3027417,5550.977492193953
3029199,3478.9684445015614
3002470,37.8127376449371
3004252,1.7917630725627227
3006034,1.8927782555225716
3007816,3.5088210282183687
3009598,4.948878168821172
3011380,2.219490556691454
3013162,3.064622283161178
3014944,1.8135053762641127
3016726,3.1992323701909364
3018508,3.2055198612490567
3020290,5.315377359840603
3022072,5.65244876922684
3023854,3.4631909784417907
3025636,3.215553014152374
3027418,3.3424143301723768
3029200,3.423850449059563
3002471,7.524244599523095
3004253,7.00170740505633
3006035,11.007407591914335
3007817,9.468903079842786
3009599,10.590769094273462
3011381,6.467855594546758
3013163,6.217044408727982
3014945,8.512153885039913
3016727,6.455690784515259
3018509,11.478523210011291
3020291,10.416033743824231
3022073,10.989528219193025
3023855,7.8263474332179905
3025637,7.7791792610175525
3027419,7.937872216890189
3029201,7.840569099219874
3002472,7.640818744624506
3004254,5.935576887897965
3006036,6.854612731517033
3007818,10.326156499580327
3009600,11.050370984469325
3011382,4.9062293678512585
3013164,5.81681632388186
3014946,6.040774134600714
3016728,5.7856365826990315
3018510,6.620586180899178
3020292,10.098840267238405
3022074,10.570703345347248
3023856,5.334118024599669
3025638,5.595877794009429
3027420,6.106992983487257
3029202,6.570169450029965
3002473,0.02224049761085174
3004255,0.00157466685935903
3006037,0.0007603916933498472
3007819,0.0014849211211613947
3009601,0.0014774275498198508
3011383,0.0008284104651600094
3013165,0.0
3014947,0.0010730957952410898
3016729,0.0
3018511,0.0
3020293,0.001212669391537756
3022075,0.0006745791455530338
3023857,0.0
3025639,0.0003541709414664128
3027421,0.0031334911797344764
3029203,0.0057569286828928895
3002474,4.870206180139046
3004256,1.4375538531002212
3006038,1.338421520373598
3007820,5.094193903929493
3009602,5.698897691879136
3011384,4.5291328869383065
3013166,1.9489021132998428
3014948,4.299139415861745
3016730,2.825680444498984
3018512,2.820189555068365
3020294,3.739159559216189
3022076,4.221718530456397
3023858,2.50458118338395
3025640,1.2804215768741956
3027422,2.992876004622648
3029204,1.3374165325897394
3002475,2040.9237470238834
3004257,1608.9648077184945
3006039,1997.4236384342591
3007821,2316.9137958370216
3009603,2712.890616570918
3011385,1460.7007354289278
3013167,1301.8757337940117
3014949,1685.6546107723964
3016731,1507.993029724331
3018513,1782.7796220023763
3020295,1956.3271104302673
3022077,2015.231985155724
3023859,1532.5345483530455
3025641,1588.171254683081
3027423,1764.257143854936
3029205,1757.2147862168129
3002476,0.006638198431496792
3004258,0.0007323023542896606
3006040,0.0008442601473100012
3007822,0.00011046034283230247
3009604,0.000971984497287826
3011386,2.6300860358200785e-05
3013168,0.0
3014950,0.0004411222558745543
3016732,0.0
3018514,0.0006547640287795403
3020296,0.0
3022078,0.0
3023860,0.0
3025642,0.00016983671488101317
3027424,0.001873171779036141
3029206,0.0042374434058901345
3002477,490.68441790299113
3004259,373.2396116360148
3006041,484.3625519861044
3007823,564.5796917163226
3009605,649.6690018259109
3011387,369.78462162070247
3013169,324.9326807975445
3014951,424.68257905115047
3016733,366.077655701411
3018515,413.36350766333254
3020297,462.33254081087284
3022079,493.7947075300144
3023861,380.985560757368
3025643,388.71203265279723
3027425,446.7442868267564
3029207,445.0932949446798
3002478,6.819843643603444
3004260,5.9443201315868786
3006042,6.5182623544123395
3007824,10.026135442136065
3009606,6.4447623136433405
3011388,2.5605013531242906
3013170,3.8506803459893413
3014952,5.5140887956894415
3016734,5.614547272279147
3018516,6.555052644418313
3020298,9.021397925940072
3022080,6.64804353847148
3023862,3.834213465844966
3025644,4.753367774377673
3027426,5.778415434615972
3029208,6.163338827061938
3002479,950.443094508545
3004261,671.5692751253437
3006043,821.6053761659059
3007825,1014.7458108783572
3009607,1091.111472232167
3011389,659.7056915130256
3013171,621.8671942744037
3014953,792.8883754786897
3016735,678.6517460083263
3018517,789.705442130136
3020299,879.8578205248226
3022081,886.5216225174671
3023863,672.3310265453174
3025645,712.1486699134626
3027427,843.1084735712169
3029209,848.3472590318319
3002480,529.8356791832362
3004262,387.9423489518185
3006044,535.9855737878537
3007826,642.4592883267042
3009608,721.5359943852231
3011390,406.7982749653766
3013172,381.73023465532833
3014954,465.8482542142447
3016736,370.8685351137367
3018518,423.42077408129904
3020300,488.0027116518934
3022082,507.4779622985805
3023864,388.0869765450546
3025646,409.71239632508787
3027428,466.7453754804339
3029210,458.63411004730796
3002481,250.8082532864779
3004263,181.9434823839392
3006045,241.82224113958668
3007827,233.40955913765447
3009609,296.36206079430605
3011391,163.9039931587877
3013173,157.6109134285455
3014955,185.61292223102646
3016737,168.3681418802379
3018519,215.37972365246165
3020301,215.07940375987462
3022083,228.09382411308175
3023865,171.21796095309585
3025647,176.79866970286648
3027429,194.64503985057752
3029211,198.25375313065874
3002482,92.73641235259043
3004264,69.87265932044284
3006046,94.58114440809918
3007828,104.41261397798837
3009610,126.1207908987089
3011392,71.35015887259156
3013174,63.26595782898261
3014956,80.9848998093729
3016738,70.25903966499294
3018520,90.82118921633696
3020302,98.16683562308589
3022084,107.0191688683684
3023866,75.22202675588136
3025648,75.05762628183896
3027430,83.6698760925661
3029212,77.00421164814547
3002483,100.23504621236441
3004265,102.46763756533652
3006047,141.6784659508766
3007829,181.80229597094865
3009611,98.75129488644478
3011393,62.6912979527487
3013175,60.15211458623936
3014957,92.81376816369213
3016739,90.32159286231966
3018521,113.48784088417455
3020303,126.38491340579633
3022085,106.81346798687242
3023867,75.37712366849348
3025649,87.39796405651698
3027431,96.85377868564217
3029213,97.34101943846781
3002484,3094.651754628682
3004266,2261.791920672954
3006048,2934.435562060368
3007830,3666.1606208627422
3009612,3803.104136381907
3011394,2299.2643799855864
3013176,2064.458922945536
3014958,2565.0576819023004
3016740,2272.7057681695464
3018522,2627.966147853724
3020304,2957.099342586389
3022086,3058.7353251576374
3023868,2338.4628485161943
3025650,2411.220913969237
3027432,2763.8859598190734
3029214,2745.1967426113224
3002485,14.036203979904917
3004267,12.007484100520236
3006049,15.351320725006824
3007831,20.537348772062177
3009613,18.9886439534289
3011395,11.083100202477416
3013177,11.286603717655787
3014959,12.017563354565965
3016741,11.113201237346255
3018523,13.394809833287525
3020305,15.792925096820033
3022087,15.447196950374332
3023869,10.261585849710462
3025651,11.030473951491421
3027433,11.90212785829643
3029215,12.717848309525431
3002486,1.2590798497590607
3004268,0.9576610853550563
3006050,1.039990804375831
3007832,1.6772307290377266
3009614,1.8213578947924243
3011396,1.046337581044223
3013178,0.8816887486175041
3014960,1.1086570705371492
3016742,0.9474059242339964
3018524,0.9659550803441287
3020306,1.5181142736275384
3022088,1.9437594091862482
3023870,0.9081032491758508
3025652,0.936754324762687
3027434,1.1216963715616834
3029216,1.1335942735394726
3002487,29.951246201728537
3004269,21.85560845798422
3006051,27.225507832318403
3007833,31.266065170126023
3009615,33.23785888421367
3011397,17.51587700078757
3013179,18.154547215650297
3014961,22.052770840498994
3016743,25.781772569735733
3018525,27.27664075669128
3020307,34.076667671566845
3022089,25.720419806599562
3023871,17.912279723286037
3025653,16.708328844766683
3027435,22.49108865951241
3029217,24.85310824233082
3002488,28.60224414677458
3004270,15.538403557101745
3006052,13.539999658557768
3007834,26.46879649971886
3009616,24.03954509846791
3011398,12.95355416339972
3013180,16.518709961739606
3014962,17.668933760216927
3016744,14.076690548731142
3018526,17.85891179571892
3020308,21.92533009309683
3022090,22.830806163942963
3023872,13.223822557587146
3025654,16.678103176746177
3027436,18.78015205572741
3029218,18.518184704454274
3002489,0.03398709675643751
3004271,0.01976379910650335
3006053,0.020041543168383278
3007835,0.029231519245259786
3009617,0.032280131059341466
3011399,0.021669926042194584
3013181,0.014190963477527276
3014963,0.02159159363809489
3016745,0.012648483840870363
3018527,0.01635721950183212
3020309,0.023383255162358885
3022091,0.027803709029528074
3023873,0.014716080148959093
3025655,0.014795853729344754
3027437,0.0355883425291289
3029219,0.033837337374221545
3002490,204.96720421249472
3004272,151.6151476869229
3006054,171.11021889818144
3007836,233.95105140840096
3009618,280.56358372302265
3011400,165.34835304518109
3013182,136.1049611426525
3014964,157.1778349531297
3016746,137.2987593456221
3018528,148.4232185111288
3020310,181.94535111887535
3022092,192.09476468327156
3023874,140.16649093383293
3025656,146.04187438603753
3027438,165.0417669203217
3029220,155.88295231347982
3002491,6.791115730753887
3004273,5.568833419032722
3006055,6.786028091999117
3007837,13.255578716900141
3009619,16.696098314511456
3011401,6.241643414782419
3013183,6.068965633735455
3014965,5.640775374383733
3016747,5.260237772827664
3018529,5.739823156299264
3020311,10.927285958123761
3022093,12.651614790675453
3023875,5.557302913514532
3025657,5.582792425015562
3027439,5.645268009127335
3029221,5.434009736944687
3002492,23.064278281902535
3004274,7.296385898647432
3006056,12.453993895225347
3007838,14.92594987496099
3009620,12.361258590802366
3011402,6.162417392049018
3013184,6.932915658231728
3014966,13.077731582223535
3016748,7.911247580778848
3018530,12.672527736438914
3020312,15.42600471287466
3022094,12.16522103859399
3023876,6.503755018313498
3025658,7.451013661662351
3027440,12.371683001242614
3029222,8.342040291400943
3002493,14.169740671601831
3004275,4.709448214590256
3006057,4.8984413954648325
3007839,7.34029999685194
3009621,7.501675854402657
3011403,4.282382374855335
3013185,4.2988257738749
3014967,4.718953534677076
3016749,4.842385050734891
3018531,5.209621197313151
3020313,7.971207434906738
3022095,8.077867356963718
3023877,4.7134950429847144
3025659,4.943719412743903
3027441,5.497829343785123
3029223,5.708758721036165
3002494,76.66957991111393
3004276,74.97424235007573
3006058,111.70212494480911
3007840,132.34484245729016
3009622,57.94504889160655
3011404,31.593353279725928
3013186,25.774676697765646
3014968,57.10574797247716
3016750,48.791885743107606
3018532,70.47129582166234
3020314,78.57791273651118
3022096,47.8797719920315
3023878,27.810376312688664
3025660,35.072748951526876
3027442,54.4804356755806
3029224,51.59644368887499
3002495,4.605795094469333
3004277,3.70009240310165
3006059,4.305027173020577
3007841,6.789637979546204
3009623,7.044743991554963
3011405,3.3733188153470457
3013187,3.329041417134744
3014969,3.7169575701417084
3016751,3.4905560768367163
3018533,4.186767683354565
3020315,5.945621017582984
3022097,6.028912645182601
3023879,3.273026985396106
3025661,3.2525038734758858
3027443,3.2425692014179286
3029225,3.3989464774932743
3002496,277.0098231087177
3004278,205.54632918437403
3006060,461.49184390700356
3007842,304.2709603144519
3009624,309.42229844938794
3011406,176.69175108460104
3013188,159.4879710757131
3014970,224.28655120898597
3016752,197.7813913743524
3018534,298.47122916231115
3020316,239.60006851805693
3022098,257.95739716816985
3023880,199.49225560152772
3025662,203.87080578257806
3027444,234.96581326169374
3029226,228.73042730158338
3002497,234.693924485878
3004279,168.3860361603996
3006061,205.8573808986537
3007843,277.75738641083535
3009625,303.1117810998612
3011407,184.46037873988521
3013189,142.51550984011453
3014971,193.80199806380702
3016753,164.04920396995655
3018535,179.49953004594806
3020317,225.48027084043852
3022099,238.32603946197867
3023881,169.6000746276444
3025663,184.00401057839045
3027445,207.7926239577938
3029227,211.9601145557872
3002498,4.398880111965334
3004280,3.867167289892926
3006062,3.8028379245763566
3007844,6.218607036579397
3009626,6.737162916706263
3011408,3.9603070670782454
3013190,3.8941617231237635
3014972,4.03495459726869
3016754,3.5390542953851996
3018536,3.7192689882791874
3020318,5.7303451205634985
3022100,6.212076164943483
3023882,3.5774253449642024
3025664,3.387610511858304
3027446,3.7644127575112667
3029228,3.718435647784282
3002499,5.62479284351615
3004281,4.784275683142538
3006063,5.33279492548361
3007845,8.340542828254575
3009627,9.114271234103617
3011409,4.733047589575741
3013191,4.346967108835369
3014973,5.187029634895263
3016755,4.776936114067543
3018537,5.23485835024026
3020319,8.180627130673988
3022101,9.084209754500531
3023883,4.622205945110195
3025665,4.546751086287569
3027447,5.523851802172682
3029229,5.3969548782565
3002500,186.69813796388348
3004282,134.56299021097547
3006064,264.11582342416926
3007846,215.64689422315283
3009628,255.1926438899699
3011410,122.77628713241718
3013192,120.64953758025284
3014974,160.34571608847037
3016756,142.242437120037
3018538,203.87531081611732
3020320,185.63946317049007
3022102,198.1629255300845
3023884,139.99221739050515
3025666,147.8622026372956
3027448,168.40747706672494
3029230,163.39412021087915
3002501,74.36356608954858
3004283,55.03711655417647
3006065,65.80106937499686
3007847,75.93727544368494
3009629,79.68101972559157
3011411,47.24042065428356
3013193,43.505935659536895
3014975,63.01047687776748
3016757,56.53165947412513
3018539,61.39642525990255
3020321,66.97977865896551
3022103,68.40771529820631
3023885,50.52925021596992
3025667,53.16980312957704
3027449,63.80458581425095
3029231,61.024248732614886
3002502,2782.2317491919966
3004284,1389.6927200958835
3006066,1905.4786877374806
3007848,2160.952935875297
3009630,2194.0262197507805
3011412,1306.5304337412106
3013194,1134.013327941555
3014976,2209.798740816935
3016758,1350.804782823623
3018540,1666.8391321118527
3020322,1811.5561601610054
3022104,1849.133953250914
3023886,1410.4777431722077
3025668,1452.9383500574106
3027450,2320.6162709662512
3029232,1511.4157292682055
3002503,21.943408197825367
3004285,0.0
3006067,0.0
3007849,0.0
3009631,0.0
3011413,0.0
3013195,0.0
3014977,0.0
3016759,0.22410222863139398
3018541,0.23069196491747612
3020323,0.3092223733026926
3022105,0.43868700555887363
3023887,0.18563979252551224
3025669,0.18421345161821376
3027451,0.2701095444873676
3029233,0.3073489991795522
3002504,3.652228537452841
3004286,3.0946259221118417
3006068,4.973391841710932
3007850,5.919239424139255
3009632,6.957140699459754
3011414,3.8025778927117355
3013196,3.2237059012081386
3014978,3.4778782577246794
3016760,3.241717086790352
3018542,5.820592904843193
3020324,5.505666622153487
3022106,6.101689396051937
3023888,3.5168016635305626
3025670,4.226015643240325
3027452,4.409164858415104
3029234,3.4746975434041594
3002505,5.257014260538381
3004287,4.966772179205068
3006069,6.012400858643116
3007851,8.824175778445001
3009633,9.473101387467429
3011415,4.859446004932778
3013197,5.2850090575498045
3014979,5.307580096989896
3016761,5.430553556157903
3018543,5.707123172616478
3020325,8.335175569697821
3022107,9.17223711763224
3023889,4.870131760318944
3025671,5.460235054407946
3027453,5.19384372501377
3029235,5.637493261003233
3002506,0.006131369489296666
3004288,0.0017207838024970495
3006070,0.0017622937887657355
3007852,0.004777016941992331
3009634,0.006383950430264137
3011416,0.0030437458638210685
3013198,0.0017299233470250992
3014980,0.0003714392914388352
3016762,0.0
3018544,0.0
3020326,0.0035386967254788953
3022108,0.004413619472541872
3023890,0.0012162770516403376
3025672,0.0014022801668510023
3027454,0.0020437244036066193
3029236,0.002719453058462813
3002507,3.0932858487363077
3004289,0.06845381678094048
3006071,0.07505887320650824
3007853,0.09165890881819494
3009635,1.6469684778700515
3011417,1.1571504496891765
3013199,1.204231227410666
3014981,0.0
3016763,0.06060362673894413
3018545,0.06608433078431478
3020327,0.1032221032814532
3022109,0.15318005224643474
3023891,0.11418860139182656
3025673,1.5420965544560576
3027455,0.26749289896647316
3029237,0.33659224020052386
3002508,2972.6238216104375
3004290,3786.9274082410557
3006072,3621.0475389328853
3007854,4335.732111122178
3009636,5652.831659585198
3011418,3884.661357375777
3013200,3694.7691202706587
3014982,3616.047548190543
3016764,3627.5622475860096
3018546,4223.327478077707
3020328,5292.4533053122805
3022110,5633.21499335526
3023892,3904.2310257483136
3025674,3925.1076503890054
3027456,3828.7866542411575
3029238,4218.580497794804
3002509,0.00513011621799455
3004291,0.0015802157420130548
3006073,0.0018489306336907524
3007855,0.003335698680193351
3009637,0.007367471567963008
3011419,0.003229317502894343
3013201,0.0012405402072132392
3014983,2.453251224592726e-05
3016765,0.0
3018547,0.0
3020329,0.003243642702986244
3022111,0.005529806643654868
3023893,0.000993494953716933
3025675,0.0009412342548581217
3027457,0.001244383094249152
3029239,0.002701948682411073
3002510,229.07493770366617
3004292,182.83124568696516
3006074,184.02720894689605
3007856,256.8731684293271
3009638,425.6832968018609
3011420,230.28439560785435
3013202,247.69376301192509
3014984,184.25896622633505
3016766,184.74931154319668
3018548,191.47878489195273
3020330,238.7153511931997
3022112,279.4712514484104
3023894,204.31542757760135
3025676,202.7745830183072
3027458,197.35678703865128
3029240,214.2289688901958
3002511,3.904084602210306
3004293,3.69808234955982
3006075,4.158384164065689
3007857,5.537174529438784
3009639,3.9059859739186003
3011421,2.302269495458854
3013203,3.070528426723705
3014985,3.1278280428774736
3016767,3.4391506085321857
3018549,3.7663242306275557
3020331,5.528637231926234
3022113,4.275415343014802
3023895,2.4949609670356456
3025677,3.041199890793345
3027459,3.2050810320515963
3029241,3.599332165340936
3002512,958.3984295227214
3004294,804.8760547477037
3006076,827.6146177295645
3007858,1183.6641260715858
3009640,1681.984955419245
3011422,969.0078104934311
3013204,1106.92840920311
3014986,821.6838778289485
3016768,834.4277665827859
3018550,914.0222889153703
3020332,1080.0071557272522
3022114,1131.9922998920556
3023896,902.6050312027552
3025678,879.1219025499046
3027460,881.5231292104337
3029242,996.7217509840398
3002513,293.08021886665
3004295,208.58332688821665
3006077,235.30808073626005
3007859,286.689134583366
3009641,418.700152543364
3011423,265.18788972894663
3013205,239.49392562219649
3014987,246.61032437778638
3016769,206.8468212718551
3018551,219.3624110383939
3020333,282.5460385724325
3022115,307.8766727720467
3023897,234.9161978343502
3025679,235.64988415866875
3027461,261.3787107003597
3029243,251.7119834917369
3002514,217.4718201347554
3004296,169.8279958173297
3006078,204.7380280489343
3007860,244.53225841565074
3009642,325.1684030046257
3011424,196.58029213462305
3013206,195.78975689610274
3014988,164.8661579716576
3016770,162.0217608455463
3018552,193.57808553551033
3020334,210.75555940563382
3022116,231.5130087027828
3023898,182.49496163771303
3025680,183.84259362731618
3027462,178.61257537772192
3029244,196.06248105133056
3002515,57.97099590149305
3004297,56.247071315009144
3006079,65.62789742830984
3007861,83.38292538923177
3009643,103.42113551612344
3011425,98.68518688951936
3013207,70.0778616209568
3014989,46.00119807492553
3016771,47.577720953827566
3018553,48.437944156112714
3020335,61.43886696359608
3022117,69.59698911438528
3023899,69.06692823657276
3025681,54.992602231367506
3027463,47.87559594797427
3029245,50.11576982673686
3002516,26.105398144237373
3004298,26.83925471360109
3006080,32.46742037716669
3007862,53.2383607397303
3009644,38.50672823367693
3011426,22.23093834389678
3013208,25.66600006301015
3014990,23.544399019768246
3016772,25.09495737536967
3018554,29.835481292136308
3020336,51.792460866598894
3022118,34.13283889196396
3023900,22.28900999497975
3025682,24.11175566293834
3027464,23.80495631169398
3029246,27.832400856988656
3002517,3631.7583136145527
3004299,2867.387013122438
3006081,3233.3800906318734
3007863,4360.524080140501
3009645,5008.809510679382
3011427,3199.948195175166
3013209,3389.782435708979
3014991,2835.6017225638657
3016773,2829.8501246578276
3018555,3179.6858550906327
3020337,3854.5187846070075
3022119,4080.227621363338
3023901,3085.567197007365
3025683,3131.1269123958477
3027465,2996.994066181452
3029247,3342.5161424698617
3002518,9.882820588108522
3004300,10.337697148817258
3006082,9.919946299148888
3007864,14.630218294226912
3009646,18.29122411497724
3011428,10.850183815182978
3013210,10.269989921973023
3014992,11.211237205132457
3016774,11.832913052331472
3018556,12.955060718903086
3020338,16.963698969580438
3022120,18.153580238019305
3023902,11.900800130164273
3025684,11.695491922770822
3027466,11.428457476390067
3029248,12.441475677526396
3002519,0.5808418007405957
3004301,0.5275171487727927
3006083,0.5873921820453367
3007865,0.8995731011384603
3009647,1.1172415944312686
3011429,0.5936170560922073
3013211,0.2133381996178946
3014993,0.5554149271585519
3016775,0.5274751981382925
3018557,0.5669747203433994
3020339,1.043158602894195
3022121,1.1490131743293166
3023903,0.6075131304571312
3025685,0.4639079800490826
3027467,0.6036575716848286
3029249,0.6707466207821717
3002520,20.732631911623567
3004302,19.313464473287798
3006084,20.358985509331557
3007866,28.055687259505515
3009648,33.6368485074078
3011430,26.200504614690573
3013212,16.149002895358493
3014994,14.153516389316477
3016776,16.216252667362188
3018558,18.63940866734141
3020340,29.639889220071428
3022122,25.17950142704471
3023904,17.71885238850047
3025686,20.1216325793836
3027468,14.984856483437518
3029250,16.819623289653425
3002521,14.102540538388013
3004303,7.410453478770298
3006085,7.573592456715825
3007867,11.803214578276602
3009649,13.90969463520191
3011431,12.076080863970482
3013213,10.09582073632721
3014995,7.168708263623782
3016777,7.944255652550466
3018559,8.54906509249193
3020341,12.408967614238184
3022123,13.567547147107218
3023905,8.943929609721648
3025687,9.127027632640711
3027469,7.590756658654612
3029251,9.977444218833773
3002522,0.10459864013597274
3004304,0.10921623337075097
3006086,0.05837569903880139
3007868,0.08589908054426776
3009650,0.10490358762775596
3011432,0.06738401735934096
3013214,0.06286304839171099
3014996,0.10102831141755508
3016778,0.10113194013713318
3018560,0.058304473904934546
3020342,0.07931864723672165
3022124,0.08571807098110167
3023906,0.07261011091571853
3025688,0.06935542291908338
3027470,0.09393937695922548
3029252,0.09567590309613072
3002523,202.7378237587013
3004305,170.75270286753184
3006087,160.86611721317752
3007869,252.70865197103407
3009651,324.33495526311634
3011433,173.7241944594069
3013215,178.2656854417261
3014997,162.0268765826014
3016779,161.40926308991703
3018561,160.97077261613677
3020343,215.7538489152062
3022125,235.64571453981583
3023907,174.79678363101038
3025689,172.28872760883857
3027471,170.5121629560648
3029253,188.45760865753894
3002524,0.008169224340513091
3004306,0.002801526527000123
3006088,0.0037242240128512205
3007870,0.002020511305317693
3009652,0.0030882865427042413
3011434,0.004562500950789131
3013216,0.0019225323479002217
3014998,0.0009319644165253046
3016780,0.0008167905869148536
3018562,0.001560520086762148
3020344,0.0
3022126,0.0005148733041876308
3023908,0.0
3025690,0.0
3027472,0.0006367519566475009
3029254,0.004421648222476954
3002525,200.34976645433008
3004307,0.0
3006089,0.0
3007871,0.0
3009653,0.0
3011435,0.0
3013217,0.0
3014999,0.0
3016781,0.005462642055240135
3018563,0.009018082473900844
3020345,0.015966801776638194
3022127,0.014764095856598604
3023909,0.009604316774130426
3025691,0.009887897367106855
3027473,0.0119713326560078
3029255,0.018709703385606635
3002526,8.356791061866504
3004308,2.565091044410893
3006090,2.6787624826051064
3007872,4.011226686080132
3009654,3.5587798047689874
3011436,2.403071608200484
3013218,2.4601527658222557
3015000,2.437333009932084
3016782,3.0700363462038287
3018564,3.480785462028513
3020346,4.959004469268327
3022128,4.817104711809168
3023910,3.098612971886416
3025692,3.308226652348312
3027474,3.109843634580597
3029256,3.2086320291494617
3002527,36.38950285605643
3004309,14.835700998345985
3006091,25.29944832325313
3007873,37.995414470980954
3009655,16.940755577498752
3011437,9.028274902291628
3013219,38.847386076671604
3015001,11.471376544266898
3016783,11.832385365947388
3018565,23.40074994731131
3020347,21.071218796439215
3022129,15.560607209233078
3023911,10.551302832579239
3025693,16.060442440456224
3027475,19.24463600329138
3029257,16.685299001773114
3002528,0.907400978847178
3004310,0.8417165076397829
3006092,0.9406234144765473
3007874,1.3694518244838463
3009656,1.586289139415739
3011438,0.9683348783767171
3013220,0.9230632994659169
3015002,0.7394901085435027
3016784,0.7632556154910392
3018566,0.8640066194948032
3020348,1.2814938967833198
3022130,1.4337989387881256
3023912,0.7123692677310994
3025694,0.7597711853526857
3027476,0.6334441287673673
3029258,0.765535846939124
3002529,46.95223817595798
3004311,60.62189344338184
3006093,47.79918895487797
3007875,59.707645925425005
3009657,69.2564040534818
3011439,54.29407384448532
3013221,51.329348094525564
3015003,41.47011565106867
3016785,52.863431630833794
3018567,43.84705408540086
3020349,52.57297617749632
3022131,56.70566293157386
3023913,46.49218428864106
3025695,46.87488351755445
3027477,42.220334154389214
3029259,55.85155468362896
3002530,166.41652565789798
3004312,150.85661625495234
3006094,145.7227032647411
3007876,212.98084848524357
3009658,280.5678008352315
3011440,182.42010721736474
3013222,164.34860280799487
3015004,150.69999975883445
3016786,142.48954138141977
3018568,153.21165427293496
3020350,201.00870407361813
3022132,214.64083657352083
3023914,167.75582025217025
3025696,166.86206596303472
3027478,151.17542558767227
3029260,183.24111200481693
3002531,0.0287353171145272
3004313,0.02663095784893343
3006095,0.024824485827030163
3007877,0.039185699573766435
3009659,0.1310436198634847
3011441,0.0314787129140076
3013223,0.029138074380395906
3015005,0.027385734944663436
3016787,0.026597200596690105
3018569,0.026773688730165557
3020351,0.03566182031670484
3022133,0.0404279291684444
3023915,0.024820207264727168
3025697,0.012551775193526779
3027479,0.014474878930332563
3029261,0.023528379416407563
3002532,1.6846837709940934
3004314,1.5225747434716237
3006096,1.5613925387386558
3007878,2.170502731945554
3009660,2.4359782675951065
3011442,1.5048041687080707
3013224,1.6219622726198686
3015006,1.41104416790897
3016788,1.3716920193746003
3018570,1.5355038112528627
3020352,2.290355747926198
3022134,2.332736544171939
3023916,1.4824170585901009
3025698,1.5609419268900602
3027480,1.6108443564065638
3029262,1.843643031175258
3002533,52.878710523066296
3004315,53.93150879337273
3006097,70.0067634336823
3007879,76.99304184914081
3009661,76.62201582854249
3011443,51.68238903509941
3013225,52.84467098917681
3015007,49.820707785649404
3016789,55.3944642297787
3018571,64.9366742589537
3020353,70.66571100962754
3022135,73.18719141670998
3023917,53.86774690042831
3025699,53.92946556668966
3027481,52.645951121716394
3029263,56.97108263380078
3002534,77.16422544873357
3004316,74.76127979545147
3006098,75.4361755786305
3007880,100.19162856983179
3009662,115.75042415883405
3011444,99.39513555951055
3013226,87.37021204682985
3015008,76.62651052071705
3016790,77.29998828778692
3018572,80.10520309908937
3020354,94.5790741906876
3022136,101.93096056376946
3023918,86.60924937927086
3025700,85.61108525108902
3027482,80.14595899800155
3029264,85.44818788807157
3002535,771.190839672672
3004317,485.8536938301756
3006099,547.7235162247217
3007881,718.3220513223478
3009663,873.4141625280108
3011445,543.0845390838695
3013227,887.982781201295
3015009,540.5600986121146
3016791,564.3650919368355
3018573,626.8534760903425
3020355,739.5315867138464
3022137,776.6866130642314
3023919,613.1322446043647
3025701,765.7717115424039
3027483,572.2239604578598
3029265,638.1419327074154
3002536,157.29297287402233
3004318,0.0
3006100,0.0
3007882,0.0
3009664,0.0
3011446,0.0
3013228,0.0
3015010,0.0
3016792,0.0012182792849811709
3018574,0.00193451033267712
3020356,0.008225937116439958
3022138,0.010309470091632762
3023920,0.00725668773639664
3025702,0.00746436586476585
3027484,0.008106956327792457
3029266,0.014229606339543366
3002537,1.802876248924126
3004319,1.0243584210817782
3006101,0.9041450097629546
3007883,2.27033746842941
3009665,1.5951426701628308
3011447,1.2085210383172889
3013229,1.6253286329255936
3015011,0.9711337604476004
3016793,0.9064111505742428
3018575,0.8270542708908031
3020357,2.180949268608027
3022139,1.3447024524969688
3023921,0.961321359089044
3025703,1.3452568335869295
3027485,1.0566338960695127
3029267,1.1628430182668734
